run,head,class_index,class,ap_percent
seed0-fusion-flat-evidence,agentness,0,agentness,65.3644790649414
seed0-fusion-flat-evidence,agent,0,Ped,65.67159271240234
seed0-fusion-flat-evidence,agent,1,Car,62.94348907470703
seed0-fusion-flat-evidence,agent,2,Cyc,13.659136772155762
seed0-fusion-flat-evidence,agent,3,Mobike,41.83154296875
seed0-fusion-flat-evidence,agent,4,SmalVeh,0.02811187319457531
seed0-fusion-flat-evidence,agent,5,MedVeh,33.943809509277344
seed0-fusion-flat-evidence,agent,6,LarVeh,22.92780113220215
seed0-fusion-flat-evidence,agent,7,Bus,46.70212936401367
seed0-fusion-flat-evidence,agent,8,EmVeh,0.005572479218244553
seed0-fusion-flat-evidence,agent,9,TL,64.73817443847656
seed0-fusion-flat-evidence,action,0,Red,63.052154541015625
seed0-fusion-flat-evidence,action,1,Amber,15.894729614257812
seed0-fusion-flat-evidence,action,2,Green,49.29930114746094
seed0-fusion-flat-evidence,action,3,MovAway,40.642337799072266
seed0-fusion-flat-evidence,action,4,MovTow,35.2822151184082
seed0-fusion-flat-evidence,action,5,Mov,9.921391487121582
seed0-fusion-flat-evidence,action,6,Rev,0.4202684462070465
seed0-fusion-flat-evidence,action,7,Brake,45.57093811035156
seed0-fusion-flat-evidence,action,8,Stop,53.36336135864258
seed0-fusion-flat-evidence,action,9,IncatLft,5.881829738616943
seed0-fusion-flat-evidence,action,10,IncatRht,2.4197633266448975
seed0-fusion-flat-evidence,action,11,HazLit,5.788004398345947
seed0-fusion-flat-evidence,action,12,TurLft,6.195747375488281
seed0-fusion-flat-evidence,action,13,TurRht,5.580118656158447
seed0-fusion-flat-evidence,action,14,MovRht,0.7972618937492371
seed0-fusion-flat-evidence,action,15,MovLft,0.9304028749465942
seed0-fusion-flat-evidence,action,16,Ovtak,0.117025226354599
seed0-fusion-flat-evidence,action,17,Wait2X,19.563098907470703
seed0-fusion-flat-evidence,action,18,XingFmLft,14.976435661315918
seed0-fusion-flat-evidence,action,19,XingFmRht,16.83051109313965
seed0-fusion-flat-evidence,action,20,Xing,23.868736267089844
seed0-fusion-flat-evidence,action,21,PushObj,2.5643115043640137
seed0-fusion-flat-evidence,loc,0,VehLane,34.61636734008789
seed0-fusion-flat-evidence,loc,1,OutgoLane,42.258323669433594
seed0-fusion-flat-evidence,loc,2,OutgoCycLane,0.2236277461051941
seed0-fusion-flat-evidence,loc,3,OutgoBusLane,2.5423583984375
seed0-fusion-flat-evidence,loc,4,IncomLane,39.67634582519531
seed0-fusion-flat-evidence,loc,5,IncomCycLane,0.6766996383666992
seed0-fusion-flat-evidence,loc,6,IncomBusLane,20.451276779174805
seed0-fusion-flat-evidence,loc,7,Pav,9.973236083984375
seed0-fusion-flat-evidence,loc,8,LftPav,35.41192626953125
seed0-fusion-flat-evidence,loc,9,RhtPav,42.05305862426758
seed0-fusion-flat-evidence,loc,10,Jun,29.14482879638672
seed0-fusion-flat-evidence,loc,11,xing,15.48927116394043
seed0-fusion-flat-evidence,loc,12,BusStop,3.414686918258667
seed0-fusion-flat-evidence,loc,13,parking,2.9546172618865967
seed0-fusion-flat-evidence,loc,14,LftParking,42.53826904296875
seed0-fusion-flat-evidence,loc,15,rightParking,42.51779556274414
seed0-fusion-flat-evidence,duplex,0,Ped-MovAway,28.506061553955078
seed0-fusion-flat-evidence,duplex,1,Ped-MovTow,33.75058364868164
seed0-fusion-flat-evidence,duplex,2,Ped-Mov,15.35952377319336
seed0-fusion-flat-evidence,duplex,3,Ped-Stop,29.756704330444336
seed0-fusion-flat-evidence,duplex,4,Ped-Wait2X,29.99117088317871
seed0-fusion-flat-evidence,duplex,5,Ped-XingFmLft,20.25356674194336
seed0-fusion-flat-evidence,duplex,6,Ped-XingFmRht,25.90822410583496
seed0-fusion-flat-evidence,duplex,7,Ped-Xing,29.018362045288086
seed0-fusion-flat-evidence,duplex,8,Ped-PushObj,5.308405876159668
seed0-fusion-flat-evidence,duplex,9,Car-MovAway,46.102603912353516
seed0-fusion-flat-evidence,duplex,10,Car-MovTow,36.1368408203125
seed0-fusion-flat-evidence,duplex,11,Car-Brake,40.139068603515625
seed0-fusion-flat-evidence,duplex,12,Car-Stop,52.42766571044922
seed0-fusion-flat-evidence,duplex,13,Car-IncatLft,9.991021156311035
seed0-fusion-flat-evidence,duplex,14,Car-IncatRht,3.413466453552246
seed0-fusion-flat-evidence,duplex,15,Car-HazLit,1.4938836097717285
seed0-fusion-flat-evidence,duplex,16,Car-TurLft,8.579446792602539
seed0-fusion-flat-evidence,duplex,17,Car-TurRht,7.3757758140563965
seed0-fusion-flat-evidence,duplex,18,Car-MovRht,1.4181926250457764
seed0-fusion-flat-evidence,duplex,19,Car-MovLft,1.0578558444976807
seed0-fusion-flat-evidence,duplex,20,Car-XingFmLft,12.998747825622559
seed0-fusion-flat-evidence,duplex,21,Car-XingFmRht,11.553207397460938
seed0-fusion-flat-evidence,duplex,22,Cyc-MovAway,7.027573585510254
seed0-fusion-flat-evidence,duplex,23,Cyc-MovTow,2.2791988849639893
seed0-fusion-flat-evidence,duplex,24,Cyc-Stop,0.20223407447338104
seed0-fusion-flat-evidence,duplex,25,Mobike-Stop,23.77824592590332
seed0-fusion-flat-evidence,duplex,26,MedVeh-MovAway,21.233240127563477
seed0-fusion-flat-evidence,duplex,27,MedVeh-MovTow,8.026023864746094
seed0-fusion-flat-evidence,duplex,28,MedVeh-Brake,16.157485961914062
seed0-fusion-flat-evidence,duplex,29,MedVeh-Stop,17.889049530029297
seed0-fusion-flat-evidence,duplex,30,MedVeh-IncatLft,4.385562419891357
seed0-fusion-flat-evidence,duplex,31,MedVeh-IncatRht,0.8819401264190674
seed0-fusion-flat-evidence,duplex,32,MedVeh-HazLit,2.328669786453247
seed0-fusion-flat-evidence,duplex,33,MedVeh-TurRht,6.668550491333008
seed0-fusion-flat-evidence,duplex,34,MedVeh-XingFmLft,9.766043663024902
seed0-fusion-flat-evidence,duplex,35,MedVeh-XingFmRht,10.205320358276367
seed0-fusion-flat-evidence,duplex,36,LarVeh-MovAway,4.498452663421631
seed0-fusion-flat-evidence,duplex,37,LarVeh-MovTow,7.57749605178833
seed0-fusion-flat-evidence,duplex,38,LarVeh-Stop,18.259077072143555
seed0-fusion-flat-evidence,duplex,39,LarVeh-HazLit,17.35759925842285
seed0-fusion-flat-evidence,duplex,40,Bus-MovAway,28.40032386779785
seed0-fusion-flat-evidence,duplex,41,Bus-MovTow,33.932151794433594
seed0-fusion-flat-evidence,duplex,42,Bus-Brake,24.717777252197266
seed0-fusion-flat-evidence,duplex,43,Bus-Stop,20.02935028076172
seed0-fusion-flat-evidence,duplex,44,Bus-HazLit,21.183109283447266
seed0-fusion-flat-evidence,duplex,45,EmVeh-Stop,0.005633807275444269
seed0-fusion-flat-evidence,duplex,46,TL-Red,62.564186096191406
seed0-fusion-flat-evidence,duplex,47,TL-Amber,22.487594604492188
seed0-fusion-flat-evidence,duplex,48,TL-Green,47.31537628173828
seed0-fusion-flat-evidence,triplet,0,Ped-MovAway-LftPav,17.54743194580078
seed0-fusion-flat-evidence,triplet,1,Ped-MovAway-RhtPav,24.42447853088379
seed0-fusion-flat-evidence,triplet,2,Ped-MovAway-Jun,0.7015522122383118
seed0-fusion-flat-evidence,triplet,3,Ped-MovTow-LftPav,25.147811889648438
seed0-fusion-flat-evidence,triplet,4,Ped-MovTow-RhtPav,28.053203582763672
seed0-fusion-flat-evidence,triplet,5,Ped-MovTow-Jun,0.557339072227478
seed0-fusion-flat-evidence,triplet,6,Ped-Mov-OutgoLane,9.24686050415039
seed0-fusion-flat-evidence,triplet,7,Ped-Mov-Pav,10.7948637008667
seed0-fusion-flat-evidence,triplet,8,Ped-Mov-RhtPav,4.325396537780762
seed0-fusion-flat-evidence,triplet,9,Ped-Stop-OutgoLane,11.79549789428711
seed0-fusion-flat-evidence,triplet,10,Ped-Stop-Pav,3.8256983757019043
seed0-fusion-flat-evidence,triplet,11,Ped-Stop-LftPav,22.465190887451172
seed0-fusion-flat-evidence,triplet,12,Ped-Stop-RhtPav,16.395814895629883
seed0-fusion-flat-evidence,triplet,13,Ped-Stop-BusStop,3.8759918212890625
seed0-fusion-flat-evidence,triplet,14,Ped-Wait2X-RhtPav,7.173305034637451
seed0-fusion-flat-evidence,triplet,15,Ped-Wait2X-Jun,24.357255935668945
seed0-fusion-flat-evidence,triplet,16,Ped-XingFmLft-Jun,19.319299697875977
seed0-fusion-flat-evidence,triplet,17,Ped-XingFmRht-Jun,24.666275024414062
seed0-fusion-flat-evidence,triplet,18,Ped-XingFmRht-xing,8.905683517456055
seed0-fusion-flat-evidence,triplet,19,Ped-Xing-Jun,20.701431274414062
seed0-fusion-flat-evidence,triplet,20,Ped-PushObj-LftPav,0.0693986788392067
seed0-fusion-flat-evidence,triplet,21,Ped-PushObj-RhtPav,1.0803272724151611
seed0-fusion-flat-evidence,triplet,22,Car-MovAway-VehLane,23.233915328979492
seed0-fusion-flat-evidence,triplet,23,Car-MovAway-OutgoLane,40.57858657836914
seed0-fusion-flat-evidence,triplet,24,Car-MovAway-Jun,12.00413703918457
seed0-fusion-flat-evidence,triplet,25,Car-MovTow-VehLane,0.1190379336476326
seed0-fusion-flat-evidence,triplet,26,Car-MovTow-IncomLane,38.270973205566406
seed0-fusion-flat-evidence,triplet,27,Car-MovTow-Jun,8.692814826965332
seed0-fusion-flat-evidence,triplet,28,Car-Brake-VehLane,37.08821105957031
seed0-fusion-flat-evidence,triplet,29,Car-Brake-OutgoLane,33.753868103027344
seed0-fusion-flat-evidence,triplet,30,Car-Brake-Jun,21.44603729248047
seed0-fusion-flat-evidence,triplet,31,Car-Stop-VehLane,38.24714660644531
seed0-fusion-flat-evidence,triplet,32,Car-Stop-OutgoLane,26.467117309570312
seed0-fusion-flat-evidence,triplet,33,Car-Stop-IncomLane,24.56777000427246
seed0-fusion-flat-evidence,triplet,34,Car-Stop-Jun,24.7603816986084
seed0-fusion-flat-evidence,triplet,35,Car-Stop-parking,2.048640251159668
seed0-fusion-flat-evidence,triplet,36,Car-IncatLft-VehLane,14.92778205871582
seed0-fusion-flat-evidence,triplet,37,Car-IncatLft-OutgoLane,3.7045650482177734
seed0-fusion-flat-evidence,triplet,38,Car-IncatLft-IncomLane,6.5177836418151855
seed0-fusion-flat-evidence,triplet,39,Car-IncatLft-Jun,6.83511209487915
seed0-fusion-flat-evidence,triplet,40,Car-IncatRht-VehLane,1.3564261198043823
seed0-fusion-flat-evidence,triplet,41,Car-IncatRht-OutgoLane,2.264845848083496
seed0-fusion-flat-evidence,triplet,42,Car-IncatRht-IncomLane,0.8651592135429382
seed0-fusion-flat-evidence,triplet,43,Car-IncatRht-Jun,1.5478615760803223
seed0-fusion-flat-evidence,triplet,44,Car-HazLit-IncomLane,0.032464612275362015
seed0-fusion-flat-evidence,triplet,45,Car-TurLft-VehLane,1.0242838859558105
seed0-fusion-flat-evidence,triplet,46,Car-TurLft-Jun,7.911004066467285
seed0-fusion-flat-evidence,triplet,47,Car-TurRht-Jun,6.227762222290039
seed0-fusion-flat-evidence,triplet,48,Car-MovRht-OutgoLane,0.8603659272193909
seed0-fusion-flat-evidence,triplet,49,Car-MovLft-VehLane,0.7344731092453003
seed0-fusion-flat-evidence,triplet,50,Car-MovLft-OutgoLane,0.9677889347076416
seed0-fusion-flat-evidence,triplet,51,Car-XingFmLft-Jun,12.83141040802002
seed0-fusion-flat-evidence,triplet,52,Car-XingFmRht-Jun,11.601445198059082
seed0-fusion-flat-evidence,triplet,53,Cyc-MovAway-OutgoCycLane,0.4384132921695709
seed0-fusion-flat-evidence,triplet,54,Cyc-MovAway-RhtPav,0.0044968025758862495
seed0-fusion-flat-evidence,triplet,55,Cyc-MovTow-IncomLane,0.763175368309021
seed0-fusion-flat-evidence,triplet,56,Cyc-MovTow-RhtPav,0.0
seed0-fusion-flat-evidence,triplet,57,MedVeh-MovAway-VehLane,20.8740291595459
seed0-fusion-flat-evidence,triplet,58,MedVeh-MovAway-OutgoLane,12.35704231262207
seed0-fusion-flat-evidence,triplet,59,MedVeh-MovAway-Jun,8.391589164733887
seed0-fusion-flat-evidence,triplet,60,MedVeh-MovTow-IncomLane,9.072556495666504
seed0-fusion-flat-evidence,triplet,61,MedVeh-MovTow-Jun,5.027805805206299
seed0-fusion-flat-evidence,triplet,62,MedVeh-Brake-VehLane,10.045350074768066
seed0-fusion-flat-evidence,triplet,63,MedVeh-Brake-OutgoLane,9.598860740661621
seed0-fusion-flat-evidence,triplet,64,MedVeh-Brake-Jun,20.686647415161133
seed0-fusion-flat-evidence,triplet,65,MedVeh-Stop-VehLane,12.89066219329834
seed0-fusion-flat-evidence,triplet,66,MedVeh-Stop-OutgoLane,7.708835124969482
seed0-fusion-flat-evidence,triplet,67,MedVeh-Stop-IncomLane,1.2085199356079102
seed0-fusion-flat-evidence,triplet,68,MedVeh-Stop-Jun,13.295659065246582
seed0-fusion-flat-evidence,triplet,69,MedVeh-Stop-parking,0.1231032982468605
seed0-fusion-flat-evidence,triplet,70,MedVeh-IncatLft-IncomLane,0.2890126705169678
seed0-fusion-flat-evidence,triplet,71,MedVeh-IncatRht-Jun,0.9222765564918518
seed0-fusion-flat-evidence,triplet,72,MedVeh-TurRht-Jun,1.3019920587539673
seed0-fusion-flat-evidence,triplet,73,MedVeh-XingFmLft-Jun,10.056163787841797
seed0-fusion-flat-evidence,triplet,74,MedVeh-XingFmRht-Jun,10.23438835144043
seed0-fusion-flat-evidence,triplet,75,LarVeh-MovAway-VehLane,0.19011127948760986
seed0-fusion-flat-evidence,triplet,76,LarVeh-MovTow-IncomLane,6.607112884521484
seed0-fusion-flat-evidence,triplet,77,LarVeh-Stop-VehLane,2.196011781692505
seed0-fusion-flat-evidence,triplet,78,LarVeh-Stop-Jun,10.067733764648438
seed0-fusion-flat-evidence,triplet,79,Bus-MovAway-OutgoLane,6.30817174911499
seed0-fusion-flat-evidence,triplet,80,Bus-MovTow-IncomLane,20.12892723083496
seed0-fusion-flat-evidence,triplet,81,Bus-Stop-VehLane,26.499963760375977
seed0-fusion-flat-evidence,triplet,82,Bus-Stop-OutgoLane,15.480695724487305
seed0-fusion-flat-evidence,triplet,83,Bus-Stop-IncomLane,2.4994964599609375
seed0-fusion-flat-evidence,triplet,84,Bus-Stop-Jun,7.811129570007324
seed0-fusion-flat-evidence,triplet,85,Bus-HazLit-OutgoLane,5.097707748413086
seed0-fusion-shuffled,agentness,0,agentness,65.3644790649414
seed0-fusion-shuffled,agent,0,Ped,65.67159271240234
seed0-fusion-shuffled,agent,1,Car,62.94348907470703
seed0-fusion-shuffled,agent,2,Cyc,13.659136772155762
seed0-fusion-shuffled,agent,3,Mobike,41.83154296875
seed0-fusion-shuffled,agent,4,SmalVeh,0.02811187319457531
seed0-fusion-shuffled,agent,5,MedVeh,33.943809509277344
seed0-fusion-shuffled,agent,6,LarVeh,22.92780113220215
seed0-fusion-shuffled,agent,7,Bus,46.70212936401367
seed0-fusion-shuffled,agent,8,EmVeh,0.005572479218244553
seed0-fusion-shuffled,agent,9,TL,64.73817443847656
seed0-fusion-shuffled,action,0,Red,63.052154541015625
seed0-fusion-shuffled,action,1,Amber,15.894729614257812
seed0-fusion-shuffled,action,2,Green,49.29930114746094
seed0-fusion-shuffled,action,3,MovAway,40.642337799072266
seed0-fusion-shuffled,action,4,MovTow,35.2822151184082
seed0-fusion-shuffled,action,5,Mov,9.921391487121582
seed0-fusion-shuffled,action,6,Rev,0.4202684462070465
seed0-fusion-shuffled,action,7,Brake,45.57093811035156
seed0-fusion-shuffled,action,8,Stop,53.36336135864258
seed0-fusion-shuffled,action,9,IncatLft,5.881829738616943
seed0-fusion-shuffled,action,10,IncatRht,2.4197633266448975
seed0-fusion-shuffled,action,11,HazLit,5.788004398345947
seed0-fusion-shuffled,action,12,TurLft,6.195747375488281
seed0-fusion-shuffled,action,13,TurRht,5.580118656158447
seed0-fusion-shuffled,action,14,MovRht,0.7972618937492371
seed0-fusion-shuffled,action,15,MovLft,0.9304028749465942
seed0-fusion-shuffled,action,16,Ovtak,0.117025226354599
seed0-fusion-shuffled,action,17,Wait2X,19.563098907470703
seed0-fusion-shuffled,action,18,XingFmLft,14.976435661315918
seed0-fusion-shuffled,action,19,XingFmRht,16.83051109313965
seed0-fusion-shuffled,action,20,Xing,23.868736267089844
seed0-fusion-shuffled,action,21,PushObj,2.5643115043640137
seed0-fusion-shuffled,loc,0,VehLane,34.61636734008789
seed0-fusion-shuffled,loc,1,OutgoLane,42.258323669433594
seed0-fusion-shuffled,loc,2,OutgoCycLane,0.2236277461051941
seed0-fusion-shuffled,loc,3,OutgoBusLane,2.5423583984375
seed0-fusion-shuffled,loc,4,IncomLane,39.67634582519531
seed0-fusion-shuffled,loc,5,IncomCycLane,0.6766996383666992
seed0-fusion-shuffled,loc,6,IncomBusLane,20.451276779174805
seed0-fusion-shuffled,loc,7,Pav,9.973236083984375
seed0-fusion-shuffled,loc,8,LftPav,35.41192626953125
seed0-fusion-shuffled,loc,9,RhtPav,42.05305862426758
seed0-fusion-shuffled,loc,10,Jun,29.14482879638672
seed0-fusion-shuffled,loc,11,xing,15.48927116394043
seed0-fusion-shuffled,loc,12,BusStop,3.414686918258667
seed0-fusion-shuffled,loc,13,parking,2.9546172618865967
seed0-fusion-shuffled,loc,14,LftParking,42.53826904296875
seed0-fusion-shuffled,loc,15,rightParking,42.51779556274414
seed0-fusion-shuffled,duplex,0,Ped-MovAway,28.31991195678711
seed0-fusion-shuffled,duplex,1,Ped-MovTow,34.07545471191406
seed0-fusion-shuffled,duplex,2,Ped-Mov,15.333824157714844
seed0-fusion-shuffled,duplex,3,Ped-Stop,29.881879806518555
seed0-fusion-shuffled,duplex,4,Ped-Wait2X,31.646726608276367
seed0-fusion-shuffled,duplex,5,Ped-XingFmLft,20.989830017089844
seed0-fusion-shuffled,duplex,6,Ped-XingFmRht,25.619905471801758
seed0-fusion-shuffled,duplex,7,Ped-Xing,28.6359920501709
seed0-fusion-shuffled,duplex,8,Ped-PushObj,3.9889585971832275
seed0-fusion-shuffled,duplex,9,Car-MovAway,45.91399383544922
seed0-fusion-shuffled,duplex,10,Car-MovTow,35.8614501953125
seed0-fusion-shuffled,duplex,11,Car-Brake,39.99806594848633
seed0-fusion-shuffled,duplex,12,Car-Stop,52.468441009521484
seed0-fusion-shuffled,duplex,13,Car-IncatLft,10.222091674804688
seed0-fusion-shuffled,duplex,14,Car-IncatRht,2.9756832122802734
seed0-fusion-shuffled,duplex,15,Car-HazLit,0.9954711198806763
seed0-fusion-shuffled,duplex,16,Car-TurLft,7.102850914001465
seed0-fusion-shuffled,duplex,17,Car-TurRht,6.855553150177002
seed0-fusion-shuffled,duplex,18,Car-MovRht,1.307419776916504
seed0-fusion-shuffled,duplex,19,Car-MovLft,1.2070930004119873
seed0-fusion-shuffled,duplex,20,Car-XingFmLft,12.8126802444458
seed0-fusion-shuffled,duplex,21,Car-XingFmRht,12.34456729888916
seed0-fusion-shuffled,duplex,22,Cyc-MovAway,4.071709632873535
seed0-fusion-shuffled,duplex,23,Cyc-MovTow,2.2657668590545654
seed0-fusion-shuffled,duplex,24,Cyc-Stop,1.0870224237442017
seed0-fusion-shuffled,duplex,25,Mobike-Stop,20.800657272338867
seed0-fusion-shuffled,duplex,26,MedVeh-MovAway,19.393030166625977
seed0-fusion-shuffled,duplex,27,MedVeh-MovTow,8.344563484191895
seed0-fusion-shuffled,duplex,28,MedVeh-Brake,11.361214637756348
seed0-fusion-shuffled,duplex,29,MedVeh-Stop,18.544145584106445
seed0-fusion-shuffled,duplex,30,MedVeh-IncatLft,2.324054002761841
seed0-fusion-shuffled,duplex,31,MedVeh-IncatRht,0.7049856185913086
seed0-fusion-shuffled,duplex,32,MedVeh-HazLit,6.441188335418701
seed0-fusion-shuffled,duplex,33,MedVeh-TurRht,2.0696215629577637
seed0-fusion-shuffled,duplex,34,MedVeh-XingFmLft,9.345187187194824
seed0-fusion-shuffled,duplex,35,MedVeh-XingFmRht,9.109935760498047
seed0-fusion-shuffled,duplex,36,LarVeh-MovAway,1.5583385229110718
seed0-fusion-shuffled,duplex,37,LarVeh-MovTow,5.752251625061035
seed0-fusion-shuffled,duplex,38,LarVeh-Stop,17.242774963378906
seed0-fusion-shuffled,duplex,39,LarVeh-HazLit,24.742612838745117
seed0-fusion-shuffled,duplex,40,Bus-MovAway,27.57365608215332
seed0-fusion-shuffled,duplex,41,Bus-MovTow,25.451248168945312
seed0-fusion-shuffled,duplex,42,Bus-Brake,22.009599685668945
seed0-fusion-shuffled,duplex,43,Bus-Stop,22.473264694213867
seed0-fusion-shuffled,duplex,44,Bus-HazLit,23.973243713378906
seed0-fusion-shuffled,duplex,45,EmVeh-Stop,0.0016612702747806907
seed0-fusion-shuffled,duplex,46,TL-Red,62.19282150268555
seed0-fusion-shuffled,duplex,47,TL-Amber,24.668140411376953
seed0-fusion-shuffled,duplex,48,TL-Green,47.31386947631836
seed0-fusion-shuffled,triplet,0,Ped-MovAway-LftPav,16.481657028198242
seed0-fusion-shuffled,triplet,1,Ped-MovAway-RhtPav,24.34529685974121
seed0-fusion-shuffled,triplet,2,Ped-MovAway-Jun,0.4750060737133026
seed0-fusion-shuffled,triplet,3,Ped-MovTow-LftPav,23.676145553588867
seed0-fusion-shuffled,triplet,4,Ped-MovTow-RhtPav,28.286457061767578
seed0-fusion-shuffled,triplet,5,Ped-MovTow-Jun,1.9741121530532837
seed0-fusion-shuffled,triplet,6,Ped-Mov-OutgoLane,1.7523146867752075
seed0-fusion-shuffled,triplet,7,Ped-Mov-Pav,10.454901695251465
seed0-fusion-shuffled,triplet,8,Ped-Mov-RhtPav,3.967285633087158
seed0-fusion-shuffled,triplet,9,Ped-Stop-OutgoLane,5.561635494232178
seed0-fusion-shuffled,triplet,10,Ped-Stop-Pav,3.796032428741455
seed0-fusion-shuffled,triplet,11,Ped-Stop-LftPav,22.375465393066406
seed0-fusion-shuffled,triplet,12,Ped-Stop-RhtPav,15.538779258728027
seed0-fusion-shuffled,triplet,13,Ped-Stop-BusStop,3.889326810836792
seed0-fusion-shuffled,triplet,14,Ped-Wait2X-RhtPav,9.264596939086914
seed0-fusion-shuffled,triplet,15,Ped-Wait2X-Jun,26.42967987060547
seed0-fusion-shuffled,triplet,16,Ped-XingFmLft-Jun,20.2454891204834
seed0-fusion-shuffled,triplet,17,Ped-XingFmRht-Jun,24.46585464477539
seed0-fusion-shuffled,triplet,18,Ped-XingFmRht-xing,19.1336612701416
seed0-fusion-shuffled,triplet,19,Ped-Xing-Jun,21.314743041992188
seed0-fusion-shuffled,triplet,20,Ped-PushObj-LftPav,0.06564334034919739
seed0-fusion-shuffled,triplet,21,Ped-PushObj-RhtPav,0.8144878149032593
seed0-fusion-shuffled,triplet,22,Car-MovAway-VehLane,23.174999237060547
seed0-fusion-shuffled,triplet,23,Car-MovAway-OutgoLane,40.20330810546875
seed0-fusion-shuffled,triplet,24,Car-MovAway-Jun,11.611470222473145
seed0-fusion-shuffled,triplet,25,Car-MovTow-VehLane,0.10666736215353012
seed0-fusion-shuffled,triplet,26,Car-MovTow-IncomLane,38.14717102050781
seed0-fusion-shuffled,triplet,27,Car-MovTow-Jun,9.175429344177246
seed0-fusion-shuffled,triplet,28,Car-Brake-VehLane,36.74071502685547
seed0-fusion-shuffled,triplet,29,Car-Brake-OutgoLane,33.51299285888672
seed0-fusion-shuffled,triplet,30,Car-Brake-Jun,20.77816390991211
seed0-fusion-shuffled,triplet,31,Car-Stop-VehLane,37.550750732421875
seed0-fusion-shuffled,triplet,32,Car-Stop-OutgoLane,27.974746704101562
seed0-fusion-shuffled,triplet,33,Car-Stop-IncomLane,24.41280174255371
seed0-fusion-shuffled,triplet,34,Car-Stop-Jun,23.42716407775879
seed0-fusion-shuffled,triplet,35,Car-Stop-parking,2.0811564922332764
seed0-fusion-shuffled,triplet,36,Car-IncatLft-VehLane,15.66907024383545
seed0-fusion-shuffled,triplet,37,Car-IncatLft-OutgoLane,3.4028372764587402
seed0-fusion-shuffled,triplet,38,Car-IncatLft-IncomLane,5.944278240203857
seed0-fusion-shuffled,triplet,39,Car-IncatLft-Jun,6.175996780395508
seed0-fusion-shuffled,triplet,40,Car-IncatRht-VehLane,1.6240655183792114
seed0-fusion-shuffled,triplet,41,Car-IncatRht-OutgoLane,1.9226226806640625
seed0-fusion-shuffled,triplet,42,Car-IncatRht-IncomLane,0.43510857224464417
seed0-fusion-shuffled,triplet,43,Car-IncatRht-Jun,1.1010067462921143
seed0-fusion-shuffled,triplet,44,Car-HazLit-IncomLane,0.06208544969558716
seed0-fusion-shuffled,triplet,45,Car-TurLft-VehLane,0.7792937755584717
seed0-fusion-shuffled,triplet,46,Car-TurLft-Jun,6.556000709533691
seed0-fusion-shuffled,triplet,47,Car-TurRht-Jun,5.7126078605651855
seed0-fusion-shuffled,triplet,48,Car-MovRht-OutgoLane,0.843264102935791
seed0-fusion-shuffled,triplet,49,Car-MovLft-VehLane,0.7183340191841125
seed0-fusion-shuffled,triplet,50,Car-MovLft-OutgoLane,1.3842042684555054
seed0-fusion-shuffled,triplet,51,Car-XingFmLft-Jun,12.99050521850586
seed0-fusion-shuffled,triplet,52,Car-XingFmRht-Jun,12.290063858032227
seed0-fusion-shuffled,triplet,53,Cyc-MovAway-OutgoCycLane,0.4305553436279297
seed0-fusion-shuffled,triplet,54,Cyc-MovAway-RhtPav,0.0011953976936638355
seed0-fusion-shuffled,triplet,55,Cyc-MovTow-IncomLane,0.5056586265563965
seed0-fusion-shuffled,triplet,56,Cyc-MovTow-RhtPav,0.0
seed0-fusion-shuffled,triplet,57,MedVeh-MovAway-VehLane,17.47859764099121
seed0-fusion-shuffled,triplet,58,MedVeh-MovAway-OutgoLane,12.716338157653809
seed0-fusion-shuffled,triplet,59,MedVeh-MovAway-Jun,4.316103458404541
seed0-fusion-shuffled,triplet,60,MedVeh-MovTow-IncomLane,9.855096817016602
seed0-fusion-shuffled,triplet,61,MedVeh-MovTow-Jun,6.067403793334961
seed0-fusion-shuffled,triplet,62,MedVeh-Brake-VehLane,9.037839889526367
seed0-fusion-shuffled,triplet,63,MedVeh-Brake-OutgoLane,10.023188591003418
seed0-fusion-shuffled,triplet,64,MedVeh-Brake-Jun,14.063339233398438
seed0-fusion-shuffled,triplet,65,MedVeh-Stop-VehLane,7.490998268127441
seed0-fusion-shuffled,triplet,66,MedVeh-Stop-OutgoLane,11.18342113494873
seed0-fusion-shuffled,triplet,67,MedVeh-Stop-IncomLane,2.26973557472229
seed0-fusion-shuffled,triplet,68,MedVeh-Stop-Jun,10.549370765686035
seed0-fusion-shuffled,triplet,69,MedVeh-Stop-parking,0.20894527435302734
seed0-fusion-shuffled,triplet,70,MedVeh-IncatLft-IncomLane,0.4723498821258545
seed0-fusion-shuffled,triplet,71,MedVeh-IncatRht-Jun,0.09954001009464264
seed0-fusion-shuffled,triplet,72,MedVeh-TurRht-Jun,1.1200772523880005
seed0-fusion-shuffled,triplet,73,MedVeh-XingFmLft-Jun,10.467389106750488
seed0-fusion-shuffled,triplet,74,MedVeh-XingFmRht-Jun,9.622686386108398
seed0-fusion-shuffled,triplet,75,LarVeh-MovAway-VehLane,0.2394338995218277
seed0-fusion-shuffled,triplet,76,LarVeh-MovTow-IncomLane,6.07863187789917
seed0-fusion-shuffled,triplet,77,LarVeh-Stop-VehLane,3.6031949520111084
seed0-fusion-shuffled,triplet,78,LarVeh-Stop-Jun,11.38436222076416
seed0-fusion-shuffled,triplet,79,Bus-MovAway-OutgoLane,9.049522399902344
seed0-fusion-shuffled,triplet,80,Bus-MovTow-IncomLane,23.473512649536133
seed0-fusion-shuffled,triplet,81,Bus-Stop-VehLane,42.740821838378906
seed0-fusion-shuffled,triplet,82,Bus-Stop-OutgoLane,12.00094223022461
seed0-fusion-shuffled,triplet,83,Bus-Stop-IncomLane,0.8777896165847778
seed0-fusion-shuffled,triplet,84,Bus-Stop-Jun,8.671143531799316
seed0-fusion-shuffled,triplet,85,Bus-HazLit-OutgoLane,4.137160778045654
seed0-head-flat,agentness,0,agentness,65.3644790649414
seed0-head-flat,agent,0,Ped,65.67159271240234
seed0-head-flat,agent,1,Car,62.94348907470703
seed0-head-flat,agent,2,Cyc,13.659136772155762
seed0-head-flat,agent,3,Mobike,41.83154296875
seed0-head-flat,agent,4,SmalVeh,0.02811187319457531
seed0-head-flat,agent,5,MedVeh,33.943809509277344
seed0-head-flat,agent,6,LarVeh,22.92780113220215
seed0-head-flat,agent,7,Bus,46.70212936401367
seed0-head-flat,agent,8,EmVeh,0.005572479218244553
seed0-head-flat,agent,9,TL,64.73817443847656
seed0-head-flat,action,0,Red,63.052154541015625
seed0-head-flat,action,1,Amber,15.894729614257812
seed0-head-flat,action,2,Green,49.29930114746094
seed0-head-flat,action,3,MovAway,40.642337799072266
seed0-head-flat,action,4,MovTow,35.2822151184082
seed0-head-flat,action,5,Mov,9.921391487121582
seed0-head-flat,action,6,Rev,0.4202684462070465
seed0-head-flat,action,7,Brake,45.57093811035156
seed0-head-flat,action,8,Stop,53.36336135864258
seed0-head-flat,action,9,IncatLft,5.881829738616943
seed0-head-flat,action,10,IncatRht,2.4197633266448975
seed0-head-flat,action,11,HazLit,5.788004398345947
seed0-head-flat,action,12,TurLft,6.195747375488281
seed0-head-flat,action,13,TurRht,5.580118656158447
seed0-head-flat,action,14,MovRht,0.7972618937492371
seed0-head-flat,action,15,MovLft,0.9304028749465942
seed0-head-flat,action,16,Ovtak,0.117025226354599
seed0-head-flat,action,17,Wait2X,19.563098907470703
seed0-head-flat,action,18,XingFmLft,14.976435661315918
seed0-head-flat,action,19,XingFmRht,16.83051109313965
seed0-head-flat,action,20,Xing,23.868736267089844
seed0-head-flat,action,21,PushObj,2.5643115043640137
seed0-head-flat,loc,0,VehLane,34.61636734008789
seed0-head-flat,loc,1,OutgoLane,42.258323669433594
seed0-head-flat,loc,2,OutgoCycLane,0.2236277461051941
seed0-head-flat,loc,3,OutgoBusLane,2.5423583984375
seed0-head-flat,loc,4,IncomLane,39.67634582519531
seed0-head-flat,loc,5,IncomCycLane,0.6766996383666992
seed0-head-flat,loc,6,IncomBusLane,20.451276779174805
seed0-head-flat,loc,7,Pav,9.973236083984375
seed0-head-flat,loc,8,LftPav,35.41192626953125
seed0-head-flat,loc,9,RhtPav,42.05305862426758
seed0-head-flat,loc,10,Jun,29.14482879638672
seed0-head-flat,loc,11,xing,15.48927116394043
seed0-head-flat,loc,12,BusStop,3.414686918258667
seed0-head-flat,loc,13,parking,2.9546172618865967
seed0-head-flat,loc,14,LftParking,42.53826904296875
seed0-head-flat,loc,15,rightParking,42.51779556274414
seed0-head-flat,duplex,0,Ped-MovAway,26.805795669555664
seed0-head-flat,duplex,1,Ped-MovTow,31.918109893798828
seed0-head-flat,duplex,2,Ped-Mov,11.214095115661621
seed0-head-flat,duplex,3,Ped-Stop,25.031940460205078
seed0-head-flat,duplex,4,Ped-Wait2X,23.866666793823242
seed0-head-flat,duplex,5,Ped-XingFmLft,17.749767303466797
seed0-head-flat,duplex,6,Ped-XingFmRht,23.59406089782715
seed0-head-flat,duplex,7,Ped-Xing,20.138565063476562
seed0-head-flat,duplex,8,Ped-PushObj,2.4285433292388916
seed0-head-flat,duplex,9,Car-MovAway,41.952117919921875
seed0-head-flat,duplex,10,Car-MovTow,32.830623626708984
seed0-head-flat,duplex,11,Car-Brake,32.3521614074707
seed0-head-flat,duplex,12,Car-Stop,50.6900749206543
seed0-head-flat,duplex,13,Car-IncatLft,2.52907657623291
seed0-head-flat,duplex,14,Car-IncatRht,2.5042037963867188
seed0-head-flat,duplex,15,Car-HazLit,0.6409404873847961
seed0-head-flat,duplex,16,Car-TurLft,5.727050304412842
seed0-head-flat,duplex,17,Car-TurRht,5.638368606567383
seed0-head-flat,duplex,18,Car-MovRht,0.7317008376121521
seed0-head-flat,duplex,19,Car-MovLft,1.1427642107009888
seed0-head-flat,duplex,20,Car-XingFmLft,11.894522666931152
seed0-head-flat,duplex,21,Car-XingFmRht,7.742454528808594
seed0-head-flat,duplex,22,Cyc-MovAway,5.569009780883789
seed0-head-flat,duplex,23,Cyc-MovTow,2.047788619995117
seed0-head-flat,duplex,24,Cyc-Stop,1.1902251243591309
seed0-head-flat,duplex,25,Mobike-Stop,18.109792709350586
seed0-head-flat,duplex,26,MedVeh-MovAway,13.748248100280762
seed0-head-flat,duplex,27,MedVeh-MovTow,6.274808883666992
seed0-head-flat,duplex,28,MedVeh-Brake,10.597845077514648
seed0-head-flat,duplex,29,MedVeh-Stop,16.480758666992188
seed0-head-flat,duplex,30,MedVeh-IncatLft,2.6486692428588867
seed0-head-flat,duplex,31,MedVeh-IncatRht,0.35085636377334595
seed0-head-flat,duplex,32,MedVeh-HazLit,3.9029126167297363
seed0-head-flat,duplex,33,MedVeh-TurRht,2.842344284057617
seed0-head-flat,duplex,34,MedVeh-XingFmLft,6.439200401306152
seed0-head-flat,duplex,35,MedVeh-XingFmRht,5.392947196960449
seed0-head-flat,duplex,36,LarVeh-MovAway,2.195974826812744
seed0-head-flat,duplex,37,LarVeh-MovTow,8.58419418334961
seed0-head-flat,duplex,38,LarVeh-Stop,16.263702392578125
seed0-head-flat,duplex,39,LarVeh-HazLit,7.234683990478516
seed0-head-flat,duplex,40,Bus-MovAway,27.36086654663086
seed0-head-flat,duplex,41,Bus-MovTow,23.700855255126953
seed0-head-flat,duplex,42,Bus-Brake,17.752994537353516
seed0-head-flat,duplex,43,Bus-Stop,19.408981323242188
seed0-head-flat,duplex,44,Bus-HazLit,30.8692626953125
seed0-head-flat,duplex,45,EmVeh-Stop,0.3522511124610901
seed0-head-flat,duplex,46,TL-Red,64.21924591064453
seed0-head-flat,duplex,47,TL-Amber,13.628068923950195
seed0-head-flat,duplex,48,TL-Green,50.117156982421875
seed0-head-flat,triplet,0,Ped-MovAway-LftPav,14.361555099487305
seed0-head-flat,triplet,1,Ped-MovAway-RhtPav,21.9238338470459
seed0-head-flat,triplet,2,Ped-MovAway-Jun,0.03717164322733879
seed0-head-flat,triplet,3,Ped-MovTow-LftPav,21.796720504760742
seed0-head-flat,triplet,4,Ped-MovTow-RhtPav,23.993446350097656
seed0-head-flat,triplet,5,Ped-MovTow-Jun,2.2852253913879395
seed0-head-flat,triplet,6,Ped-Mov-OutgoLane,1.8804937601089478
seed0-head-flat,triplet,7,Ped-Mov-Pav,9.695854187011719
seed0-head-flat,triplet,8,Ped-Mov-RhtPav,2.8814492225646973
seed0-head-flat,triplet,9,Ped-Stop-OutgoLane,6.64566707611084
seed0-head-flat,triplet,10,Ped-Stop-Pav,4.250115394592285
seed0-head-flat,triplet,11,Ped-Stop-LftPav,19.80565643310547
seed0-head-flat,triplet,12,Ped-Stop-RhtPav,14.819501876831055
seed0-head-flat,triplet,13,Ped-Stop-BusStop,3.586151599884033
seed0-head-flat,triplet,14,Ped-Wait2X-RhtPav,2.204702377319336
seed0-head-flat,triplet,15,Ped-Wait2X-Jun,18.8493595123291
seed0-head-flat,triplet,16,Ped-XingFmLft-Jun,18.983219146728516
seed0-head-flat,triplet,17,Ped-XingFmRht-Jun,21.593984603881836
seed0-head-flat,triplet,18,Ped-XingFmRht-xing,0.9228505492210388
seed0-head-flat,triplet,19,Ped-Xing-Jun,18.313438415527344
seed0-head-flat,triplet,20,Ped-PushObj-LftPav,0.02284853346645832
seed0-head-flat,triplet,21,Ped-PushObj-RhtPav,0.25958654284477234
seed0-head-flat,triplet,22,Car-MovAway-VehLane,19.50716781616211
seed0-head-flat,triplet,23,Car-MovAway-OutgoLane,34.66220474243164
seed0-head-flat,triplet,24,Car-MovAway-Jun,9.698297500610352
seed0-head-flat,triplet,25,Car-MovTow-VehLane,0.03264230862259865
seed0-head-flat,triplet,26,Car-MovTow-IncomLane,34.4849967956543
seed0-head-flat,triplet,27,Car-MovTow-Jun,6.946276664733887
seed0-head-flat,triplet,28,Car-Brake-VehLane,31.842876434326172
seed0-head-flat,triplet,29,Car-Brake-OutgoLane,28.262836456298828
seed0-head-flat,triplet,30,Car-Brake-Jun,15.477474212646484
seed0-head-flat,triplet,31,Car-Stop-VehLane,34.07465362548828
seed0-head-flat,triplet,32,Car-Stop-OutgoLane,19.665742874145508
seed0-head-flat,triplet,33,Car-Stop-IncomLane,17.054292678833008
seed0-head-flat,triplet,34,Car-Stop-Jun,18.85865020751953
seed0-head-flat,triplet,35,Car-Stop-parking,2.0002012252807617
seed0-head-flat,triplet,36,Car-IncatLft-VehLane,14.101471900939941
seed0-head-flat,triplet,37,Car-IncatLft-OutgoLane,1.8039708137512207
seed0-head-flat,triplet,38,Car-IncatLft-IncomLane,6.707366466522217
seed0-head-flat,triplet,39,Car-IncatLft-Jun,3.887390613555908
seed0-head-flat,triplet,40,Car-IncatRht-VehLane,1.5203299522399902
seed0-head-flat,triplet,41,Car-IncatRht-OutgoLane,1.3684080839157104
seed0-head-flat,triplet,42,Car-IncatRht-IncomLane,0.37751951813697815
seed0-head-flat,triplet,43,Car-IncatRht-Jun,1.4973996877670288
seed0-head-flat,triplet,44,Car-HazLit-IncomLane,0.004010397009551525
seed0-head-flat,triplet,45,Car-TurLft-VehLane,0.6247648596763611
seed0-head-flat,triplet,46,Car-TurLft-Jun,6.956362724304199
seed0-head-flat,triplet,47,Car-TurRht-Jun,4.826430797576904
seed0-head-flat,triplet,48,Car-MovRht-OutgoLane,0.6936895251274109
seed0-head-flat,triplet,49,Car-MovLft-VehLane,0.4068503975868225
seed0-head-flat,triplet,50,Car-MovLft-OutgoLane,0.5919869542121887
seed0-head-flat,triplet,51,Car-XingFmLft-Jun,13.008636474609375
seed0-head-flat,triplet,52,Car-XingFmRht-Jun,7.964378833770752
seed0-head-flat,triplet,53,Cyc-MovAway-OutgoCycLane,0.009180024266242981
seed0-head-flat,triplet,54,Cyc-MovAway-RhtPav,0.0011246554786339402
seed0-head-flat,triplet,55,Cyc-MovTow-IncomLane,0.15328636765480042
seed0-head-flat,triplet,56,Cyc-MovTow-RhtPav,0.0
seed0-head-flat,triplet,57,MedVeh-MovAway-VehLane,7.233648300170898
seed0-head-flat,triplet,58,MedVeh-MovAway-OutgoLane,8.527183532714844
seed0-head-flat,triplet,59,MedVeh-MovAway-Jun,0.5875753164291382
seed0-head-flat,triplet,60,MedVeh-MovTow-IncomLane,5.034116268157959
seed0-head-flat,triplet,61,MedVeh-MovTow-Jun,2.988568067550659
seed0-head-flat,triplet,62,MedVeh-Brake-VehLane,5.959108829498291
seed0-head-flat,triplet,63,MedVeh-Brake-OutgoLane,7.1531171798706055
seed0-head-flat,triplet,64,MedVeh-Brake-Jun,12.562070846557617
seed0-head-flat,triplet,65,MedVeh-Stop-VehLane,1.3707393407821655
seed0-head-flat,triplet,66,MedVeh-Stop-OutgoLane,3.349386692047119
seed0-head-flat,triplet,67,MedVeh-Stop-IncomLane,1.7004203796386719
seed0-head-flat,triplet,68,MedVeh-Stop-Jun,7.678042888641357
seed0-head-flat,triplet,69,MedVeh-Stop-parking,0.231489896774292
seed0-head-flat,triplet,70,MedVeh-IncatLft-IncomLane,0.2699240446090698
seed0-head-flat,triplet,71,MedVeh-IncatRht-Jun,0.005942280404269695
seed0-head-flat,triplet,72,MedVeh-TurRht-Jun,0.32582202553749084
seed0-head-flat,triplet,73,MedVeh-XingFmLft-Jun,4.830546855926514
seed0-head-flat,triplet,74,MedVeh-XingFmRht-Jun,4.062740325927734
seed0-head-flat,triplet,75,LarVeh-MovAway-VehLane,0.07129992544651031
seed0-head-flat,triplet,76,LarVeh-MovTow-IncomLane,5.015059471130371
seed0-head-flat,triplet,77,LarVeh-Stop-VehLane,0.844612717628479
seed0-head-flat,triplet,78,LarVeh-Stop-Jun,30.33247184753418
seed0-head-flat,triplet,79,Bus-MovAway-OutgoLane,2.950503349304199
seed0-head-flat,triplet,80,Bus-MovTow-IncomLane,26.200191497802734
seed0-head-flat,triplet,81,Bus-Stop-VehLane,34.322113037109375
seed0-head-flat,triplet,82,Bus-Stop-OutgoLane,3.3670623302459717
seed0-head-flat,triplet,83,Bus-Stop-IncomLane,2.0794243812561035
seed0-head-flat,triplet,84,Bus-Stop-Jun,2.06479549407959
seed0-head-flat,triplet,85,Bus-HazLit-OutgoLane,0.44797125458717346
seed0-head-phrase,agentness,0,agentness,65.3644790649414
seed0-head-phrase,agent,0,Ped,65.67159271240234
seed0-head-phrase,agent,1,Car,62.94348907470703
seed0-head-phrase,agent,2,Cyc,13.659136772155762
seed0-head-phrase,agent,3,Mobike,41.83154296875
seed0-head-phrase,agent,4,SmalVeh,0.02811187319457531
seed0-head-phrase,agent,5,MedVeh,33.943809509277344
seed0-head-phrase,agent,6,LarVeh,22.92780113220215
seed0-head-phrase,agent,7,Bus,46.70212936401367
seed0-head-phrase,agent,8,EmVeh,0.005572479218244553
seed0-head-phrase,agent,9,TL,64.73817443847656
seed0-head-phrase,action,0,Red,59.18851852416992
seed0-head-phrase,action,1,Amber,5.231896877288818
seed0-head-phrase,action,2,Green,37.539527893066406
seed0-head-phrase,action,3,MovAway,39.70962905883789
seed0-head-phrase,action,4,MovTow,32.42413330078125
seed0-head-phrase,action,5,Mov,9.984736442565918
seed0-head-phrase,action,6,Rev,0.37438705563545227
seed0-head-phrase,action,7,Brake,46.75165557861328
seed0-head-phrase,action,8,Stop,54.58946228027344
seed0-head-phrase,action,9,IncatLft,4.842623233795166
seed0-head-phrase,action,10,IncatRht,2.56392765045166
seed0-head-phrase,action,11,HazLit,7.394827365875244
seed0-head-phrase,action,12,TurLft,5.6822991371154785
seed0-head-phrase,action,13,TurRht,6.914477348327637
seed0-head-phrase,action,14,MovRht,1.0952917337417603
seed0-head-phrase,action,15,MovLft,1.425545334815979
seed0-head-phrase,action,16,Ovtak,0.37118077278137207
seed0-head-phrase,action,17,Wait2X,21.01666831970215
seed0-head-phrase,action,18,XingFmLft,14.753938674926758
seed0-head-phrase,action,19,XingFmRht,16.999755859375
seed0-head-phrase,action,20,Xing,22.377901077270508
seed0-head-phrase,action,21,PushObj,5.760006427764893
seed0-head-phrase,loc,0,VehLane,34.48760223388672
seed0-head-phrase,loc,1,OutgoLane,41.169498443603516
seed0-head-phrase,loc,2,OutgoCycLane,0.4938490092754364
seed0-head-phrase,loc,3,OutgoBusLane,3.1541554927825928
seed0-head-phrase,loc,4,IncomLane,39.6815299987793
seed0-head-phrase,loc,5,IncomCycLane,0.6718460321426392
seed0-head-phrase,loc,6,IncomBusLane,6.823100566864014
seed0-head-phrase,loc,7,Pav,7.9656982421875
seed0-head-phrase,loc,8,LftPav,23.531869888305664
seed0-head-phrase,loc,9,RhtPav,34.43083190917969
seed0-head-phrase,loc,10,Jun,34.77273941040039
seed0-head-phrase,loc,11,xing,10.416794776916504
seed0-head-phrase,loc,12,BusStop,10.39536190032959
seed0-head-phrase,loc,13,parking,2.421083927154541
seed0-head-phrase,loc,14,LftParking,30.814128875732422
seed0-head-phrase,loc,15,rightParking,30.20840072631836
seed0-head-phrase,duplex,0,Ped-MovAway,21.681150436401367
seed0-head-phrase,duplex,1,Ped-MovTow,26.174283981323242
seed0-head-phrase,duplex,2,Ped-Mov,9.840978622436523
seed0-head-phrase,duplex,3,Ped-Stop,24.78725814819336
seed0-head-phrase,duplex,4,Ped-Wait2X,25.29474449157715
seed0-head-phrase,duplex,5,Ped-XingFmLft,17.55738639831543
seed0-head-phrase,duplex,6,Ped-XingFmRht,22.024442672729492
seed0-head-phrase,duplex,7,Ped-Xing,21.31136703491211
seed0-head-phrase,duplex,8,Ped-PushObj,5.781167507171631
seed0-head-phrase,duplex,9,Car-MovAway,39.63211441040039
seed0-head-phrase,duplex,10,Car-MovTow,26.355379104614258
seed0-head-phrase,duplex,11,Car-Brake,39.52867126464844
seed0-head-phrase,duplex,12,Car-Stop,49.70771408081055
seed0-head-phrase,duplex,13,Car-IncatLft,7.559800148010254
seed0-head-phrase,duplex,14,Car-IncatRht,2.608520984649658
seed0-head-phrase,duplex,15,Car-HazLit,1.6410651206970215
seed0-head-phrase,duplex,16,Car-TurLft,5.924523830413818
seed0-head-phrase,duplex,17,Car-TurRht,6.289153099060059
seed0-head-phrase,duplex,18,Car-MovRht,1.0357277393341064
seed0-head-phrase,duplex,19,Car-MovLft,0.9075195789337158
seed0-head-phrase,duplex,20,Car-XingFmLft,10.379851341247559
seed0-head-phrase,duplex,21,Car-XingFmRht,10.40088176727295
seed0-head-phrase,duplex,22,Cyc-MovAway,5.334442615509033
seed0-head-phrase,duplex,23,Cyc-MovTow,1.3566583395004272
seed0-head-phrase,duplex,24,Cyc-Stop,0.7904617190361023
seed0-head-phrase,duplex,25,Mobike-Stop,24.394941329956055
seed0-head-phrase,duplex,26,MedVeh-MovAway,12.256653785705566
seed0-head-phrase,duplex,27,MedVeh-MovTow,4.757946014404297
seed0-head-phrase,duplex,28,MedVeh-Brake,14.44919204711914
seed0-head-phrase,duplex,29,MedVeh-Stop,17.83985137939453
seed0-head-phrase,duplex,30,MedVeh-IncatLft,0.886087954044342
seed0-head-phrase,duplex,31,MedVeh-IncatRht,1.0257731676101685
seed0-head-phrase,duplex,32,MedVeh-HazLit,3.3579766750335693
seed0-head-phrase,duplex,33,MedVeh-TurRht,2.4425530433654785
seed0-head-phrase,duplex,34,MedVeh-XingFmLft,8.85170841217041
seed0-head-phrase,duplex,35,MedVeh-XingFmRht,9.151604652404785
seed0-head-phrase,duplex,36,LarVeh-MovAway,1.4247207641601562
seed0-head-phrase,duplex,37,LarVeh-MovTow,6.894421577453613
seed0-head-phrase,duplex,38,LarVeh-Stop,16.631311416625977
seed0-head-phrase,duplex,39,LarVeh-HazLit,4.867403507232666
seed0-head-phrase,duplex,40,Bus-MovAway,26.409034729003906
seed0-head-phrase,duplex,41,Bus-MovTow,20.782094955444336
seed0-head-phrase,duplex,42,Bus-Brake,32.460201263427734
seed0-head-phrase,duplex,43,Bus-Stop,18.541677474975586
seed0-head-phrase,duplex,44,Bus-HazLit,33.21571350097656
seed0-head-phrase,duplex,45,EmVeh-Stop,0.07170050591230392
seed0-head-phrase,duplex,46,TL-Red,58.455928802490234
seed0-head-phrase,duplex,47,TL-Amber,2.238528251647949
seed0-head-phrase,duplex,48,TL-Green,29.088903427124023
seed0-head-phrase,triplet,0,Ped-MovAway-LftPav,7.481741905212402
seed0-head-phrase,triplet,1,Ped-MovAway-RhtPav,15.26330280303955
seed0-head-phrase,triplet,2,Ped-MovAway-Jun,0.6335777640342712
seed0-head-phrase,triplet,3,Ped-MovTow-LftPav,10.562447547912598
seed0-head-phrase,triplet,4,Ped-MovTow-RhtPav,16.690710067749023
seed0-head-phrase,triplet,5,Ped-MovTow-Jun,0.8514668345451355
seed0-head-phrase,triplet,6,Ped-Mov-OutgoLane,6.609598159790039
seed0-head-phrase,triplet,7,Ped-Mov-Pav,7.018849849700928
seed0-head-phrase,triplet,8,Ped-Mov-RhtPav,2.6518607139587402
seed0-head-phrase,triplet,9,Ped-Stop-OutgoLane,10.806740760803223
seed0-head-phrase,triplet,10,Ped-Stop-Pav,3.2164790630340576
seed0-head-phrase,triplet,11,Ped-Stop-LftPav,11.382298469543457
seed0-head-phrase,triplet,12,Ped-Stop-RhtPav,9.821784019470215
seed0-head-phrase,triplet,13,Ped-Stop-BusStop,3.382079601287842
seed0-head-phrase,triplet,14,Ped-Wait2X-RhtPav,3.3199713230133057
seed0-head-phrase,triplet,15,Ped-Wait2X-Jun,21.484844207763672
seed0-head-phrase,triplet,16,Ped-XingFmLft-Jun,14.867452621459961
seed0-head-phrase,triplet,17,Ped-XingFmRht-Jun,19.238847732543945
seed0-head-phrase,triplet,18,Ped-XingFmRht-xing,3.3400022983551025
seed0-head-phrase,triplet,19,Ped-Xing-Jun,12.812271118164062
seed0-head-phrase,triplet,20,Ped-PushObj-LftPav,0.04288080334663391
seed0-head-phrase,triplet,21,Ped-PushObj-RhtPav,1.321497917175293
seed0-head-phrase,triplet,22,Car-MovAway-VehLane,16.943387985229492
seed0-head-phrase,triplet,23,Car-MovAway-OutgoLane,34.22233200073242
seed0-head-phrase,triplet,24,Car-MovAway-Jun,9.607796669006348
seed0-head-phrase,triplet,25,Car-MovTow-VehLane,0.18057651817798615
seed0-head-phrase,triplet,26,Car-MovTow-IncomLane,31.394641876220703
seed0-head-phrase,triplet,27,Car-MovTow-Jun,6.785559177398682
seed0-head-phrase,triplet,28,Car-Brake-VehLane,34.44034957885742
seed0-head-phrase,triplet,29,Car-Brake-OutgoLane,28.185218811035156
seed0-head-phrase,triplet,30,Car-Brake-Jun,18.99604034423828
seed0-head-phrase,triplet,31,Car-Stop-VehLane,32.90909957885742
seed0-head-phrase,triplet,32,Car-Stop-OutgoLane,19.48080062866211
seed0-head-phrase,triplet,33,Car-Stop-IncomLane,16.50296401977539
seed0-head-phrase,triplet,34,Car-Stop-Jun,20.141014099121094
seed0-head-phrase,triplet,35,Car-Stop-parking,1.6051629781723022
seed0-head-phrase,triplet,36,Car-IncatLft-VehLane,13.426992416381836
seed0-head-phrase,triplet,37,Car-IncatLft-OutgoLane,2.979969024658203
seed0-head-phrase,triplet,38,Car-IncatLft-IncomLane,3.19091534614563
seed0-head-phrase,triplet,39,Car-IncatLft-Jun,4.998767852783203
seed0-head-phrase,triplet,40,Car-IncatRht-VehLane,1.080335259437561
seed0-head-phrase,triplet,41,Car-IncatRht-OutgoLane,3.0896384716033936
seed0-head-phrase,triplet,42,Car-IncatRht-IncomLane,1.3066511154174805
seed0-head-phrase,triplet,43,Car-IncatRht-Jun,0.8635696172714233
seed0-head-phrase,triplet,44,Car-HazLit-IncomLane,0.2759106457233429
seed0-head-phrase,triplet,45,Car-TurLft-VehLane,0.572884738445282
seed0-head-phrase,triplet,46,Car-TurLft-Jun,4.707097053527832
seed0-head-phrase,triplet,47,Car-TurRht-Jun,4.654998779296875
seed0-head-phrase,triplet,48,Car-MovRht-OutgoLane,0.4872710108757019
seed0-head-phrase,triplet,49,Car-MovLft-VehLane,0.3379979431629181
seed0-head-phrase,triplet,50,Car-MovLft-OutgoLane,0.9270866513252258
seed0-head-phrase,triplet,51,Car-XingFmLft-Jun,9.373361587524414
seed0-head-phrase,triplet,52,Car-XingFmRht-Jun,9.602997779846191
seed0-head-phrase,triplet,53,Cyc-MovAway-OutgoCycLane,0.4315434694290161
seed0-head-phrase,triplet,54,Cyc-MovAway-RhtPav,0.19678962230682373
seed0-head-phrase,triplet,55,Cyc-MovTow-IncomLane,1.1310621500015259
seed0-head-phrase,triplet,56,Cyc-MovTow-RhtPav,0.0
seed0-head-phrase,triplet,57,MedVeh-MovAway-VehLane,15.518879890441895
seed0-head-phrase,triplet,58,MedVeh-MovAway-OutgoLane,7.215491771697998
seed0-head-phrase,triplet,59,MedVeh-MovAway-Jun,5.35478401184082
seed0-head-phrase,triplet,60,MedVeh-MovTow-IncomLane,6.05487060546875
seed0-head-phrase,triplet,61,MedVeh-MovTow-Jun,2.8507068157196045
seed0-head-phrase,triplet,62,MedVeh-Brake-VehLane,7.318761825561523
seed0-head-phrase,triplet,63,MedVeh-Brake-OutgoLane,10.18624496459961
seed0-head-phrase,triplet,64,MedVeh-Brake-Jun,16.79463768005371
seed0-head-phrase,triplet,65,MedVeh-Stop-VehLane,15.452467918395996
seed0-head-phrase,triplet,66,MedVeh-Stop-OutgoLane,8.044541358947754
seed0-head-phrase,triplet,67,MedVeh-Stop-IncomLane,1.220152497291565
seed0-head-phrase,triplet,68,MedVeh-Stop-Jun,7.359406471252441
seed0-head-phrase,triplet,69,MedVeh-Stop-parking,0.08419084548950195
seed0-head-phrase,triplet,70,MedVeh-IncatLft-IncomLane,0.5347216129302979
seed0-head-phrase,triplet,71,MedVeh-IncatRht-Jun,0.1688307523727417
seed0-head-phrase,triplet,72,MedVeh-TurRht-Jun,1.282446265220642
seed0-head-phrase,triplet,73,MedVeh-XingFmLft-Jun,8.579912185668945
seed0-head-phrase,triplet,74,MedVeh-XingFmRht-Jun,10.70596981048584
seed0-head-phrase,triplet,75,LarVeh-MovAway-VehLane,0.18808284401893616
seed0-head-phrase,triplet,76,LarVeh-MovTow-IncomLane,7.759029865264893
seed0-head-phrase,triplet,77,LarVeh-Stop-VehLane,2.9542229175567627
seed0-head-phrase,triplet,78,LarVeh-Stop-Jun,41.73655700683594
seed0-head-phrase,triplet,79,Bus-MovAway-OutgoLane,5.759995937347412
seed0-head-phrase,triplet,80,Bus-MovTow-IncomLane,20.700687408447266
seed0-head-phrase,triplet,81,Bus-Stop-VehLane,24.771751403808594
seed0-head-phrase,triplet,82,Bus-Stop-OutgoLane,3.881298780441284
seed0-head-phrase,triplet,83,Bus-Stop-IncomLane,7.607691764831543
seed0-head-phrase,triplet,84,Bus-Stop-Jun,9.657218933105469
seed0-head-phrase,triplet,85,Bus-HazLit-OutgoLane,3.627058267593384
seed0-head-shuffled,agentness,0,agentness,65.3644790649414
seed0-head-shuffled,agent,0,Ped,65.67159271240234
seed0-head-shuffled,agent,1,Car,62.94348907470703
seed0-head-shuffled,agent,2,Cyc,13.659136772155762
seed0-head-shuffled,agent,3,Mobike,41.83154296875
seed0-head-shuffled,agent,4,SmalVeh,0.02811187319457531
seed0-head-shuffled,agent,5,MedVeh,33.943809509277344
seed0-head-shuffled,agent,6,LarVeh,22.92780113220215
seed0-head-shuffled,agent,7,Bus,46.70212936401367
seed0-head-shuffled,agent,8,EmVeh,0.005572479218244553
seed0-head-shuffled,agent,9,TL,64.73817443847656
seed0-head-shuffled,action,0,Red,51.54698944091797
seed0-head-shuffled,action,1,Amber,0.1385667622089386
seed0-head-shuffled,action,2,Green,32.80603790283203
seed0-head-shuffled,action,3,MovAway,36.970237731933594
seed0-head-shuffled,action,4,MovTow,31.694461822509766
seed0-head-shuffled,action,5,Mov,3.4427661895751953
seed0-head-shuffled,action,6,Rev,0.1937628835439682
seed0-head-shuffled,action,7,Brake,44.60942459106445
seed0-head-shuffled,action,8,Stop,52.43035888671875
seed0-head-shuffled,action,9,IncatLft,3.394178628921509
seed0-head-shuffled,action,10,IncatRht,1.9878926277160645
seed0-head-shuffled,action,11,HazLit,6.923742771148682
seed0-head-shuffled,action,12,TurLft,2.3111581802368164
seed0-head-shuffled,action,13,TurRht,2.756861448287964
seed0-head-shuffled,action,14,MovRht,0.28349336981773376
seed0-head-shuffled,action,15,MovLft,0.3086417317390442
seed0-head-shuffled,action,16,Ovtak,0.10400841385126114
seed0-head-shuffled,action,17,Wait2X,10.914490699768066
seed0-head-shuffled,action,18,XingFmLft,9.863899230957031
seed0-head-shuffled,action,19,XingFmRht,10.204883575439453
seed0-head-shuffled,action,20,Xing,6.810863494873047
seed0-head-shuffled,action,21,PushObj,5.873155117034912
seed0-head-shuffled,loc,0,VehLane,31.977935791015625
seed0-head-shuffled,loc,1,OutgoLane,36.89116287231445
seed0-head-shuffled,loc,2,OutgoCycLane,0.02270209975540638
seed0-head-shuffled,loc,3,OutgoBusLane,0.7504981160163879
seed0-head-shuffled,loc,4,IncomLane,34.621734619140625
seed0-head-shuffled,loc,5,IncomCycLane,0.018030254170298576
seed0-head-shuffled,loc,6,IncomBusLane,3.4318621158599854
seed0-head-shuffled,loc,7,Pav,7.020778656005859
seed0-head-shuffled,loc,8,LftPav,21.512483596801758
seed0-head-shuffled,loc,9,RhtPav,28.773691177368164
seed0-head-shuffled,loc,10,Jun,34.21390151977539
seed0-head-shuffled,loc,11,xing,9.228989601135254
seed0-head-shuffled,loc,12,BusStop,1.4068843126296997
seed0-head-shuffled,loc,13,parking,0.8228559494018555
seed0-head-shuffled,loc,14,LftParking,39.17436981201172
seed0-head-shuffled,loc,15,rightParking,35.13148880004883
seed0-head-shuffled,duplex,0,Ped-MovAway,17.52799415588379
seed0-head-shuffled,duplex,1,Ped-MovTow,15.04251766204834
seed0-head-shuffled,duplex,2,Ped-Mov,2.9321436882019043
seed0-head-shuffled,duplex,3,Ped-Stop,21.793529510498047
seed0-head-shuffled,duplex,4,Ped-Wait2X,6.476561546325684
seed0-head-shuffled,duplex,5,Ped-XingFmLft,14.191974639892578
seed0-head-shuffled,duplex,6,Ped-XingFmRht,22.225460052490234
seed0-head-shuffled,duplex,7,Ped-Xing,20.537118911743164
seed0-head-shuffled,duplex,8,Ped-PushObj,3.7477645874023438
seed0-head-shuffled,duplex,9,Car-MovAway,37.98982238769531
seed0-head-shuffled,duplex,10,Car-MovTow,31.477455139160156
seed0-head-shuffled,duplex,11,Car-Brake,32.63115692138672
seed0-head-shuffled,duplex,12,Car-Stop,43.89952850341797
seed0-head-shuffled,duplex,13,Car-IncatLft,5.865326881408691
seed0-head-shuffled,duplex,14,Car-IncatRht,1.821306586265564
seed0-head-shuffled,duplex,15,Car-HazLit,0.607812225818634
seed0-head-shuffled,duplex,16,Car-TurLft,2.3870651721954346
seed0-head-shuffled,duplex,17,Car-TurRht,3.917573928833008
seed0-head-shuffled,duplex,18,Car-MovRht,0.22038128972053528
seed0-head-shuffled,duplex,19,Car-MovLft,0.6501054167747498
seed0-head-shuffled,duplex,20,Car-XingFmLft,3.0982046127319336
seed0-head-shuffled,duplex,21,Car-XingFmRht,1.7169864177703857
seed0-head-shuffled,duplex,22,Cyc-MovAway,0.19849702715873718
seed0-head-shuffled,duplex,23,Cyc-MovTow,0.03456956893205643
seed0-head-shuffled,duplex,24,Cyc-Stop,0.3952958881855011
seed0-head-shuffled,duplex,25,Mobike-Stop,9.302511215209961
seed0-head-shuffled,duplex,26,MedVeh-MovAway,6.952474594116211
seed0-head-shuffled,duplex,27,MedVeh-MovTow,2.5173559188842773
seed0-head-shuffled,duplex,28,MedVeh-Brake,4.78664493560791
seed0-head-shuffled,duplex,29,MedVeh-Stop,9.7493896484375
seed0-head-shuffled,duplex,30,MedVeh-IncatLft,0.2915470600128174
seed0-head-shuffled,duplex,31,MedVeh-IncatRht,0.06135714426636696
seed0-head-shuffled,duplex,32,MedVeh-HazLit,2.6921873092651367
seed0-head-shuffled,duplex,33,MedVeh-TurRht,0.10385410487651825
seed0-head-shuffled,duplex,34,MedVeh-XingFmLft,0.20279134809970856
seed0-head-shuffled,duplex,35,MedVeh-XingFmRht,2.7204196453094482
seed0-head-shuffled,duplex,36,LarVeh-MovAway,0.0577237568795681
seed0-head-shuffled,duplex,37,LarVeh-MovTow,2.057875156402588
seed0-head-shuffled,duplex,38,LarVeh-Stop,12.413564682006836
seed0-head-shuffled,duplex,39,LarVeh-HazLit,16.73732566833496
seed0-head-shuffled,duplex,40,Bus-MovAway,2.4352266788482666
seed0-head-shuffled,duplex,41,Bus-MovTow,4.477878570556641
seed0-head-shuffled,duplex,42,Bus-Brake,1.3814526796340942
seed0-head-shuffled,duplex,43,Bus-Stop,11.074919700622559
seed0-head-shuffled,duplex,44,Bus-HazLit,6.716859817504883
seed0-head-shuffled,duplex,45,EmVeh-Stop,0.024670077487826347
seed0-head-shuffled,duplex,46,TL-Red,57.29813003540039
seed0-head-shuffled,duplex,47,TL-Amber,0.13977296650409698
seed0-head-shuffled,duplex,48,TL-Green,23.256139755249023
seed0-head-shuffled,triplet,0,Ped-MovAway-LftPav,1.0164076089859009
seed0-head-shuffled,triplet,1,Ped-MovAway-RhtPav,18.364696502685547
seed0-head-shuffled,triplet,2,Ped-MovAway-Jun,0.300615131855011
seed0-head-shuffled,triplet,3,Ped-MovTow-LftPav,18.804594039916992
seed0-head-shuffled,triplet,4,Ped-MovTow-RhtPav,8.006254196166992
seed0-head-shuffled,triplet,5,Ped-MovTow-Jun,0.6929109692573547
seed0-head-shuffled,triplet,6,Ped-Mov-OutgoLane,0.2958720624446869
seed0-head-shuffled,triplet,7,Ped-Mov-Pav,2.6324806213378906
seed0-head-shuffled,triplet,8,Ped-Mov-RhtPav,0.3744240999221802
seed0-head-shuffled,triplet,9,Ped-Stop-OutgoLane,0.30925509333610535
seed0-head-shuffled,triplet,10,Ped-Stop-Pav,1.2463276386260986
seed0-head-shuffled,triplet,11,Ped-Stop-LftPav,13.18669319152832
seed0-head-shuffled,triplet,12,Ped-Stop-RhtPav,4.854481220245361
seed0-head-shuffled,triplet,13,Ped-Stop-BusStop,0.16905958950519562
seed0-head-shuffled,triplet,14,Ped-Wait2X-RhtPav,0.7415148615837097
seed0-head-shuffled,triplet,15,Ped-Wait2X-Jun,10.130526542663574
seed0-head-shuffled,triplet,16,Ped-XingFmLft-Jun,13.426533699035645
seed0-head-shuffled,triplet,17,Ped-XingFmRht-Jun,20.49873161315918
seed0-head-shuffled,triplet,18,Ped-XingFmRht-xing,0.24539972841739655
seed0-head-shuffled,triplet,19,Ped-Xing-Jun,7.522739410400391
seed0-head-shuffled,triplet,20,Ped-PushObj-LftPav,0.006506229285150766
seed0-head-shuffled,triplet,21,Ped-PushObj-RhtPav,0.05901481583714485
seed0-head-shuffled,triplet,22,Car-MovAway-VehLane,14.739797592163086
seed0-head-shuffled,triplet,23,Car-MovAway-OutgoLane,28.46907615661621
seed0-head-shuffled,triplet,24,Car-MovAway-Jun,5.597463130950928
seed0-head-shuffled,triplet,25,Car-MovTow-VehLane,0.031714435666799545
seed0-head-shuffled,triplet,26,Car-MovTow-IncomLane,33.72606658935547
seed0-head-shuffled,triplet,27,Car-MovTow-Jun,4.3942108154296875
seed0-head-shuffled,triplet,28,Car-Brake-VehLane,25.67328643798828
seed0-head-shuffled,triplet,29,Car-Brake-OutgoLane,25.09014129638672
seed0-head-shuffled,triplet,30,Car-Brake-Jun,7.448596477508545
seed0-head-shuffled,triplet,31,Car-Stop-VehLane,27.323837280273438
seed0-head-shuffled,triplet,32,Car-Stop-OutgoLane,11.763666152954102
seed0-head-shuffled,triplet,33,Car-Stop-IncomLane,11.026893615722656
seed0-head-shuffled,triplet,34,Car-Stop-Jun,19.965736389160156
seed0-head-shuffled,triplet,35,Car-Stop-parking,0.9645580053329468
seed0-head-shuffled,triplet,36,Car-IncatLft-VehLane,1.4946742057800293
seed0-head-shuffled,triplet,37,Car-IncatLft-OutgoLane,4.956119537353516
seed0-head-shuffled,triplet,38,Car-IncatLft-IncomLane,0.9284018874168396
seed0-head-shuffled,triplet,39,Car-IncatLft-Jun,2.1256654262542725
seed0-head-shuffled,triplet,40,Car-IncatRht-VehLane,0.44935178756713867
seed0-head-shuffled,triplet,41,Car-IncatRht-OutgoLane,0.7476829290390015
seed0-head-shuffled,triplet,42,Car-IncatRht-IncomLane,0.41659092903137207
seed0-head-shuffled,triplet,43,Car-IncatRht-Jun,0.45378050208091736
seed0-head-shuffled,triplet,44,Car-HazLit-IncomLane,0.03826073184609413
seed0-head-shuffled,triplet,45,Car-TurLft-VehLane,0.09033894538879395
seed0-head-shuffled,triplet,46,Car-TurLft-Jun,2.311922550201416
seed0-head-shuffled,triplet,47,Car-TurRht-Jun,3.9744961261749268
seed0-head-shuffled,triplet,48,Car-MovRht-OutgoLane,0.09861446171998978
seed0-head-shuffled,triplet,49,Car-MovLft-VehLane,0.022688694298267365
seed0-head-shuffled,triplet,50,Car-MovLft-OutgoLane,0.6374010443687439
seed0-head-shuffled,triplet,51,Car-XingFmLft-Jun,3.667354106903076
seed0-head-shuffled,triplet,52,Car-XingFmRht-Jun,2.075486421585083
seed0-head-shuffled,triplet,53,Cyc-MovAway-OutgoCycLane,0.01056425180286169
seed0-head-shuffled,triplet,54,Cyc-MovAway-RhtPav,0.004298196639865637
seed0-head-shuffled,triplet,55,Cyc-MovTow-IncomLane,0.018322838470339775
seed0-head-shuffled,triplet,56,Cyc-MovTow-RhtPav,0.0
seed0-head-shuffled,triplet,57,MedVeh-MovAway-VehLane,2.8698108196258545
seed0-head-shuffled,triplet,58,MedVeh-MovAway-OutgoLane,5.621921539306641
seed0-head-shuffled,triplet,59,MedVeh-MovAway-Jun,0.13378654420375824
seed0-head-shuffled,triplet,60,MedVeh-MovTow-IncomLane,1.5961754322052002
seed0-head-shuffled,triplet,61,MedVeh-MovTow-Jun,0.13677281141281128
seed0-head-shuffled,triplet,62,MedVeh-Brake-VehLane,2.1384453773498535
seed0-head-shuffled,triplet,63,MedVeh-Brake-OutgoLane,4.540618896484375
seed0-head-shuffled,triplet,64,MedVeh-Brake-Jun,6.939092636108398
seed0-head-shuffled,triplet,65,MedVeh-Stop-VehLane,0.5720195770263672
seed0-head-shuffled,triplet,66,MedVeh-Stop-OutgoLane,5.244773864746094
seed0-head-shuffled,triplet,67,MedVeh-Stop-IncomLane,0.19138574600219727
seed0-head-shuffled,triplet,68,MedVeh-Stop-Jun,1.1490039825439453
seed0-head-shuffled,triplet,69,MedVeh-Stop-parking,0.0386052280664444
seed0-head-shuffled,triplet,70,MedVeh-IncatLft-IncomLane,0.049278296530246735
seed0-head-shuffled,triplet,71,MedVeh-IncatRht-Jun,0.008706776425242424
seed0-head-shuffled,triplet,72,MedVeh-TurRht-Jun,0.0349646732211113
seed0-head-shuffled,triplet,73,MedVeh-XingFmLft-Jun,2.4432647228240967
seed0-head-shuffled,triplet,74,MedVeh-XingFmRht-Jun,0.1305687576532364
seed0-head-shuffled,triplet,75,LarVeh-MovAway-VehLane,0.012428547255694866
seed0-head-shuffled,triplet,76,LarVeh-MovTow-IncomLane,0.3664167821407318
seed0-head-shuffled,triplet,77,LarVeh-Stop-VehLane,0.28821608424186707
seed0-head-shuffled,triplet,78,LarVeh-Stop-Jun,0.8272727131843567
seed0-head-shuffled,triplet,79,Bus-MovAway-OutgoLane,0.2104128748178482
seed0-head-shuffled,triplet,80,Bus-MovTow-IncomLane,0.691620409488678
seed0-head-shuffled,triplet,81,Bus-Stop-VehLane,0.44886264204978943
seed0-head-shuffled,triplet,82,Bus-Stop-OutgoLane,1.0128960609436035
seed0-head-shuffled,triplet,83,Bus-Stop-IncomLane,0.29062655568122864
seed0-head-shuffled,triplet,84,Bus-Stop-Jun,1.6013227701187134
seed0-head-shuffled,triplet,85,Bus-HazLit-OutgoLane,0.503925085067749
seed0-stage5,agentness,0,agentness,65.3644790649414
seed0-stage5,agent,0,Ped,65.67159271240234
seed0-stage5,agent,1,Car,62.94348907470703
seed0-stage5,agent,2,Cyc,13.659136772155762
seed0-stage5,agent,3,Mobike,41.83154296875
seed0-stage5,agent,4,SmalVeh,0.02811187319457531
seed0-stage5,agent,5,MedVeh,33.943809509277344
seed0-stage5,agent,6,LarVeh,22.92780113220215
seed0-stage5,agent,7,Bus,46.70212936401367
seed0-stage5,agent,8,EmVeh,0.005572479218244553
seed0-stage5,agent,9,TL,64.73817443847656
seed0-stage5,action,0,Red,63.052154541015625
seed0-stage5,action,1,Amber,15.894729614257812
seed0-stage5,action,2,Green,49.29930114746094
seed0-stage5,action,3,MovAway,40.642337799072266
seed0-stage5,action,4,MovTow,35.2822151184082
seed0-stage5,action,5,Mov,9.921391487121582
seed0-stage5,action,6,Rev,0.4202684462070465
seed0-stage5,action,7,Brake,45.57093811035156
seed0-stage5,action,8,Stop,53.36336135864258
seed0-stage5,action,9,IncatLft,5.881829738616943
seed0-stage5,action,10,IncatRht,2.4197633266448975
seed0-stage5,action,11,HazLit,5.788004398345947
seed0-stage5,action,12,TurLft,6.195747375488281
seed0-stage5,action,13,TurRht,5.580118656158447
seed0-stage5,action,14,MovRht,0.7972618937492371
seed0-stage5,action,15,MovLft,0.9304028749465942
seed0-stage5,action,16,Ovtak,0.117025226354599
seed0-stage5,action,17,Wait2X,19.563098907470703
seed0-stage5,action,18,XingFmLft,14.976435661315918
seed0-stage5,action,19,XingFmRht,16.83051109313965
seed0-stage5,action,20,Xing,23.868736267089844
seed0-stage5,action,21,PushObj,2.5643115043640137
seed0-stage5,loc,0,VehLane,34.61636734008789
seed0-stage5,loc,1,OutgoLane,42.258323669433594
seed0-stage5,loc,2,OutgoCycLane,0.2236277461051941
seed0-stage5,loc,3,OutgoBusLane,2.5423583984375
seed0-stage5,loc,4,IncomLane,39.67634582519531
seed0-stage5,loc,5,IncomCycLane,0.6766996383666992
seed0-stage5,loc,6,IncomBusLane,20.451276779174805
seed0-stage5,loc,7,Pav,9.973236083984375
seed0-stage5,loc,8,LftPav,35.41192626953125
seed0-stage5,loc,9,RhtPav,42.05305862426758
seed0-stage5,loc,10,Jun,29.14482879638672
seed0-stage5,loc,11,xing,15.48927116394043
seed0-stage5,loc,12,BusStop,3.414686918258667
seed0-stage5,loc,13,parking,2.9546172618865967
seed0-stage5,loc,14,LftParking,42.53826904296875
seed0-stage5,loc,15,rightParking,42.51779556274414
seed0-stage5,duplex,0,Ped-MovAway,29.74724769592285
seed0-stage5,duplex,1,Ped-MovTow,32.56217575073242
seed0-stage5,duplex,2,Ped-Mov,15.048334121704102
seed0-stage5,duplex,3,Ped-Stop,30.190292358398438
seed0-stage5,duplex,4,Ped-Wait2X,30.956302642822266
seed0-stage5,duplex,5,Ped-XingFmLft,20.18284034729004
seed0-stage5,duplex,6,Ped-XingFmRht,24.98947525024414
seed0-stage5,duplex,7,Ped-Xing,28.55243682861328
seed0-stage5,duplex,8,Ped-PushObj,3.921273946762085
seed0-stage5,duplex,9,Car-MovAway,46.4902229309082
seed0-stage5,duplex,10,Car-MovTow,35.43864440917969
seed0-stage5,duplex,11,Car-Brake,39.43606948852539
seed0-stage5,duplex,12,Car-Stop,52.64746856689453
seed0-stage5,duplex,13,Car-IncatLft,8.089268684387207
seed0-stage5,duplex,14,Car-IncatRht,3.1103436946868896
seed0-stage5,duplex,15,Car-HazLit,1.4735114574432373
seed0-stage5,duplex,16,Car-TurLft,7.0972795486450195
seed0-stage5,duplex,17,Car-TurRht,7.330073833465576
seed0-stage5,duplex,18,Car-MovRht,1.119070291519165
seed0-stage5,duplex,19,Car-MovLft,3.760082483291626
seed0-stage5,duplex,20,Car-XingFmLft,13.656095504760742
seed0-stage5,duplex,21,Car-XingFmRht,12.161354064941406
seed0-stage5,duplex,22,Cyc-MovAway,6.2403130531311035
seed0-stage5,duplex,23,Cyc-MovTow,3.113308906555176
seed0-stage5,duplex,24,Cyc-Stop,0.6431418657302856
seed0-stage5,duplex,25,Mobike-Stop,24.13315773010254
seed0-stage5,duplex,26,MedVeh-MovAway,16.32249641418457
seed0-stage5,duplex,27,MedVeh-MovTow,7.591231346130371
seed0-stage5,duplex,28,MedVeh-Brake,10.763249397277832
seed0-stage5,duplex,29,MedVeh-Stop,19.2845458984375
seed0-stage5,duplex,30,MedVeh-IncatLft,3.6750106811523438
seed0-stage5,duplex,31,MedVeh-IncatRht,1.3519212007522583
seed0-stage5,duplex,32,MedVeh-HazLit,4.233776569366455
seed0-stage5,duplex,33,MedVeh-TurRht,0.709138035774231
seed0-stage5,duplex,34,MedVeh-XingFmLft,8.246932029724121
seed0-stage5,duplex,35,MedVeh-XingFmRht,11.596657752990723
seed0-stage5,duplex,36,LarVeh-MovAway,5.447491645812988
seed0-stage5,duplex,37,LarVeh-MovTow,4.1947174072265625
seed0-stage5,duplex,38,LarVeh-Stop,16.12413215637207
seed0-stage5,duplex,39,LarVeh-HazLit,14.095486640930176
seed0-stage5,duplex,40,Bus-MovAway,19.367313385009766
seed0-stage5,duplex,41,Bus-MovTow,40.69169998168945
seed0-stage5,duplex,42,Bus-Brake,26.271833419799805
seed0-stage5,duplex,43,Bus-Stop,17.406414031982422
seed0-stage5,duplex,44,Bus-HazLit,35.756717681884766
seed0-stage5,duplex,45,EmVeh-Stop,0.0018097574356943369
seed0-stage5,duplex,46,TL-Red,60.51708221435547
seed0-stage5,duplex,47,TL-Amber,33.118350982666016
seed0-stage5,duplex,48,TL-Green,45.8067741394043
seed0-stage5,triplet,0,Ped-MovAway-LftPav,17.369827270507812
seed0-stage5,triplet,1,Ped-MovAway-RhtPav,26.491973876953125
seed0-stage5,triplet,2,Ped-MovAway-Jun,0.39949142932891846
seed0-stage5,triplet,3,Ped-MovTow-LftPav,22.20450782775879
seed0-stage5,triplet,4,Ped-MovTow-RhtPav,26.697858810424805
seed0-stage5,triplet,5,Ped-MovTow-Jun,2.6252682209014893
seed0-stage5,triplet,6,Ped-Mov-OutgoLane,5.744348526000977
seed0-stage5,triplet,7,Ped-Mov-Pav,10.174434661865234
seed0-stage5,triplet,8,Ped-Mov-RhtPav,3.4887583255767822
seed0-stage5,triplet,9,Ped-Stop-OutgoLane,10.725789070129395
seed0-stage5,triplet,10,Ped-Stop-Pav,4.317349433898926
seed0-stage5,triplet,11,Ped-Stop-LftPav,21.53676986694336
seed0-stage5,triplet,12,Ped-Stop-RhtPav,15.645678520202637
seed0-stage5,triplet,13,Ped-Stop-BusStop,3.9051008224487305
seed0-stage5,triplet,14,Ped-Wait2X-RhtPav,3.9804744720458984
seed0-stage5,triplet,15,Ped-Wait2X-Jun,25.8205509185791
seed0-stage5,triplet,16,Ped-XingFmLft-Jun,19.5092830657959
seed0-stage5,triplet,17,Ped-XingFmRht-Jun,25.18149757385254
seed0-stage5,triplet,18,Ped-XingFmRht-xing,17.09600257873535
seed0-stage5,triplet,19,Ped-Xing-Jun,21.460342407226562
seed0-stage5,triplet,20,Ped-PushObj-LftPav,0.06087006628513336
seed0-stage5,triplet,21,Ped-PushObj-RhtPav,1.2153924703598022
seed0-stage5,triplet,22,Car-MovAway-VehLane,23.913421630859375
seed0-stage5,triplet,23,Car-MovAway-OutgoLane,39.77934265136719
seed0-stage5,triplet,24,Car-MovAway-Jun,12.566375732421875
seed0-stage5,triplet,25,Car-MovTow-VehLane,0.09845536202192307
seed0-stage5,triplet,26,Car-MovTow-IncomLane,37.3898811340332
seed0-stage5,triplet,27,Car-MovTow-Jun,8.200109481811523
seed0-stage5,triplet,28,Car-Brake-VehLane,36.21744155883789
seed0-stage5,triplet,29,Car-Brake-OutgoLane,34.43822479248047
seed0-stage5,triplet,30,Car-Brake-Jun,21.779600143432617
seed0-stage5,triplet,31,Car-Stop-VehLane,37.13932800292969
seed0-stage5,triplet,32,Car-Stop-OutgoLane,26.28485679626465
seed0-stage5,triplet,33,Car-Stop-IncomLane,22.799339294433594
seed0-stage5,triplet,34,Car-Stop-Jun,25.09408187866211
seed0-stage5,triplet,35,Car-Stop-parking,2.2028894424438477
seed0-stage5,triplet,36,Car-IncatLft-VehLane,15.262641906738281
seed0-stage5,triplet,37,Car-IncatLft-OutgoLane,3.3262672424316406
seed0-stage5,triplet,38,Car-IncatLft-IncomLane,6.306369304656982
seed0-stage5,triplet,39,Car-IncatLft-Jun,6.677480220794678
seed0-stage5,triplet,40,Car-IncatRht-VehLane,1.2260280847549438
seed0-stage5,triplet,41,Car-IncatRht-OutgoLane,2.2382328510284424
seed0-stage5,triplet,42,Car-IncatRht-IncomLane,2.2495946884155273
seed0-stage5,triplet,43,Car-IncatRht-Jun,1.3604848384857178
seed0-stage5,triplet,44,Car-HazLit-IncomLane,0.12131015956401825
seed0-stage5,triplet,45,Car-TurLft-VehLane,0.77890545129776
seed0-stage5,triplet,46,Car-TurLft-Jun,7.491907119750977
seed0-stage5,triplet,47,Car-TurRht-Jun,6.1956353187561035
seed0-stage5,triplet,48,Car-MovRht-OutgoLane,0.7200741171836853
seed0-stage5,triplet,49,Car-MovLft-VehLane,0.6720830798149109
seed0-stage5,triplet,50,Car-MovLft-OutgoLane,3.343592643737793
seed0-stage5,triplet,51,Car-XingFmLft-Jun,13.650127410888672
seed0-stage5,triplet,52,Car-XingFmRht-Jun,12.170930862426758
seed0-stage5,triplet,53,Cyc-MovAway-OutgoCycLane,0.21615028381347656
seed0-stage5,triplet,54,Cyc-MovAway-RhtPav,0.0005658615264110267
seed0-stage5,triplet,55,Cyc-MovTow-IncomLane,0.5527222156524658
seed0-stage5,triplet,56,Cyc-MovTow-RhtPav,0.0
seed0-stage5,triplet,57,MedVeh-MovAway-VehLane,11.7015380859375
seed0-stage5,triplet,58,MedVeh-MovAway-OutgoLane,10.463236808776855
seed0-stage5,triplet,59,MedVeh-MovAway-Jun,1.6446285247802734
seed0-stage5,triplet,60,MedVeh-MovTow-IncomLane,8.235602378845215
seed0-stage5,triplet,61,MedVeh-MovTow-Jun,3.68817138671875
seed0-stage5,triplet,62,MedVeh-Brake-VehLane,11.014786720275879
seed0-stage5,triplet,63,MedVeh-Brake-OutgoLane,7.358432769775391
seed0-stage5,triplet,64,MedVeh-Brake-Jun,10.394296646118164
seed0-stage5,triplet,65,MedVeh-Stop-VehLane,6.456064701080322
seed0-stage5,triplet,66,MedVeh-Stop-OutgoLane,10.243448257446289
seed0-stage5,triplet,67,MedVeh-Stop-IncomLane,1.8700801134109497
seed0-stage5,triplet,68,MedVeh-Stop-Jun,11.75123119354248
seed0-stage5,triplet,69,MedVeh-Stop-parking,0.2011936902999878
seed0-stage5,triplet,70,MedVeh-IncatLft-IncomLane,0.5382534265518188
seed0-stage5,triplet,71,MedVeh-IncatRht-Jun,0.6218471527099609
seed0-stage5,triplet,72,MedVeh-TurRht-Jun,0.45117855072021484
seed0-stage5,triplet,73,MedVeh-XingFmLft-Jun,9.158581733703613
seed0-stage5,triplet,74,MedVeh-XingFmRht-Jun,11.380252838134766
seed0-stage5,triplet,75,LarVeh-MovAway-VehLane,0.5503107905387878
seed0-stage5,triplet,76,LarVeh-MovTow-IncomLane,8.633729934692383
seed0-stage5,triplet,77,LarVeh-Stop-VehLane,1.4731820821762085
seed0-stage5,triplet,78,LarVeh-Stop-Jun,3.4420697689056396
seed0-stage5,triplet,79,Bus-MovAway-OutgoLane,8.79754638671875
seed0-stage5,triplet,80,Bus-MovTow-IncomLane,30.193891525268555
seed0-stage5,triplet,81,Bus-Stop-VehLane,33.99103546142578
seed0-stage5,triplet,82,Bus-Stop-OutgoLane,1.4459267854690552
seed0-stage5,triplet,83,Bus-Stop-IncomLane,0.36491742730140686
seed0-stage5,triplet,84,Bus-Stop-Jun,7.217143535614014
seed0-stage5,triplet,85,Bus-HazLit-OutgoLane,14.189499855041504
seed0-stage6,agentness,0,agentness,65.3644790649414
seed0-stage6,agent,0,Ped,65.67159271240234
seed0-stage6,agent,1,Car,62.94348907470703
seed0-stage6,agent,2,Cyc,13.659136772155762
seed0-stage6,agent,3,Mobike,41.83154296875
seed0-stage6,agent,4,SmalVeh,0.02811187319457531
seed0-stage6,agent,5,MedVeh,33.943809509277344
seed0-stage6,agent,6,LarVeh,22.92780113220215
seed0-stage6,agent,7,Bus,46.70212936401367
seed0-stage6,agent,8,EmVeh,0.005572479218244553
seed0-stage6,agent,9,TL,64.73817443847656
seed0-stage6,action,0,Red,63.052154541015625
seed0-stage6,action,1,Amber,15.894729614257812
seed0-stage6,action,2,Green,49.29930114746094
seed0-stage6,action,3,MovAway,40.642337799072266
seed0-stage6,action,4,MovTow,35.2822151184082
seed0-stage6,action,5,Mov,9.921391487121582
seed0-stage6,action,6,Rev,0.4202684462070465
seed0-stage6,action,7,Brake,45.57093811035156
seed0-stage6,action,8,Stop,53.36336135864258
seed0-stage6,action,9,IncatLft,5.881829738616943
seed0-stage6,action,10,IncatRht,2.4197633266448975
seed0-stage6,action,11,HazLit,5.788004398345947
seed0-stage6,action,12,TurLft,6.195747375488281
seed0-stage6,action,13,TurRht,5.580118656158447
seed0-stage6,action,14,MovRht,0.7972618937492371
seed0-stage6,action,15,MovLft,0.9304028749465942
seed0-stage6,action,16,Ovtak,0.117025226354599
seed0-stage6,action,17,Wait2X,19.563098907470703
seed0-stage6,action,18,XingFmLft,14.976435661315918
seed0-stage6,action,19,XingFmRht,16.83051109313965
seed0-stage6,action,20,Xing,23.868736267089844
seed0-stage6,action,21,PushObj,2.5643115043640137
seed0-stage6,loc,0,VehLane,34.61636734008789
seed0-stage6,loc,1,OutgoLane,42.258323669433594
seed0-stage6,loc,2,OutgoCycLane,0.2236277461051941
seed0-stage6,loc,3,OutgoBusLane,2.5423583984375
seed0-stage6,loc,4,IncomLane,39.67634582519531
seed0-stage6,loc,5,IncomCycLane,0.6766996383666992
seed0-stage6,loc,6,IncomBusLane,20.451276779174805
seed0-stage6,loc,7,Pav,9.973236083984375
seed0-stage6,loc,8,LftPav,35.41192626953125
seed0-stage6,loc,9,RhtPav,42.05305862426758
seed0-stage6,loc,10,Jun,29.14482879638672
seed0-stage6,loc,11,xing,15.48927116394043
seed0-stage6,loc,12,BusStop,3.414686918258667
seed0-stage6,loc,13,parking,2.9546172618865967
seed0-stage6,loc,14,LftParking,42.53826904296875
seed0-stage6,loc,15,rightParking,42.51779556274414
seed0-stage6,duplex,0,Ped-MovAway,28.11838150024414
seed0-stage6,duplex,1,Ped-MovTow,33.845088958740234
seed0-stage6,duplex,2,Ped-Mov,14.244421005249023
seed0-stage6,duplex,3,Ped-Stop,29.93459701538086
seed0-stage6,duplex,4,Ped-Wait2X,28.556331634521484
seed0-stage6,duplex,5,Ped-XingFmLft,20.25301742553711
seed0-stage6,duplex,6,Ped-XingFmRht,26.550373077392578
seed0-stage6,duplex,7,Ped-Xing,28.140426635742188
seed0-stage6,duplex,8,Ped-PushObj,4.838070869445801
seed0-stage6,duplex,9,Car-MovAway,46.35248947143555
seed0-stage6,duplex,10,Car-MovTow,35.79922866821289
seed0-stage6,duplex,11,Car-Brake,40.390933990478516
seed0-stage6,duplex,12,Car-Stop,52.532920837402344
seed0-stage6,duplex,13,Car-IncatLft,10.49304485321045
seed0-stage6,duplex,14,Car-IncatRht,3.2167282104492188
seed0-stage6,duplex,15,Car-HazLit,1.6458990573883057
seed0-stage6,duplex,16,Car-TurLft,7.5728373527526855
seed0-stage6,duplex,17,Car-TurRht,7.878647327423096
seed0-stage6,duplex,18,Car-MovRht,1.4236423969268799
seed0-stage6,duplex,19,Car-MovLft,1.5729947090148926
seed0-stage6,duplex,20,Car-XingFmLft,13.253808975219727
seed0-stage6,duplex,21,Car-XingFmRht,12.56301212310791
seed0-stage6,duplex,22,Cyc-MovAway,2.392709732055664
seed0-stage6,duplex,23,Cyc-MovTow,2.511272668838501
seed0-stage6,duplex,24,Cyc-Stop,0.4556504786014557
seed0-stage6,duplex,25,Mobike-Stop,23.28460121154785
seed0-stage6,duplex,26,MedVeh-MovAway,19.46493148803711
seed0-stage6,duplex,27,MedVeh-MovTow,8.44650650024414
seed0-stage6,duplex,28,MedVeh-Brake,16.776485443115234
seed0-stage6,duplex,29,MedVeh-Stop,18.61104965209961
seed0-stage6,duplex,30,MedVeh-IncatLft,4.684139251708984
seed0-stage6,duplex,31,MedVeh-IncatRht,1.2513283491134644
seed0-stage6,duplex,32,MedVeh-HazLit,4.202538967132568
seed0-stage6,duplex,33,MedVeh-TurRht,5.150345325469971
seed0-stage6,duplex,34,MedVeh-XingFmLft,13.143420219421387
seed0-stage6,duplex,35,MedVeh-XingFmRht,10.145926475524902
seed0-stage6,duplex,36,LarVeh-MovAway,2.8426778316497803
seed0-stage6,duplex,37,LarVeh-MovTow,5.779650688171387
seed0-stage6,duplex,38,LarVeh-Stop,18.68296241760254
seed0-stage6,duplex,39,LarVeh-HazLit,16.081695556640625
seed0-stage6,duplex,40,Bus-MovAway,35.70365524291992
seed0-stage6,duplex,41,Bus-MovTow,31.76691246032715
seed0-stage6,duplex,42,Bus-Brake,40.211082458496094
seed0-stage6,duplex,43,Bus-Stop,23.444223403930664
seed0-stage6,duplex,44,Bus-HazLit,34.54324722290039
seed0-stage6,duplex,45,EmVeh-Stop,0.01390624139457941
seed0-stage6,duplex,46,TL-Red,61.70379638671875
seed0-stage6,duplex,47,TL-Amber,30.36622428894043
seed0-stage6,duplex,48,TL-Green,44.32297897338867
seed0-stage6,triplet,0,Ped-MovAway-LftPav,14.832358360290527
seed0-stage6,triplet,1,Ped-MovAway-RhtPav,24.130329132080078
seed0-stage6,triplet,2,Ped-MovAway-Jun,0.811263918876648
seed0-stage6,triplet,3,Ped-MovTow-LftPav,24.876649856567383
seed0-stage6,triplet,4,Ped-MovTow-RhtPav,28.8715877532959
seed0-stage6,triplet,5,Ped-MovTow-Jun,1.865069031715393
seed0-stage6,triplet,6,Ped-Mov-OutgoLane,8.66064739227295
seed0-stage6,triplet,7,Ped-Mov-Pav,9.423192977905273
seed0-stage6,triplet,8,Ped-Mov-RhtPav,4.516993522644043
seed0-stage6,triplet,9,Ped-Stop-OutgoLane,9.398679733276367
seed0-stage6,triplet,10,Ped-Stop-Pav,3.5870072841644287
seed0-stage6,triplet,11,Ped-Stop-LftPav,22.50550651550293
seed0-stage6,triplet,12,Ped-Stop-RhtPav,15.806095123291016
seed0-stage6,triplet,13,Ped-Stop-BusStop,4.674073696136475
seed0-stage6,triplet,14,Ped-Wait2X-RhtPav,6.640621185302734
seed0-stage6,triplet,15,Ped-Wait2X-Jun,23.216880798339844
seed0-stage6,triplet,16,Ped-XingFmLft-Jun,19.11418914794922
seed0-stage6,triplet,17,Ped-XingFmRht-Jun,24.716371536254883
seed0-stage6,triplet,18,Ped-XingFmRht-xing,5.397727012634277
seed0-stage6,triplet,19,Ped-Xing-Jun,21.03137969970703
seed0-stage6,triplet,20,Ped-PushObj-LftPav,0.06330082565546036
seed0-stage6,triplet,21,Ped-PushObj-RhtPav,0.7741925120353699
seed0-stage6,triplet,22,Car-MovAway-VehLane,23.832103729248047
seed0-stage6,triplet,23,Car-MovAway-OutgoLane,40.65304946899414
seed0-stage6,triplet,24,Car-MovAway-Jun,11.93531608581543
seed0-stage6,triplet,25,Car-MovTow-VehLane,0.11262031644582748
seed0-stage6,triplet,26,Car-MovTow-IncomLane,38.046897888183594
seed0-stage6,triplet,27,Car-MovTow-Jun,9.03378963470459
seed0-stage6,triplet,28,Car-Brake-VehLane,38.01887893676758
seed0-stage6,triplet,29,Car-Brake-OutgoLane,35.100894927978516
seed0-stage6,triplet,30,Car-Brake-Jun,20.49770164489746
seed0-stage6,triplet,31,Car-Stop-VehLane,37.39315414428711
seed0-stage6,triplet,32,Car-Stop-OutgoLane,28.628437042236328
seed0-stage6,triplet,33,Car-Stop-IncomLane,23.508005142211914
seed0-stage6,triplet,34,Car-Stop-Jun,23.87298583984375
seed0-stage6,triplet,35,Car-Stop-parking,2.270814895629883
seed0-stage6,triplet,36,Car-IncatLft-VehLane,18.69205665588379
seed0-stage6,triplet,37,Car-IncatLft-OutgoLane,2.20500111579895
seed0-stage6,triplet,38,Car-IncatLft-IncomLane,5.603973865509033
seed0-stage6,triplet,39,Car-IncatLft-Jun,5.51441764831543
seed0-stage6,triplet,40,Car-IncatRht-VehLane,1.3322170972824097
seed0-stage6,triplet,41,Car-IncatRht-OutgoLane,2.32517409324646
seed0-stage6,triplet,42,Car-IncatRht-IncomLane,1.1181172132492065
seed0-stage6,triplet,43,Car-IncatRht-Jun,1.4682883024215698
seed0-stage6,triplet,44,Car-HazLit-IncomLane,0.010099305771291256
seed0-stage6,triplet,45,Car-TurLft-VehLane,1.0677868127822876
seed0-stage6,triplet,46,Car-TurLft-Jun,7.129791259765625
seed0-stage6,triplet,47,Car-TurRht-Jun,6.229929447174072
seed0-stage6,triplet,48,Car-MovRht-OutgoLane,0.874163031578064
seed0-stage6,triplet,49,Car-MovLft-VehLane,0.4299394190311432
seed0-stage6,triplet,50,Car-MovLft-OutgoLane,1.5109916925430298
seed0-stage6,triplet,51,Car-XingFmLft-Jun,13.690929412841797
seed0-stage6,triplet,52,Car-XingFmRht-Jun,12.388043403625488
seed0-stage6,triplet,53,Cyc-MovAway-OutgoCycLane,0.8648948669433594
seed0-stage6,triplet,54,Cyc-MovAway-RhtPav,0.0013455264270305634
seed0-stage6,triplet,55,Cyc-MovTow-IncomLane,0.7398375868797302
seed0-stage6,triplet,56,Cyc-MovTow-RhtPav,0.0
seed0-stage6,triplet,57,MedVeh-MovAway-VehLane,15.047497749328613
seed0-stage6,triplet,58,MedVeh-MovAway-OutgoLane,11.197251319885254
seed0-stage6,triplet,59,MedVeh-MovAway-Jun,4.703535556793213
seed0-stage6,triplet,60,MedVeh-MovTow-IncomLane,9.121275901794434
seed0-stage6,triplet,61,MedVeh-MovTow-Jun,5.549841403961182
seed0-stage6,triplet,62,MedVeh-Brake-VehLane,8.572193145751953
seed0-stage6,triplet,63,MedVeh-Brake-OutgoLane,17.244421005249023
seed0-stage6,triplet,64,MedVeh-Brake-Jun,23.767383575439453
seed0-stage6,triplet,65,MedVeh-Stop-VehLane,7.435029983520508
seed0-stage6,triplet,66,MedVeh-Stop-OutgoLane,12.085854530334473
seed0-stage6,triplet,67,MedVeh-Stop-IncomLane,2.6325523853302
seed0-stage6,triplet,68,MedVeh-Stop-Jun,12.08773136138916
seed0-stage6,triplet,69,MedVeh-Stop-parking,0.11899023503065109
seed0-stage6,triplet,70,MedVeh-IncatLft-IncomLane,0.19361312687397003
seed0-stage6,triplet,71,MedVeh-IncatRht-Jun,0.11873027682304382
seed0-stage6,triplet,72,MedVeh-TurRht-Jun,2.8162636756896973
seed0-stage6,triplet,73,MedVeh-XingFmLft-Jun,13.396419525146484
seed0-stage6,triplet,74,MedVeh-XingFmRht-Jun,11.641142845153809
seed0-stage6,triplet,75,LarVeh-MovAway-VehLane,0.14633508026599884
seed0-stage6,triplet,76,LarVeh-MovTow-IncomLane,6.7526021003723145
seed0-stage6,triplet,77,LarVeh-Stop-VehLane,2.703291177749634
seed0-stage6,triplet,78,LarVeh-Stop-Jun,21.44510841369629
seed0-stage6,triplet,79,Bus-MovAway-OutgoLane,9.524001121520996
seed0-stage6,triplet,80,Bus-MovTow-IncomLane,26.507122039794922
seed0-stage6,triplet,81,Bus-Stop-VehLane,56.30218505859375
seed0-stage6,triplet,82,Bus-Stop-OutgoLane,2.30291485786438
seed0-stage6,triplet,83,Bus-Stop-IncomLane,2.6026034355163574
seed0-stage6,triplet,84,Bus-Stop-Jun,8.03996467590332
seed0-stage6,triplet,85,Bus-HazLit-OutgoLane,4.251708984375
seed1-fusion-flat-evidence,agentness,0,agentness,65.3644790649414
seed1-fusion-flat-evidence,agent,0,Ped,65.67159271240234
seed1-fusion-flat-evidence,agent,1,Car,62.94348907470703
seed1-fusion-flat-evidence,agent,2,Cyc,13.659136772155762
seed1-fusion-flat-evidence,agent,3,Mobike,41.83154296875
seed1-fusion-flat-evidence,agent,4,SmalVeh,0.02811187319457531
seed1-fusion-flat-evidence,agent,5,MedVeh,33.943809509277344
seed1-fusion-flat-evidence,agent,6,LarVeh,22.92780113220215
seed1-fusion-flat-evidence,agent,7,Bus,46.70212936401367
seed1-fusion-flat-evidence,agent,8,EmVeh,0.005572479218244553
seed1-fusion-flat-evidence,agent,9,TL,64.73817443847656
seed1-fusion-flat-evidence,action,0,Red,65.3269271850586
seed1-fusion-flat-evidence,action,1,Amber,27.205766677856445
seed1-fusion-flat-evidence,action,2,Green,40.382957458496094
seed1-fusion-flat-evidence,action,3,MovAway,41.33228302001953
seed1-fusion-flat-evidence,action,4,MovTow,32.86043930053711
seed1-fusion-flat-evidence,action,5,Mov,10.16634750366211
seed1-fusion-flat-evidence,action,6,Rev,0.12161518633365631
seed1-fusion-flat-evidence,action,7,Brake,43.000431060791016
seed1-fusion-flat-evidence,action,8,Stop,54.85040283203125
seed1-fusion-flat-evidence,action,9,IncatLft,4.41572904586792
seed1-fusion-flat-evidence,action,10,IncatRht,2.16774845123291
seed1-fusion-flat-evidence,action,11,HazLit,5.822088718414307
seed1-fusion-flat-evidence,action,12,TurLft,6.078979015350342
seed1-fusion-flat-evidence,action,13,TurRht,6.000380039215088
seed1-fusion-flat-evidence,action,14,MovRht,0.7903037071228027
seed1-fusion-flat-evidence,action,15,MovLft,0.9733543395996094
seed1-fusion-flat-evidence,action,16,Ovtak,0.3842667043209076
seed1-fusion-flat-evidence,action,17,Wait2X,19.241737365722656
seed1-fusion-flat-evidence,action,18,XingFmLft,14.986653327941895
seed1-fusion-flat-evidence,action,19,XingFmRht,16.163284301757812
seed1-fusion-flat-evidence,action,20,Xing,22.45201873779297
seed1-fusion-flat-evidence,action,21,PushObj,3.33851957321167
seed1-fusion-flat-evidence,loc,0,VehLane,36.42338180541992
seed1-fusion-flat-evidence,loc,1,OutgoLane,41.16587448120117
seed1-fusion-flat-evidence,loc,2,OutgoCycLane,0.10663986951112747
seed1-fusion-flat-evidence,loc,3,OutgoBusLane,4.48456335067749
seed1-fusion-flat-evidence,loc,4,IncomLane,36.094505310058594
seed1-fusion-flat-evidence,loc,5,IncomCycLane,1.1034826040267944
seed1-fusion-flat-evidence,loc,6,IncomBusLane,15.106588363647461
seed1-fusion-flat-evidence,loc,7,Pav,11.268784523010254
seed1-fusion-flat-evidence,loc,8,LftPav,35.699954986572266
seed1-fusion-flat-evidence,loc,9,RhtPav,40.732452392578125
seed1-fusion-flat-evidence,loc,10,Jun,33.455440521240234
seed1-fusion-flat-evidence,loc,11,xing,13.844655990600586
seed1-fusion-flat-evidence,loc,12,BusStop,2.9511494636535645
seed1-fusion-flat-evidence,loc,13,parking,3.346518039703369
seed1-fusion-flat-evidence,loc,14,LftParking,41.539730072021484
seed1-fusion-flat-evidence,loc,15,rightParking,42.66543960571289
seed1-fusion-flat-evidence,duplex,0,Ped-MovAway,29.61162757873535
seed1-fusion-flat-evidence,duplex,1,Ped-MovTow,34.577293395996094
seed1-fusion-flat-evidence,duplex,2,Ped-Mov,14.783602714538574
seed1-fusion-flat-evidence,duplex,3,Ped-Stop,30.74314308166504
seed1-fusion-flat-evidence,duplex,4,Ped-Wait2X,29.27288246154785
seed1-fusion-flat-evidence,duplex,5,Ped-XingFmLft,17.89524269104004
seed1-fusion-flat-evidence,duplex,6,Ped-XingFmRht,26.849416732788086
seed1-fusion-flat-evidence,duplex,7,Ped-Xing,26.6743106842041
seed1-fusion-flat-evidence,duplex,8,Ped-PushObj,5.6383137702941895
seed1-fusion-flat-evidence,duplex,9,Car-MovAway,46.82656478881836
seed1-fusion-flat-evidence,duplex,10,Car-MovTow,35.60910415649414
seed1-fusion-flat-evidence,duplex,11,Car-Brake,41.70439910888672
seed1-fusion-flat-evidence,duplex,12,Car-Stop,53.110496520996094
seed1-fusion-flat-evidence,duplex,13,Car-IncatLft,10.11343002319336
seed1-fusion-flat-evidence,duplex,14,Car-IncatRht,3.357614040374756
seed1-fusion-flat-evidence,duplex,15,Car-HazLit,1.3952996730804443
seed1-fusion-flat-evidence,duplex,16,Car-TurLft,8.42923355102539
seed1-fusion-flat-evidence,duplex,17,Car-TurRht,8.992082595825195
seed1-fusion-flat-evidence,duplex,18,Car-MovRht,1.1763540506362915
seed1-fusion-flat-evidence,duplex,19,Car-MovLft,1.359993815422058
seed1-fusion-flat-evidence,duplex,20,Car-XingFmLft,12.473746299743652
seed1-fusion-flat-evidence,duplex,21,Car-XingFmRht,11.521349906921387
seed1-fusion-flat-evidence,duplex,22,Cyc-MovAway,5.379196643829346
seed1-fusion-flat-evidence,duplex,23,Cyc-MovTow,2.3858563899993896
seed1-fusion-flat-evidence,duplex,24,Cyc-Stop,1.185867190361023
seed1-fusion-flat-evidence,duplex,25,Mobike-Stop,25.740957260131836
seed1-fusion-flat-evidence,duplex,26,MedVeh-MovAway,18.93508529663086
seed1-fusion-flat-evidence,duplex,27,MedVeh-MovTow,8.890111923217773
seed1-fusion-flat-evidence,duplex,28,MedVeh-Brake,13.494384765625
seed1-fusion-flat-evidence,duplex,29,MedVeh-Stop,19.392135620117188
seed1-fusion-flat-evidence,duplex,30,MedVeh-IncatLft,3.4186911582946777
seed1-fusion-flat-evidence,duplex,31,MedVeh-IncatRht,1.0125073194503784
seed1-fusion-flat-evidence,duplex,32,MedVeh-HazLit,5.400405406951904
seed1-fusion-flat-evidence,duplex,33,MedVeh-TurRht,1.2033003568649292
seed1-fusion-flat-evidence,duplex,34,MedVeh-XingFmLft,12.560419082641602
seed1-fusion-flat-evidence,duplex,35,MedVeh-XingFmRht,9.382254600524902
seed1-fusion-flat-evidence,duplex,36,LarVeh-MovAway,2.2759859561920166
seed1-fusion-flat-evidence,duplex,37,LarVeh-MovTow,5.392770767211914
seed1-fusion-flat-evidence,duplex,38,LarVeh-Stop,18.008665084838867
seed1-fusion-flat-evidence,duplex,39,LarVeh-HazLit,14.081681251525879
seed1-fusion-flat-evidence,duplex,40,Bus-MovAway,21.248580932617188
seed1-fusion-flat-evidence,duplex,41,Bus-MovTow,19.81580352783203
seed1-fusion-flat-evidence,duplex,42,Bus-Brake,30.884931564331055
seed1-fusion-flat-evidence,duplex,43,Bus-Stop,20.866281509399414
seed1-fusion-flat-evidence,duplex,44,Bus-HazLit,33.913818359375
seed1-fusion-flat-evidence,duplex,45,EmVeh-Stop,0.004992980044335127
seed1-fusion-flat-evidence,duplex,46,TL-Red,62.72257614135742
seed1-fusion-flat-evidence,duplex,47,TL-Amber,24.142154693603516
seed1-fusion-flat-evidence,duplex,48,TL-Green,48.11897659301758
seed1-fusion-flat-evidence,triplet,0,Ped-MovAway-LftPav,17.680736541748047
seed1-fusion-flat-evidence,triplet,1,Ped-MovAway-RhtPav,26.291584014892578
seed1-fusion-flat-evidence,triplet,2,Ped-MovAway-Jun,0.35401228070259094
seed1-fusion-flat-evidence,triplet,3,Ped-MovTow-LftPav,25.190372467041016
seed1-fusion-flat-evidence,triplet,4,Ped-MovTow-RhtPav,28.387744903564453
seed1-fusion-flat-evidence,triplet,5,Ped-MovTow-Jun,6.663243770599365
seed1-fusion-flat-evidence,triplet,6,Ped-Mov-OutgoLane,0.8381651639938354
seed1-fusion-flat-evidence,triplet,7,Ped-Mov-Pav,10.504925727844238
seed1-fusion-flat-evidence,triplet,8,Ped-Mov-RhtPav,3.3833985328674316
seed1-fusion-flat-evidence,triplet,9,Ped-Stop-OutgoLane,6.415134906768799
seed1-fusion-flat-evidence,triplet,10,Ped-Stop-Pav,3.778860330581665
seed1-fusion-flat-evidence,triplet,11,Ped-Stop-LftPav,23.03390121459961
seed1-fusion-flat-evidence,triplet,12,Ped-Stop-RhtPav,16.33427619934082
seed1-fusion-flat-evidence,triplet,13,Ped-Stop-BusStop,8.077431678771973
seed1-fusion-flat-evidence,triplet,14,Ped-Wait2X-RhtPav,5.954593181610107
seed1-fusion-flat-evidence,triplet,15,Ped-Wait2X-Jun,24.07524299621582
seed1-fusion-flat-evidence,triplet,16,Ped-XingFmLft-Jun,18.950763702392578
seed1-fusion-flat-evidence,triplet,17,Ped-XingFmRht-Jun,23.568756103515625
seed1-fusion-flat-evidence,triplet,18,Ped-XingFmRht-xing,9.74363899230957
seed1-fusion-flat-evidence,triplet,19,Ped-Xing-Jun,17.782573699951172
seed1-fusion-flat-evidence,triplet,20,Ped-PushObj-LftPav,0.07943550497293472
seed1-fusion-flat-evidence,triplet,21,Ped-PushObj-RhtPav,1.4531883001327515
seed1-fusion-flat-evidence,triplet,22,Car-MovAway-VehLane,26.574573516845703
seed1-fusion-flat-evidence,triplet,23,Car-MovAway-OutgoLane,40.25661087036133
seed1-fusion-flat-evidence,triplet,24,Car-MovAway-Jun,12.049493789672852
seed1-fusion-flat-evidence,triplet,25,Car-MovTow-VehLane,0.09071070700883865
seed1-fusion-flat-evidence,triplet,26,Car-MovTow-IncomLane,37.88872146606445
seed1-fusion-flat-evidence,triplet,27,Car-MovTow-Jun,8.937715530395508
seed1-fusion-flat-evidence,triplet,28,Car-Brake-VehLane,37.769752502441406
seed1-fusion-flat-evidence,triplet,29,Car-Brake-OutgoLane,32.7042121887207
seed1-fusion-flat-evidence,triplet,30,Car-Brake-Jun,20.795011520385742
seed1-fusion-flat-evidence,triplet,31,Car-Stop-VehLane,38.524879455566406
seed1-fusion-flat-evidence,triplet,32,Car-Stop-OutgoLane,27.501726150512695
seed1-fusion-flat-evidence,triplet,33,Car-Stop-IncomLane,24.549131393432617
seed1-fusion-flat-evidence,triplet,34,Car-Stop-Jun,24.61937713623047
seed1-fusion-flat-evidence,triplet,35,Car-Stop-parking,1.8686857223510742
seed1-fusion-flat-evidence,triplet,36,Car-IncatLft-VehLane,18.325437545776367
seed1-fusion-flat-evidence,triplet,37,Car-IncatLft-OutgoLane,3.3482680320739746
seed1-fusion-flat-evidence,triplet,38,Car-IncatLft-IncomLane,5.789266586303711
seed1-fusion-flat-evidence,triplet,39,Car-IncatLft-Jun,7.076269626617432
seed1-fusion-flat-evidence,triplet,40,Car-IncatRht-VehLane,2.1199564933776855
seed1-fusion-flat-evidence,triplet,41,Car-IncatRht-OutgoLane,2.1297876834869385
seed1-fusion-flat-evidence,triplet,42,Car-IncatRht-IncomLane,0.8754696249961853
seed1-fusion-flat-evidence,triplet,43,Car-IncatRht-Jun,1.3872063159942627
seed1-fusion-flat-evidence,triplet,44,Car-HazLit-IncomLane,0.09097836166620255
seed1-fusion-flat-evidence,triplet,45,Car-TurLft-VehLane,0.7871511578559875
seed1-fusion-flat-evidence,triplet,46,Car-TurLft-Jun,8.062830924987793
seed1-fusion-flat-evidence,triplet,47,Car-TurRht-Jun,6.906894683837891
seed1-fusion-flat-evidence,triplet,48,Car-MovRht-OutgoLane,1.1212842464447021
seed1-fusion-flat-evidence,triplet,49,Car-MovLft-VehLane,0.2449442446231842
seed1-fusion-flat-evidence,triplet,50,Car-MovLft-OutgoLane,1.0971095561981201
seed1-fusion-flat-evidence,triplet,51,Car-XingFmLft-Jun,12.165183067321777
seed1-fusion-flat-evidence,triplet,52,Car-XingFmRht-Jun,11.346309661865234
seed1-fusion-flat-evidence,triplet,53,Cyc-MovAway-OutgoCycLane,0.10746575146913528
seed1-fusion-flat-evidence,triplet,54,Cyc-MovAway-RhtPav,0.0025999676436185837
seed1-fusion-flat-evidence,triplet,55,Cyc-MovTow-IncomLane,1.475097417831421
seed1-fusion-flat-evidence,triplet,56,Cyc-MovTow-RhtPav,0.0
seed1-fusion-flat-evidence,triplet,57,MedVeh-MovAway-VehLane,19.976503372192383
seed1-fusion-flat-evidence,triplet,58,MedVeh-MovAway-OutgoLane,12.075033187866211
seed1-fusion-flat-evidence,triplet,59,MedVeh-MovAway-Jun,5.959757328033447
seed1-fusion-flat-evidence,triplet,60,MedVeh-MovTow-IncomLane,9.625815391540527
seed1-fusion-flat-evidence,triplet,61,MedVeh-MovTow-Jun,4.6591668128967285
seed1-fusion-flat-evidence,triplet,62,MedVeh-Brake-VehLane,17.67933464050293
seed1-fusion-flat-evidence,triplet,63,MedVeh-Brake-OutgoLane,12.971441268920898
seed1-fusion-flat-evidence,triplet,64,MedVeh-Brake-Jun,19.662813186645508
seed1-fusion-flat-evidence,triplet,65,MedVeh-Stop-VehLane,17.253192901611328
seed1-fusion-flat-evidence,triplet,66,MedVeh-Stop-OutgoLane,9.866376876831055
seed1-fusion-flat-evidence,triplet,67,MedVeh-Stop-IncomLane,1.8906216621398926
seed1-fusion-flat-evidence,triplet,68,MedVeh-Stop-Jun,11.208908081054688
seed1-fusion-flat-evidence,triplet,69,MedVeh-Stop-parking,0.17562226951122284
seed1-fusion-flat-evidence,triplet,70,MedVeh-IncatLft-IncomLane,1.4532848596572876
seed1-fusion-flat-evidence,triplet,71,MedVeh-IncatRht-Jun,0.055642254650592804
seed1-fusion-flat-evidence,triplet,72,MedVeh-TurRht-Jun,1.8977230787277222
seed1-fusion-flat-evidence,triplet,73,MedVeh-XingFmLft-Jun,12.710179328918457
seed1-fusion-flat-evidence,triplet,74,MedVeh-XingFmRht-Jun,8.604023933410645
seed1-fusion-flat-evidence,triplet,75,LarVeh-MovAway-VehLane,0.5236016511917114
seed1-fusion-flat-evidence,triplet,76,LarVeh-MovTow-IncomLane,6.566681385040283
seed1-fusion-flat-evidence,triplet,77,LarVeh-Stop-VehLane,2.6413118839263916
seed1-fusion-flat-evidence,triplet,78,LarVeh-Stop-Jun,6.040979862213135
seed1-fusion-flat-evidence,triplet,79,Bus-MovAway-OutgoLane,14.899914741516113
seed1-fusion-flat-evidence,triplet,80,Bus-MovTow-IncomLane,19.187702178955078
seed1-fusion-flat-evidence,triplet,81,Bus-Stop-VehLane,30.617128372192383
seed1-fusion-flat-evidence,triplet,82,Bus-Stop-OutgoLane,2.446652889251709
seed1-fusion-flat-evidence,triplet,83,Bus-Stop-IncomLane,0.8830504417419434
seed1-fusion-flat-evidence,triplet,84,Bus-Stop-Jun,9.383769035339355
seed1-fusion-flat-evidence,triplet,85,Bus-HazLit-OutgoLane,4.9522624015808105
seed1-fusion-shuffled,agentness,0,agentness,65.3644790649414
seed1-fusion-shuffled,agent,0,Ped,65.67159271240234
seed1-fusion-shuffled,agent,1,Car,62.94348907470703
seed1-fusion-shuffled,agent,2,Cyc,13.659136772155762
seed1-fusion-shuffled,agent,3,Mobike,41.83154296875
seed1-fusion-shuffled,agent,4,SmalVeh,0.02811187319457531
seed1-fusion-shuffled,agent,5,MedVeh,33.943809509277344
seed1-fusion-shuffled,agent,6,LarVeh,22.92780113220215
seed1-fusion-shuffled,agent,7,Bus,46.70212936401367
seed1-fusion-shuffled,agent,8,EmVeh,0.005572479218244553
seed1-fusion-shuffled,agent,9,TL,64.73817443847656
seed1-fusion-shuffled,action,0,Red,65.3269271850586
seed1-fusion-shuffled,action,1,Amber,27.205766677856445
seed1-fusion-shuffled,action,2,Green,40.382957458496094
seed1-fusion-shuffled,action,3,MovAway,41.33228302001953
seed1-fusion-shuffled,action,4,MovTow,32.86043930053711
seed1-fusion-shuffled,action,5,Mov,10.16634750366211
seed1-fusion-shuffled,action,6,Rev,0.12161518633365631
seed1-fusion-shuffled,action,7,Brake,43.000431060791016
seed1-fusion-shuffled,action,8,Stop,54.85040283203125
seed1-fusion-shuffled,action,9,IncatLft,4.41572904586792
seed1-fusion-shuffled,action,10,IncatRht,2.16774845123291
seed1-fusion-shuffled,action,11,HazLit,5.822088718414307
seed1-fusion-shuffled,action,12,TurLft,6.078979015350342
seed1-fusion-shuffled,action,13,TurRht,6.000380039215088
seed1-fusion-shuffled,action,14,MovRht,0.7903037071228027
seed1-fusion-shuffled,action,15,MovLft,0.9733543395996094
seed1-fusion-shuffled,action,16,Ovtak,0.3842667043209076
seed1-fusion-shuffled,action,17,Wait2X,19.241737365722656
seed1-fusion-shuffled,action,18,XingFmLft,14.986653327941895
seed1-fusion-shuffled,action,19,XingFmRht,16.163284301757812
seed1-fusion-shuffled,action,20,Xing,22.45201873779297
seed1-fusion-shuffled,action,21,PushObj,3.33851957321167
seed1-fusion-shuffled,loc,0,VehLane,36.42338180541992
seed1-fusion-shuffled,loc,1,OutgoLane,41.16587448120117
seed1-fusion-shuffled,loc,2,OutgoCycLane,0.10663986951112747
seed1-fusion-shuffled,loc,3,OutgoBusLane,4.48456335067749
seed1-fusion-shuffled,loc,4,IncomLane,36.094505310058594
seed1-fusion-shuffled,loc,5,IncomCycLane,1.1034826040267944
seed1-fusion-shuffled,loc,6,IncomBusLane,15.106588363647461
seed1-fusion-shuffled,loc,7,Pav,11.268784523010254
seed1-fusion-shuffled,loc,8,LftPav,35.699954986572266
seed1-fusion-shuffled,loc,9,RhtPav,40.732452392578125
seed1-fusion-shuffled,loc,10,Jun,33.455440521240234
seed1-fusion-shuffled,loc,11,xing,13.844655990600586
seed1-fusion-shuffled,loc,12,BusStop,2.9511494636535645
seed1-fusion-shuffled,loc,13,parking,3.346518039703369
seed1-fusion-shuffled,loc,14,LftParking,41.539730072021484
seed1-fusion-shuffled,loc,15,rightParking,42.66543960571289
seed1-fusion-shuffled,duplex,0,Ped-MovAway,29.718154907226562
seed1-fusion-shuffled,duplex,1,Ped-MovTow,34.836830139160156
seed1-fusion-shuffled,duplex,2,Ped-Mov,15.208329200744629
seed1-fusion-shuffled,duplex,3,Ped-Stop,30.961708068847656
seed1-fusion-shuffled,duplex,4,Ped-Wait2X,29.04340171813965
seed1-fusion-shuffled,duplex,5,Ped-XingFmLft,18.715585708618164
seed1-fusion-shuffled,duplex,6,Ped-XingFmRht,26.171905517578125
seed1-fusion-shuffled,duplex,7,Ped-Xing,27.017589569091797
seed1-fusion-shuffled,duplex,8,Ped-PushObj,5.6207756996154785
seed1-fusion-shuffled,duplex,9,Car-MovAway,47.02322769165039
seed1-fusion-shuffled,duplex,10,Car-MovTow,36.16987228393555
seed1-fusion-shuffled,duplex,11,Car-Brake,41.15477752685547
seed1-fusion-shuffled,duplex,12,Car-Stop,53.04808807373047
seed1-fusion-shuffled,duplex,13,Car-IncatLft,11.285988807678223
seed1-fusion-shuffled,duplex,14,Car-IncatRht,3.6173417568206787
seed1-fusion-shuffled,duplex,15,Car-HazLit,1.2721173763275146
seed1-fusion-shuffled,duplex,16,Car-TurLft,8.314687728881836
seed1-fusion-shuffled,duplex,17,Car-TurRht,7.985662460327148
seed1-fusion-shuffled,duplex,18,Car-MovRht,1.1949869394302368
seed1-fusion-shuffled,duplex,19,Car-MovLft,1.259706735610962
seed1-fusion-shuffled,duplex,20,Car-XingFmLft,13.010008811950684
seed1-fusion-shuffled,duplex,21,Car-XingFmRht,12.472570419311523
seed1-fusion-shuffled,duplex,22,Cyc-MovAway,8.434355735778809
seed1-fusion-shuffled,duplex,23,Cyc-MovTow,2.1459457874298096
seed1-fusion-shuffled,duplex,24,Cyc-Stop,1.548714280128479
seed1-fusion-shuffled,duplex,25,Mobike-Stop,25.997766494750977
seed1-fusion-shuffled,duplex,26,MedVeh-MovAway,20.262630462646484
seed1-fusion-shuffled,duplex,27,MedVeh-MovTow,8.971380233764648
seed1-fusion-shuffled,duplex,28,MedVeh-Brake,18.280513763427734
seed1-fusion-shuffled,duplex,29,MedVeh-Stop,20.02313995361328
seed1-fusion-shuffled,duplex,30,MedVeh-IncatLft,3.0570409297943115
seed1-fusion-shuffled,duplex,31,MedVeh-IncatRht,0.7513426542282104
seed1-fusion-shuffled,duplex,32,MedVeh-HazLit,5.205156326293945
seed1-fusion-shuffled,duplex,33,MedVeh-TurRht,0.6854537129402161
seed1-fusion-shuffled,duplex,34,MedVeh-XingFmLft,11.381361961364746
seed1-fusion-shuffled,duplex,35,MedVeh-XingFmRht,12.77256965637207
seed1-fusion-shuffled,duplex,36,LarVeh-MovAway,1.795730471611023
seed1-fusion-shuffled,duplex,37,LarVeh-MovTow,7.517515182495117
seed1-fusion-shuffled,duplex,38,LarVeh-Stop,17.667543411254883
seed1-fusion-shuffled,duplex,39,LarVeh-HazLit,20.079492568969727
seed1-fusion-shuffled,duplex,40,Bus-MovAway,23.933626174926758
seed1-fusion-shuffled,duplex,41,Bus-MovTow,20.801177978515625
seed1-fusion-shuffled,duplex,42,Bus-Brake,32.78629684448242
seed1-fusion-shuffled,duplex,43,Bus-Stop,20.779382705688477
seed1-fusion-shuffled,duplex,44,Bus-HazLit,41.446346282958984
seed1-fusion-shuffled,duplex,45,EmVeh-Stop,0.003408959601074457
seed1-fusion-shuffled,duplex,46,TL-Red,62.30660629272461
seed1-fusion-shuffled,duplex,47,TL-Amber,14.81031608581543
seed1-fusion-shuffled,duplex,48,TL-Green,43.54788589477539
seed1-fusion-shuffled,triplet,0,Ped-MovAway-LftPav,18.886432647705078
seed1-fusion-shuffled,triplet,1,Ped-MovAway-RhtPav,25.767967224121094
seed1-fusion-shuffled,triplet,2,Ped-MovAway-Jun,0.2682567536830902
seed1-fusion-shuffled,triplet,3,Ped-MovTow-LftPav,24.708351135253906
seed1-fusion-shuffled,triplet,4,Ped-MovTow-RhtPav,28.39516830444336
seed1-fusion-shuffled,triplet,5,Ped-MovTow-Jun,2.8260207176208496
seed1-fusion-shuffled,triplet,6,Ped-Mov-OutgoLane,0.8418552279472351
seed1-fusion-shuffled,triplet,7,Ped-Mov-Pav,10.661592483520508
seed1-fusion-shuffled,triplet,8,Ped-Mov-RhtPav,3.543783187866211
seed1-fusion-shuffled,triplet,9,Ped-Stop-OutgoLane,7.288405418395996
seed1-fusion-shuffled,triplet,10,Ped-Stop-Pav,3.854663372039795
seed1-fusion-shuffled,triplet,11,Ped-Stop-LftPav,23.189599990844727
seed1-fusion-shuffled,triplet,12,Ped-Stop-RhtPav,15.61224365234375
seed1-fusion-shuffled,triplet,13,Ped-Stop-BusStop,6.999173164367676
seed1-fusion-shuffled,triplet,14,Ped-Wait2X-RhtPav,5.304523468017578
seed1-fusion-shuffled,triplet,15,Ped-Wait2X-Jun,23.800498962402344
seed1-fusion-shuffled,triplet,16,Ped-XingFmLft-Jun,18.446653366088867
seed1-fusion-shuffled,triplet,17,Ped-XingFmRht-Jun,24.60512351989746
seed1-fusion-shuffled,triplet,18,Ped-XingFmRht-xing,8.74686050415039
seed1-fusion-shuffled,triplet,19,Ped-Xing-Jun,20.087696075439453
seed1-fusion-shuffled,triplet,20,Ped-PushObj-LftPav,0.07070234417915344
seed1-fusion-shuffled,triplet,21,Ped-PushObj-RhtPav,1.066768765449524
seed1-fusion-shuffled,triplet,22,Car-MovAway-VehLane,26.68130874633789
seed1-fusion-shuffled,triplet,23,Car-MovAway-OutgoLane,40.347557067871094
seed1-fusion-shuffled,triplet,24,Car-MovAway-Jun,11.969528198242188
seed1-fusion-shuffled,triplet,25,Car-MovTow-VehLane,0.13906940817832947
seed1-fusion-shuffled,triplet,26,Car-MovTow-IncomLane,38.61888885498047
seed1-fusion-shuffled,triplet,27,Car-MovTow-Jun,9.059194564819336
seed1-fusion-shuffled,triplet,28,Car-Brake-VehLane,37.27275466918945
seed1-fusion-shuffled,triplet,29,Car-Brake-OutgoLane,33.04154586791992
seed1-fusion-shuffled,triplet,30,Car-Brake-Jun,21.172618865966797
seed1-fusion-shuffled,triplet,31,Car-Stop-VehLane,37.97501754760742
seed1-fusion-shuffled,triplet,32,Car-Stop-OutgoLane,28.092206954956055
seed1-fusion-shuffled,triplet,33,Car-Stop-IncomLane,24.772476196289062
seed1-fusion-shuffled,triplet,34,Car-Stop-Jun,24.9111270904541
seed1-fusion-shuffled,triplet,35,Car-Stop-parking,1.783856987953186
seed1-fusion-shuffled,triplet,36,Car-IncatLft-VehLane,18.40441131591797
seed1-fusion-shuffled,triplet,37,Car-IncatLft-OutgoLane,2.187873363494873
seed1-fusion-shuffled,triplet,38,Car-IncatLft-IncomLane,6.150116920471191
seed1-fusion-shuffled,triplet,39,Car-IncatLft-Jun,4.573862552642822
seed1-fusion-shuffled,triplet,40,Car-IncatRht-VehLane,2.3793911933898926
seed1-fusion-shuffled,triplet,41,Car-IncatRht-OutgoLane,1.8175780773162842
seed1-fusion-shuffled,triplet,42,Car-IncatRht-IncomLane,1.4918572902679443
seed1-fusion-shuffled,triplet,43,Car-IncatRht-Jun,1.676023244857788
seed1-fusion-shuffled,triplet,44,Car-HazLit-IncomLane,0.04724859818816185
seed1-fusion-shuffled,triplet,45,Car-TurLft-VehLane,0.733564555644989
seed1-fusion-shuffled,triplet,46,Car-TurLft-Jun,7.430192470550537
seed1-fusion-shuffled,triplet,47,Car-TurRht-Jun,6.221595764160156
seed1-fusion-shuffled,triplet,48,Car-MovRht-OutgoLane,0.8468279838562012
seed1-fusion-shuffled,triplet,49,Car-MovLft-VehLane,0.1955539733171463
seed1-fusion-shuffled,triplet,50,Car-MovLft-OutgoLane,1.239986538887024
seed1-fusion-shuffled,triplet,51,Car-XingFmLft-Jun,12.712271690368652
seed1-fusion-shuffled,triplet,52,Car-XingFmRht-Jun,12.435986518859863
seed1-fusion-shuffled,triplet,53,Cyc-MovAway-OutgoCycLane,0.05635774880647659
seed1-fusion-shuffled,triplet,54,Cyc-MovAway-RhtPav,0.0017590911593288183
seed1-fusion-shuffled,triplet,55,Cyc-MovTow-IncomLane,0.8597607612609863
seed1-fusion-shuffled,triplet,56,Cyc-MovTow-RhtPav,0.0
seed1-fusion-shuffled,triplet,57,MedVeh-MovAway-VehLane,15.626798629760742
seed1-fusion-shuffled,triplet,58,MedVeh-MovAway-OutgoLane,13.471394538879395
seed1-fusion-shuffled,triplet,59,MedVeh-MovAway-Jun,6.156555652618408
seed1-fusion-shuffled,triplet,60,MedVeh-MovTow-IncomLane,9.823233604431152
seed1-fusion-shuffled,triplet,61,MedVeh-MovTow-Jun,4.268780708312988
seed1-fusion-shuffled,triplet,62,MedVeh-Brake-VehLane,13.02537727355957
seed1-fusion-shuffled,triplet,63,MedVeh-Brake-OutgoLane,17.887601852416992
seed1-fusion-shuffled,triplet,64,MedVeh-Brake-Jun,23.949247360229492
seed1-fusion-shuffled,triplet,65,MedVeh-Stop-VehLane,16.83243179321289
seed1-fusion-shuffled,triplet,66,MedVeh-Stop-OutgoLane,11.662362098693848
seed1-fusion-shuffled,triplet,67,MedVeh-Stop-IncomLane,1.4978951215744019
seed1-fusion-shuffled,triplet,68,MedVeh-Stop-Jun,14.376462936401367
seed1-fusion-shuffled,triplet,69,MedVeh-Stop-parking,0.6383222341537476
seed1-fusion-shuffled,triplet,70,MedVeh-IncatLft-IncomLane,0.7878320813179016
seed1-fusion-shuffled,triplet,71,MedVeh-IncatRht-Jun,0.05148052051663399
seed1-fusion-shuffled,triplet,72,MedVeh-TurRht-Jun,0.883877694606781
seed1-fusion-shuffled,triplet,73,MedVeh-XingFmLft-Jun,10.731359481811523
seed1-fusion-shuffled,triplet,74,MedVeh-XingFmRht-Jun,11.280702590942383
seed1-fusion-shuffled,triplet,75,LarVeh-MovAway-VehLane,0.5463199019432068
seed1-fusion-shuffled,triplet,76,LarVeh-MovTow-IncomLane,6.246005058288574
seed1-fusion-shuffled,triplet,77,LarVeh-Stop-VehLane,5.230636119842529
seed1-fusion-shuffled,triplet,78,LarVeh-Stop-Jun,8.790764808654785
seed1-fusion-shuffled,triplet,79,Bus-MovAway-OutgoLane,6.016825199127197
seed1-fusion-shuffled,triplet,80,Bus-MovTow-IncomLane,20.860883712768555
seed1-fusion-shuffled,triplet,81,Bus-Stop-VehLane,27.49087142944336
seed1-fusion-shuffled,triplet,82,Bus-Stop-OutgoLane,3.3874435424804688
seed1-fusion-shuffled,triplet,83,Bus-Stop-IncomLane,0.8096209168434143
seed1-fusion-shuffled,triplet,84,Bus-Stop-Jun,10.471341133117676
seed1-fusion-shuffled,triplet,85,Bus-HazLit-OutgoLane,14.66468334197998
seed1-head-flat,agentness,0,agentness,65.3644790649414
seed1-head-flat,agent,0,Ped,65.67159271240234
seed1-head-flat,agent,1,Car,62.94348907470703
seed1-head-flat,agent,2,Cyc,13.659136772155762
seed1-head-flat,agent,3,Mobike,41.83154296875
seed1-head-flat,agent,4,SmalVeh,0.02811187319457531
seed1-head-flat,agent,5,MedVeh,33.943809509277344
seed1-head-flat,agent,6,LarVeh,22.92780113220215
seed1-head-flat,agent,7,Bus,46.70212936401367
seed1-head-flat,agent,8,EmVeh,0.005572479218244553
seed1-head-flat,agent,9,TL,64.73817443847656
seed1-head-flat,action,0,Red,65.3269271850586
seed1-head-flat,action,1,Amber,27.205766677856445
seed1-head-flat,action,2,Green,40.382957458496094
seed1-head-flat,action,3,MovAway,41.33228302001953
seed1-head-flat,action,4,MovTow,32.86043930053711
seed1-head-flat,action,5,Mov,10.16634750366211
seed1-head-flat,action,6,Rev,0.12161518633365631
seed1-head-flat,action,7,Brake,43.000431060791016
seed1-head-flat,action,8,Stop,54.85040283203125
seed1-head-flat,action,9,IncatLft,4.41572904586792
seed1-head-flat,action,10,IncatRht,2.16774845123291
seed1-head-flat,action,11,HazLit,5.822088718414307
seed1-head-flat,action,12,TurLft,6.078979015350342
seed1-head-flat,action,13,TurRht,6.000380039215088
seed1-head-flat,action,14,MovRht,0.7903037071228027
seed1-head-flat,action,15,MovLft,0.9733543395996094
seed1-head-flat,action,16,Ovtak,0.3842667043209076
seed1-head-flat,action,17,Wait2X,19.241737365722656
seed1-head-flat,action,18,XingFmLft,14.986653327941895
seed1-head-flat,action,19,XingFmRht,16.163284301757812
seed1-head-flat,action,20,Xing,22.45201873779297
seed1-head-flat,action,21,PushObj,3.33851957321167
seed1-head-flat,loc,0,VehLane,36.42338180541992
seed1-head-flat,loc,1,OutgoLane,41.16587448120117
seed1-head-flat,loc,2,OutgoCycLane,0.10663986951112747
seed1-head-flat,loc,3,OutgoBusLane,4.48456335067749
seed1-head-flat,loc,4,IncomLane,36.094505310058594
seed1-head-flat,loc,5,IncomCycLane,1.1034826040267944
seed1-head-flat,loc,6,IncomBusLane,15.106588363647461
seed1-head-flat,loc,7,Pav,11.268784523010254
seed1-head-flat,loc,8,LftPav,35.699954986572266
seed1-head-flat,loc,9,RhtPav,40.732452392578125
seed1-head-flat,loc,10,Jun,33.455440521240234
seed1-head-flat,loc,11,xing,13.844655990600586
seed1-head-flat,loc,12,BusStop,2.9511494636535645
seed1-head-flat,loc,13,parking,3.346518039703369
seed1-head-flat,loc,14,LftParking,41.539730072021484
seed1-head-flat,loc,15,rightParking,42.66543960571289
seed1-head-flat,duplex,0,Ped-MovAway,25.66163444519043
seed1-head-flat,duplex,1,Ped-MovTow,31.66693115234375
seed1-head-flat,duplex,2,Ped-Mov,11.697863578796387
seed1-head-flat,duplex,3,Ped-Stop,27.14088249206543
seed1-head-flat,duplex,4,Ped-Wait2X,22.536087036132812
seed1-head-flat,duplex,5,Ped-XingFmLft,17.446836471557617
seed1-head-flat,duplex,6,Ped-XingFmRht,23.16587257385254
seed1-head-flat,duplex,7,Ped-Xing,24.55895233154297
seed1-head-flat,duplex,8,Ped-PushObj,2.8919484615325928
seed1-head-flat,duplex,9,Car-MovAway,41.031463623046875
seed1-head-flat,duplex,10,Car-MovTow,26.4520263671875
seed1-head-flat,duplex,11,Car-Brake,34.32526397705078
seed1-head-flat,duplex,12,Car-Stop,50.10078811645508
seed1-head-flat,duplex,13,Car-IncatLft,6.289460182189941
seed1-head-flat,duplex,14,Car-IncatRht,2.112516403198242
seed1-head-flat,duplex,15,Car-HazLit,0.7279436588287354
seed1-head-flat,duplex,16,Car-TurLft,5.857330322265625
seed1-head-flat,duplex,17,Car-TurRht,6.024537086486816
seed1-head-flat,duplex,18,Car-MovRht,0.8500182628631592
seed1-head-flat,duplex,19,Car-MovLft,1.2324459552764893
seed1-head-flat,duplex,20,Car-XingFmLft,12.708924293518066
seed1-head-flat,duplex,21,Car-XingFmRht,10.942971229553223
seed1-head-flat,duplex,22,Cyc-MovAway,2.7809765338897705
seed1-head-flat,duplex,23,Cyc-MovTow,1.8177372217178345
seed1-head-flat,duplex,24,Cyc-Stop,2.9412434101104736
seed1-head-flat,duplex,25,Mobike-Stop,19.245500564575195
seed1-head-flat,duplex,26,MedVeh-MovAway,11.751777648925781
seed1-head-flat,duplex,27,MedVeh-MovTow,5.519603729248047
seed1-head-flat,duplex,28,MedVeh-Brake,9.220260620117188
seed1-head-flat,duplex,29,MedVeh-Stop,17.28675079345703
seed1-head-flat,duplex,30,MedVeh-IncatLft,1.5956482887268066
seed1-head-flat,duplex,31,MedVeh-IncatRht,0.41694289445877075
seed1-head-flat,duplex,32,MedVeh-HazLit,0.9267348647117615
seed1-head-flat,duplex,33,MedVeh-TurRht,0.657275915145874
seed1-head-flat,duplex,34,MedVeh-XingFmLft,4.756988525390625
seed1-head-flat,duplex,35,MedVeh-XingFmRht,5.369221210479736
seed1-head-flat,duplex,36,LarVeh-MovAway,1.44696843624115
seed1-head-flat,duplex,37,LarVeh-MovTow,3.7244651317596436
seed1-head-flat,duplex,38,LarVeh-Stop,13.195074081420898
seed1-head-flat,duplex,39,LarVeh-HazLit,6.418024063110352
seed1-head-flat,duplex,40,Bus-MovAway,26.842378616333008
seed1-head-flat,duplex,41,Bus-MovTow,20.244417190551758
seed1-head-flat,duplex,42,Bus-Brake,25.848407745361328
seed1-head-flat,duplex,43,Bus-Stop,22.6916446685791
seed1-head-flat,duplex,44,Bus-HazLit,27.483253479003906
seed1-head-flat,duplex,45,EmVeh-Stop,0.03498922660946846
seed1-head-flat,duplex,46,TL-Red,63.749176025390625
seed1-head-flat,duplex,47,TL-Amber,19.15100860595703
seed1-head-flat,duplex,48,TL-Green,31.242979049682617
seed1-head-flat,triplet,0,Ped-MovAway-LftPav,13.726590156555176
seed1-head-flat,triplet,1,Ped-MovAway-RhtPav,22.207660675048828
seed1-head-flat,triplet,2,Ped-MovAway-Jun,0.867525577545166
seed1-head-flat,triplet,3,Ped-MovTow-LftPav,21.18758201599121
seed1-head-flat,triplet,4,Ped-MovTow-RhtPav,26.308820724487305
seed1-head-flat,triplet,5,Ped-MovTow-Jun,4.7808637619018555
seed1-head-flat,triplet,6,Ped-Mov-OutgoLane,1.4043587446212769
seed1-head-flat,triplet,7,Ped-Mov-Pav,9.178897857666016
seed1-head-flat,triplet,8,Ped-Mov-RhtPav,2.402238607406616
seed1-head-flat,triplet,9,Ped-Stop-OutgoLane,4.8260908126831055
seed1-head-flat,triplet,10,Ped-Stop-Pav,3.0866904258728027
seed1-head-flat,triplet,11,Ped-Stop-LftPav,22.694822311401367
seed1-head-flat,triplet,12,Ped-Stop-RhtPav,14.397492408752441
seed1-head-flat,triplet,13,Ped-Stop-BusStop,4.811488628387451
seed1-head-flat,triplet,14,Ped-Wait2X-RhtPav,1.8382799625396729
seed1-head-flat,triplet,15,Ped-Wait2X-Jun,16.403127670288086
seed1-head-flat,triplet,16,Ped-XingFmLft-Jun,15.831252098083496
seed1-head-flat,triplet,17,Ped-XingFmRht-Jun,21.645132064819336
seed1-head-flat,triplet,18,Ped-XingFmRht-xing,0.4582136571407318
seed1-head-flat,triplet,19,Ped-Xing-Jun,17.992284774780273
seed1-head-flat,triplet,20,Ped-PushObj-LftPav,0.005873947404325008
seed1-head-flat,triplet,21,Ped-PushObj-RhtPav,0.7504637241363525
seed1-head-flat,triplet,22,Car-MovAway-VehLane,20.703144073486328
seed1-head-flat,triplet,23,Car-MovAway-OutgoLane,35.49010467529297
seed1-head-flat,triplet,24,Car-MovAway-Jun,10.510112762451172
seed1-head-flat,triplet,25,Car-MovTow-VehLane,0.021452542394399643
seed1-head-flat,triplet,26,Car-MovTow-IncomLane,27.067895889282227
seed1-head-flat,triplet,27,Car-MovTow-Jun,7.312915802001953
seed1-head-flat,triplet,28,Car-Brake-VehLane,36.16482925415039
seed1-head-flat,triplet,29,Car-Brake-OutgoLane,27.398204803466797
seed1-head-flat,triplet,30,Car-Brake-Jun,17.863327026367188
seed1-head-flat,triplet,31,Car-Stop-VehLane,35.19961166381836
seed1-head-flat,triplet,32,Car-Stop-OutgoLane,21.213523864746094
seed1-head-flat,triplet,33,Car-Stop-IncomLane,16.28333282470703
seed1-head-flat,triplet,34,Car-Stop-Jun,21.07892608642578
seed1-head-flat,triplet,35,Car-Stop-parking,1.9713108539581299
seed1-head-flat,triplet,36,Car-IncatLft-VehLane,6.055113315582275
seed1-head-flat,triplet,37,Car-IncatLft-OutgoLane,1.3883516788482666
seed1-head-flat,triplet,38,Car-IncatLft-IncomLane,5.486515045166016
seed1-head-flat,triplet,39,Car-IncatLft-Jun,2.328742265701294
seed1-head-flat,triplet,40,Car-IncatRht-VehLane,1.0022536516189575
seed1-head-flat,triplet,41,Car-IncatRht-OutgoLane,1.550614833831787
seed1-head-flat,triplet,42,Car-IncatRht-IncomLane,0.16800306737422943
seed1-head-flat,triplet,43,Car-IncatRht-Jun,1.0420856475830078
seed1-head-flat,triplet,44,Car-HazLit-IncomLane,0.004601807799190283
seed1-head-flat,triplet,45,Car-TurLft-VehLane,0.39177849888801575
seed1-head-flat,triplet,46,Car-TurLft-Jun,5.205705165863037
seed1-head-flat,triplet,47,Car-TurRht-Jun,5.097878456115723
seed1-head-flat,triplet,48,Car-MovRht-OutgoLane,0.4644896686077118
seed1-head-flat,triplet,49,Car-MovLft-VehLane,0.1326470524072647
seed1-head-flat,triplet,50,Car-MovLft-OutgoLane,0.4321383237838745
seed1-head-flat,triplet,51,Car-XingFmLft-Jun,13.6303071975708
seed1-head-flat,triplet,52,Car-XingFmRht-Jun,11.311180114746094
seed1-head-flat,triplet,53,Cyc-MovAway-OutgoCycLane,0.01915700174868107
seed1-head-flat,triplet,54,Cyc-MovAway-RhtPav,0.0008228921215049922
seed1-head-flat,triplet,55,Cyc-MovTow-IncomLane,0.286871999502182
seed1-head-flat,triplet,56,Cyc-MovTow-RhtPav,0.0
seed1-head-flat,triplet,57,MedVeh-MovAway-VehLane,10.924240112304688
seed1-head-flat,triplet,58,MedVeh-MovAway-OutgoLane,6.823105812072754
seed1-head-flat,triplet,59,MedVeh-MovAway-Jun,1.458860158920288
seed1-head-flat,triplet,60,MedVeh-MovTow-IncomLane,6.4029221534729
seed1-head-flat,triplet,61,MedVeh-MovTow-Jun,0.930429995059967
seed1-head-flat,triplet,62,MedVeh-Brake-VehLane,7.70573616027832
seed1-head-flat,triplet,63,MedVeh-Brake-OutgoLane,5.867099285125732
seed1-head-flat,triplet,64,MedVeh-Brake-Jun,6.259214401245117
seed1-head-flat,triplet,65,MedVeh-Stop-VehLane,1.1755526065826416
seed1-head-flat,triplet,66,MedVeh-Stop-OutgoLane,5.299703121185303
seed1-head-flat,triplet,67,MedVeh-Stop-IncomLane,2.2615742683410645
seed1-head-flat,triplet,68,MedVeh-Stop-Jun,5.850891590118408
seed1-head-flat,triplet,69,MedVeh-Stop-parking,0.05112871155142784
seed1-head-flat,triplet,70,MedVeh-IncatLft-IncomLane,0.0503825768828392
seed1-head-flat,triplet,71,MedVeh-IncatRht-Jun,0.0853046402335167
seed1-head-flat,triplet,72,MedVeh-TurRht-Jun,0.2723778486251831
seed1-head-flat,triplet,73,MedVeh-XingFmLft-Jun,5.005404472351074
seed1-head-flat,triplet,74,MedVeh-XingFmRht-Jun,7.6385040283203125
seed1-head-flat,triplet,75,LarVeh-MovAway-VehLane,0.09050041437149048
seed1-head-flat,triplet,76,LarVeh-MovTow-IncomLane,2.943788766860962
seed1-head-flat,triplet,77,LarVeh-Stop-VehLane,0.5711609721183777
seed1-head-flat,triplet,78,LarVeh-Stop-Jun,29.287023544311523
seed1-head-flat,triplet,79,Bus-MovAway-OutgoLane,4.114997386932373
seed1-head-flat,triplet,80,Bus-MovTow-IncomLane,18.705297470092773
seed1-head-flat,triplet,81,Bus-Stop-VehLane,3.3250160217285156
seed1-head-flat,triplet,82,Bus-Stop-OutgoLane,8.878811836242676
seed1-head-flat,triplet,83,Bus-Stop-IncomLane,0.21965594589710236
seed1-head-flat,triplet,84,Bus-Stop-Jun,1.5384259223937988
seed1-head-flat,triplet,85,Bus-HazLit-OutgoLane,0.7495519518852234
seed1-head-phrase,agentness,0,agentness,65.3644790649414
seed1-head-phrase,agent,0,Ped,65.67159271240234
seed1-head-phrase,agent,1,Car,62.94348907470703
seed1-head-phrase,agent,2,Cyc,13.659136772155762
seed1-head-phrase,agent,3,Mobike,41.83154296875
seed1-head-phrase,agent,4,SmalVeh,0.02811187319457531
seed1-head-phrase,agent,5,MedVeh,33.943809509277344
seed1-head-phrase,agent,6,LarVeh,22.92780113220215
seed1-head-phrase,agent,7,Bus,46.70212936401367
seed1-head-phrase,agent,8,EmVeh,0.005572479218244553
seed1-head-phrase,agent,9,TL,64.73817443847656
seed1-head-phrase,action,0,Red,60.49726867675781
seed1-head-phrase,action,1,Amber,6.352248191833496
seed1-head-phrase,action,2,Green,41.39730453491211
seed1-head-phrase,action,3,MovAway,40.71492385864258
seed1-head-phrase,action,4,MovTow,33.562286376953125
seed1-head-phrase,action,5,Mov,10.51837158203125
seed1-head-phrase,action,6,Rev,0.33120137453079224
seed1-head-phrase,action,7,Brake,45.77515411376953
seed1-head-phrase,action,8,Stop,54.68608474731445
seed1-head-phrase,action,9,IncatLft,4.793385028839111
seed1-head-phrase,action,10,IncatRht,2.590043544769287
seed1-head-phrase,action,11,HazLit,7.645686626434326
seed1-head-phrase,action,12,TurLft,5.630108833312988
seed1-head-phrase,action,13,TurRht,7.085841178894043
seed1-head-phrase,action,14,MovRht,1.0803868770599365
seed1-head-phrase,action,15,MovLft,1.3255350589752197
seed1-head-phrase,action,16,Ovtak,0.3151927888393402
seed1-head-phrase,action,17,Wait2X,20.8761043548584
seed1-head-phrase,action,18,XingFmLft,14.484761238098145
seed1-head-phrase,action,19,XingFmRht,17.3204345703125
seed1-head-phrase,action,20,Xing,22.325130462646484
seed1-head-phrase,action,21,PushObj,6.201637268066406
seed1-head-phrase,loc,0,VehLane,34.4316520690918
seed1-head-phrase,loc,1,OutgoLane,40.65705490112305
seed1-head-phrase,loc,2,OutgoCycLane,0.6416447758674622
seed1-head-phrase,loc,3,OutgoBusLane,3.161961078643799
seed1-head-phrase,loc,4,IncomLane,40.167144775390625
seed1-head-phrase,loc,5,IncomCycLane,0.9409957528114319
seed1-head-phrase,loc,6,IncomBusLane,6.445599555969238
seed1-head-phrase,loc,7,Pav,8.380807876586914
seed1-head-phrase,loc,8,LftPav,24.063325881958008
seed1-head-phrase,loc,9,RhtPav,34.486610412597656
seed1-head-phrase,loc,10,Jun,34.88296127319336
seed1-head-phrase,loc,11,xing,10.217536926269531
seed1-head-phrase,loc,12,BusStop,10.305109024047852
seed1-head-phrase,loc,13,parking,2.9457530975341797
seed1-head-phrase,loc,14,LftParking,32.36296081542969
seed1-head-phrase,loc,15,rightParking,30.71653175354004
seed1-head-phrase,duplex,0,Ped-MovAway,22.57695960998535
seed1-head-phrase,duplex,1,Ped-MovTow,27.531448364257812
seed1-head-phrase,duplex,2,Ped-Mov,10.023107528686523
seed1-head-phrase,duplex,3,Ped-Stop,24.953031539916992
seed1-head-phrase,duplex,4,Ped-Wait2X,25.24368667602539
seed1-head-phrase,duplex,5,Ped-XingFmLft,17.377450942993164
seed1-head-phrase,duplex,6,Ped-XingFmRht,21.83244514465332
seed1-head-phrase,duplex,7,Ped-Xing,21.730783462524414
seed1-head-phrase,duplex,8,Ped-PushObj,5.736670017242432
seed1-head-phrase,duplex,9,Car-MovAway,40.91219711303711
seed1-head-phrase,duplex,10,Car-MovTow,28.292491912841797
seed1-head-phrase,duplex,11,Car-Brake,38.33268356323242
seed1-head-phrase,duplex,12,Car-Stop,49.679630279541016
seed1-head-phrase,duplex,13,Car-IncatLft,6.873440265655518
seed1-head-phrase,duplex,14,Car-IncatRht,2.6092801094055176
seed1-head-phrase,duplex,15,Car-HazLit,1.6783735752105713
seed1-head-phrase,duplex,16,Car-TurLft,5.988345146179199
seed1-head-phrase,duplex,17,Car-TurRht,6.262874603271484
seed1-head-phrase,duplex,18,Car-MovRht,1.0383082628250122
seed1-head-phrase,duplex,19,Car-MovLft,0.9687371850013733
seed1-head-phrase,duplex,20,Car-XingFmLft,10.408071517944336
seed1-head-phrase,duplex,21,Car-XingFmRht,10.756054878234863
seed1-head-phrase,duplex,22,Cyc-MovAway,6.678725719451904
seed1-head-phrase,duplex,23,Cyc-MovTow,1.8080976009368896
seed1-head-phrase,duplex,24,Cyc-Stop,0.8964354991912842
seed1-head-phrase,duplex,25,Mobike-Stop,24.906949996948242
seed1-head-phrase,duplex,26,MedVeh-MovAway,14.653214454650879
seed1-head-phrase,duplex,27,MedVeh-MovTow,5.888454914093018
seed1-head-phrase,duplex,28,MedVeh-Brake,14.449546813964844
seed1-head-phrase,duplex,29,MedVeh-Stop,17.78658103942871
seed1-head-phrase,duplex,30,MedVeh-IncatLft,0.9115504622459412
seed1-head-phrase,duplex,31,MedVeh-IncatRht,0.9219034314155579
seed1-head-phrase,duplex,32,MedVeh-HazLit,4.228346347808838
seed1-head-phrase,duplex,33,MedVeh-TurRht,2.802635669708252
seed1-head-phrase,duplex,34,MedVeh-XingFmLft,9.461528778076172
seed1-head-phrase,duplex,35,MedVeh-XingFmRht,8.667248725891113
seed1-head-phrase,duplex,36,LarVeh-MovAway,1.5580195188522339
seed1-head-phrase,duplex,37,LarVeh-MovTow,10.096394538879395
seed1-head-phrase,duplex,38,LarVeh-Stop,17.01548194885254
seed1-head-phrase,duplex,39,LarVeh-HazLit,4.288449764251709
seed1-head-phrase,duplex,40,Bus-MovAway,27.617599487304688
seed1-head-phrase,duplex,41,Bus-MovTow,23.207427978515625
seed1-head-phrase,duplex,42,Bus-Brake,32.5509147644043
seed1-head-phrase,duplex,43,Bus-Stop,19.036672592163086
seed1-head-phrase,duplex,44,Bus-HazLit,36.399070739746094
seed1-head-phrase,duplex,45,EmVeh-Stop,0.0778195932507515
seed1-head-phrase,duplex,46,TL-Red,59.15089797973633
seed1-head-phrase,duplex,47,TL-Amber,2.488095760345459
seed1-head-phrase,duplex,48,TL-Green,33.32160186767578
seed1-head-phrase,triplet,0,Ped-MovAway-LftPav,7.341378688812256
seed1-head-phrase,triplet,1,Ped-MovAway-RhtPav,15.888428688049316
seed1-head-phrase,triplet,2,Ped-MovAway-Jun,0.711922287940979
seed1-head-phrase,triplet,3,Ped-MovTow-LftPav,11.200511932373047
seed1-head-phrase,triplet,4,Ped-MovTow-RhtPav,17.312795639038086
seed1-head-phrase,triplet,5,Ped-MovTow-Jun,1.062878966331482
seed1-head-phrase,triplet,6,Ped-Mov-OutgoLane,6.253137588500977
seed1-head-phrase,triplet,7,Ped-Mov-Pav,7.186574459075928
seed1-head-phrase,triplet,8,Ped-Mov-RhtPav,2.8197758197784424
seed1-head-phrase,triplet,9,Ped-Stop-OutgoLane,8.025812149047852
seed1-head-phrase,triplet,10,Ped-Stop-Pav,3.1387693881988525
seed1-head-phrase,triplet,11,Ped-Stop-LftPav,12.1663818359375
seed1-head-phrase,triplet,12,Ped-Stop-RhtPav,9.945446968078613
seed1-head-phrase,triplet,13,Ped-Stop-BusStop,3.2663283348083496
seed1-head-phrase,triplet,14,Ped-Wait2X-RhtPav,3.3017427921295166
seed1-head-phrase,triplet,15,Ped-Wait2X-Jun,21.234554290771484
seed1-head-phrase,triplet,16,Ped-XingFmLft-Jun,14.677693367004395
seed1-head-phrase,triplet,17,Ped-XingFmRht-Jun,18.99633026123047
seed1-head-phrase,triplet,18,Ped-XingFmRht-xing,3.6530070304870605
seed1-head-phrase,triplet,19,Ped-Xing-Jun,13.560550689697266
seed1-head-phrase,triplet,20,Ped-PushObj-LftPav,0.05032912269234657
seed1-head-phrase,triplet,21,Ped-PushObj-RhtPav,1.3153361082077026
seed1-head-phrase,triplet,22,Car-MovAway-VehLane,17.887924194335938
seed1-head-phrase,triplet,23,Car-MovAway-OutgoLane,34.671470642089844
seed1-head-phrase,triplet,24,Car-MovAway-Jun,9.421125411987305
seed1-head-phrase,triplet,25,Car-MovTow-VehLane,0.1877332180738449
seed1-head-phrase,triplet,26,Car-MovTow-IncomLane,32.6450080871582
seed1-head-phrase,triplet,27,Car-MovTow-Jun,7.142491817474365
seed1-head-phrase,triplet,28,Car-Brake-VehLane,34.88199234008789
seed1-head-phrase,triplet,29,Car-Brake-OutgoLane,27.11109161376953
seed1-head-phrase,triplet,30,Car-Brake-Jun,18.680282592773438
seed1-head-phrase,triplet,31,Car-Stop-VehLane,32.536354064941406
seed1-head-phrase,triplet,32,Car-Stop-OutgoLane,19.17046546936035
seed1-head-phrase,triplet,33,Car-Stop-IncomLane,16.610811233520508
seed1-head-phrase,triplet,34,Car-Stop-Jun,19.924375534057617
seed1-head-phrase,triplet,35,Car-Stop-parking,1.675395131111145
seed1-head-phrase,triplet,36,Car-IncatLft-VehLane,11.416760444641113
seed1-head-phrase,triplet,37,Car-IncatLft-OutgoLane,2.925265073776245
seed1-head-phrase,triplet,38,Car-IncatLft-IncomLane,3.1955409049987793
seed1-head-phrase,triplet,39,Car-IncatLft-Jun,4.667669773101807
seed1-head-phrase,triplet,40,Car-IncatRht-VehLane,1.3385281562805176
seed1-head-phrase,triplet,41,Car-IncatRht-OutgoLane,2.660468816757202
seed1-head-phrase,triplet,42,Car-IncatRht-IncomLane,1.146218180656433
seed1-head-phrase,triplet,43,Car-IncatRht-Jun,0.9106230735778809
seed1-head-phrase,triplet,44,Car-HazLit-IncomLane,0.21880103647708893
seed1-head-phrase,triplet,45,Car-TurLft-VehLane,0.592431366443634
seed1-head-phrase,triplet,46,Car-TurLft-Jun,4.804197788238525
seed1-head-phrase,triplet,47,Car-TurRht-Jun,4.907562732696533
seed1-head-phrase,triplet,48,Car-MovRht-OutgoLane,0.545206606388092
seed1-head-phrase,triplet,49,Car-MovLft-VehLane,0.5778614282608032
seed1-head-phrase,triplet,50,Car-MovLft-OutgoLane,0.9902695417404175
seed1-head-phrase,triplet,51,Car-XingFmLft-Jun,9.38393783569336
seed1-head-phrase,triplet,52,Car-XingFmRht-Jun,9.940661430358887
seed1-head-phrase,triplet,53,Cyc-MovAway-OutgoCycLane,0.4853725731372833
seed1-head-phrase,triplet,54,Cyc-MovAway-RhtPav,0.1756899505853653
seed1-head-phrase,triplet,55,Cyc-MovTow-IncomLane,1.0879833698272705
seed1-head-phrase,triplet,56,Cyc-MovTow-RhtPav,0.0
seed1-head-phrase,triplet,57,MedVeh-MovAway-VehLane,19.085290908813477
seed1-head-phrase,triplet,58,MedVeh-MovAway-OutgoLane,7.805025100708008
seed1-head-phrase,triplet,59,MedVeh-MovAway-Jun,6.648942470550537
seed1-head-phrase,triplet,60,MedVeh-MovTow-IncomLane,6.8815436363220215
seed1-head-phrase,triplet,61,MedVeh-MovTow-Jun,3.1868081092834473
seed1-head-phrase,triplet,62,MedVeh-Brake-VehLane,6.888501167297363
seed1-head-phrase,triplet,63,MedVeh-Brake-OutgoLane,9.876904487609863
seed1-head-phrase,triplet,64,MedVeh-Brake-Jun,13.700040817260742
seed1-head-phrase,triplet,65,MedVeh-Stop-VehLane,13.54350757598877
seed1-head-phrase,triplet,66,MedVeh-Stop-OutgoLane,8.54924201965332
seed1-head-phrase,triplet,67,MedVeh-Stop-IncomLane,1.0876561403274536
seed1-head-phrase,triplet,68,MedVeh-Stop-Jun,7.373291492462158
seed1-head-phrase,triplet,69,MedVeh-Stop-parking,0.08825443685054779
seed1-head-phrase,triplet,70,MedVeh-IncatLft-IncomLane,0.3996441066265106
seed1-head-phrase,triplet,71,MedVeh-IncatRht-Jun,0.19866356253623962
seed1-head-phrase,triplet,72,MedVeh-TurRht-Jun,1.2319958209991455
seed1-head-phrase,triplet,73,MedVeh-XingFmLft-Jun,8.799291610717773
seed1-head-phrase,triplet,74,MedVeh-XingFmRht-Jun,10.201668739318848
seed1-head-phrase,triplet,75,LarVeh-MovAway-VehLane,0.18884336948394775
seed1-head-phrase,triplet,76,LarVeh-MovTow-IncomLane,10.256820678710938
seed1-head-phrase,triplet,77,LarVeh-Stop-VehLane,2.0483109951019287
seed1-head-phrase,triplet,78,LarVeh-Stop-Jun,41.3161735534668
seed1-head-phrase,triplet,79,Bus-MovAway-OutgoLane,6.941146373748779
seed1-head-phrase,triplet,80,Bus-MovTow-IncomLane,21.245784759521484
seed1-head-phrase,triplet,81,Bus-Stop-VehLane,25.7066593170166
seed1-head-phrase,triplet,82,Bus-Stop-OutgoLane,2.4559521675109863
seed1-head-phrase,triplet,83,Bus-Stop-IncomLane,7.740833282470703
seed1-head-phrase,triplet,84,Bus-Stop-Jun,9.357260704040527
seed1-head-phrase,triplet,85,Bus-HazLit-OutgoLane,3.0891847610473633
seed1-head-shuffled,agentness,0,agentness,65.3644790649414
seed1-head-shuffled,agent,0,Ped,65.67159271240234
seed1-head-shuffled,agent,1,Car,62.94348907470703
seed1-head-shuffled,agent,2,Cyc,13.659136772155762
seed1-head-shuffled,agent,3,Mobike,41.83154296875
seed1-head-shuffled,agent,4,SmalVeh,0.02811187319457531
seed1-head-shuffled,agent,5,MedVeh,33.943809509277344
seed1-head-shuffled,agent,6,LarVeh,22.92780113220215
seed1-head-shuffled,agent,7,Bus,46.70212936401367
seed1-head-shuffled,agent,8,EmVeh,0.005572479218244553
seed1-head-shuffled,agent,9,TL,64.73817443847656
seed1-head-shuffled,action,0,Red,52.51545333862305
seed1-head-shuffled,action,1,Amber,0.09185981750488281
seed1-head-shuffled,action,2,Green,32.81683349609375
seed1-head-shuffled,action,3,MovAway,36.76539611816406
seed1-head-shuffled,action,4,MovTow,31.849843978881836
seed1-head-shuffled,action,5,Mov,3.3520376682281494
seed1-head-shuffled,action,6,Rev,0.1828899383544922
seed1-head-shuffled,action,7,Brake,44.00559997558594
seed1-head-shuffled,action,8,Stop,52.685726165771484
seed1-head-shuffled,action,9,IncatLft,3.2962989807128906
seed1-head-shuffled,action,10,IncatRht,2.1405022144317627
seed1-head-shuffled,action,11,HazLit,6.710692405700684
seed1-head-shuffled,action,12,TurLft,2.529421329498291
seed1-head-shuffled,action,13,TurRht,2.75734806060791
seed1-head-shuffled,action,14,MovRht,0.3110333979129791
seed1-head-shuffled,action,15,MovLft,0.3016926050186157
seed1-head-shuffled,action,16,Ovtak,0.10302869230508804
seed1-head-shuffled,action,17,Wait2X,10.55057430267334
seed1-head-shuffled,action,18,XingFmLft,9.968015670776367
seed1-head-shuffled,action,19,XingFmRht,10.905909538269043
seed1-head-shuffled,action,20,Xing,8.859724998474121
seed1-head-shuffled,action,21,PushObj,5.242899417877197
seed1-head-shuffled,loc,0,VehLane,31.807024002075195
seed1-head-shuffled,loc,1,OutgoLane,36.65313720703125
seed1-head-shuffled,loc,2,OutgoCycLane,0.022477926686406136
seed1-head-shuffled,loc,3,OutgoBusLane,0.8386188745498657
seed1-head-shuffled,loc,4,IncomLane,34.32067108154297
seed1-head-shuffled,loc,5,IncomCycLane,0.018023373559117317
seed1-head-shuffled,loc,6,IncomBusLane,3.0942118167877197
seed1-head-shuffled,loc,7,Pav,6.882887363433838
seed1-head-shuffled,loc,8,LftPav,22.343978881835938
seed1-head-shuffled,loc,9,RhtPav,29.029769897460938
seed1-head-shuffled,loc,10,Jun,34.42180252075195
seed1-head-shuffled,loc,11,xing,8.116610527038574
seed1-head-shuffled,loc,12,BusStop,1.4723659753799438
seed1-head-shuffled,loc,13,parking,0.8454363346099854
seed1-head-shuffled,loc,14,LftParking,38.536354064941406
seed1-head-shuffled,loc,15,rightParking,34.6013298034668
seed1-head-shuffled,duplex,0,Ped-MovAway,17.626333236694336
seed1-head-shuffled,duplex,1,Ped-MovTow,15.899747848510742
seed1-head-shuffled,duplex,2,Ped-Mov,3.548635482788086
seed1-head-shuffled,duplex,3,Ped-Stop,22.28510856628418
seed1-head-shuffled,duplex,4,Ped-Wait2X,8.020522117614746
seed1-head-shuffled,duplex,5,Ped-XingFmLft,15.001741409301758
seed1-head-shuffled,duplex,6,Ped-XingFmRht,21.716323852539062
seed1-head-shuffled,duplex,7,Ped-Xing,18.993581771850586
seed1-head-shuffled,duplex,8,Ped-PushObj,3.08001708984375
seed1-head-shuffled,duplex,9,Car-MovAway,37.33187484741211
seed1-head-shuffled,duplex,10,Car-MovTow,31.194992065429688
seed1-head-shuffled,duplex,11,Car-Brake,32.77870559692383
seed1-head-shuffled,duplex,12,Car-Stop,44.01962661743164
seed1-head-shuffled,duplex,13,Car-IncatLft,5.175485134124756
seed1-head-shuffled,duplex,14,Car-IncatRht,1.8549907207489014
seed1-head-shuffled,duplex,15,Car-HazLit,0.6231622099876404
seed1-head-shuffled,duplex,16,Car-TurLft,2.5619795322418213
seed1-head-shuffled,duplex,17,Car-TurRht,4.10893440246582
seed1-head-shuffled,duplex,18,Car-MovRht,0.20607022941112518
seed1-head-shuffled,duplex,19,Car-MovLft,0.645669162273407
seed1-head-shuffled,duplex,20,Car-XingFmLft,2.8777916431427
seed1-head-shuffled,duplex,21,Car-XingFmRht,1.6947760581970215
seed1-head-shuffled,duplex,22,Cyc-MovAway,0.27845460176467896
seed1-head-shuffled,duplex,23,Cyc-MovTow,0.034299612045288086
seed1-head-shuffled,duplex,24,Cyc-Stop,0.3584190905094147
seed1-head-shuffled,duplex,25,Mobike-Stop,9.788544654846191
seed1-head-shuffled,duplex,26,MedVeh-MovAway,6.643881320953369
seed1-head-shuffled,duplex,27,MedVeh-MovTow,2.7457478046417236
seed1-head-shuffled,duplex,28,MedVeh-Brake,4.466363906860352
seed1-head-shuffled,duplex,29,MedVeh-Stop,10.484476089477539
seed1-head-shuffled,duplex,30,MedVeh-IncatLft,0.31965091824531555
seed1-head-shuffled,duplex,31,MedVeh-IncatRht,0.060804951936006546
seed1-head-shuffled,duplex,32,MedVeh-HazLit,2.123744487762451
seed1-head-shuffled,duplex,33,MedVeh-TurRht,0.0885825976729393
seed1-head-shuffled,duplex,34,MedVeh-XingFmLft,0.22023674845695496
seed1-head-shuffled,duplex,35,MedVeh-XingFmRht,2.5682742595672607
seed1-head-shuffled,duplex,36,LarVeh-MovAway,0.057337891310453415
seed1-head-shuffled,duplex,37,LarVeh-MovTow,2.32705020904541
seed1-head-shuffled,duplex,38,LarVeh-Stop,13.3622407913208
seed1-head-shuffled,duplex,39,LarVeh-HazLit,16.736698150634766
seed1-head-shuffled,duplex,40,Bus-MovAway,3.5669407844543457
seed1-head-shuffled,duplex,41,Bus-MovTow,3.891359567642212
seed1-head-shuffled,duplex,42,Bus-Brake,1.8563470840454102
seed1-head-shuffled,duplex,43,Bus-Stop,10.989144325256348
seed1-head-shuffled,duplex,44,Bus-HazLit,6.2266950607299805
seed1-head-shuffled,duplex,45,EmVeh-Stop,0.02484736405313015
seed1-head-shuffled,duplex,46,TL-Red,58.76270294189453
seed1-head-shuffled,duplex,47,TL-Amber,0.11242315918207169
seed1-head-shuffled,duplex,48,TL-Green,26.364948272705078
seed1-head-shuffled,triplet,0,Ped-MovAway-LftPav,1.066656231880188
seed1-head-shuffled,triplet,1,Ped-MovAway-RhtPav,18.45772933959961
seed1-head-shuffled,triplet,2,Ped-MovAway-Jun,0.3079453408718109
seed1-head-shuffled,triplet,3,Ped-MovTow-LftPav,18.10246467590332
seed1-head-shuffled,triplet,4,Ped-MovTow-RhtPav,8.427125930786133
seed1-head-shuffled,triplet,5,Ped-MovTow-Jun,0.7272510528564453
seed1-head-shuffled,triplet,6,Ped-Mov-OutgoLane,0.21704675257205963
seed1-head-shuffled,triplet,7,Ped-Mov-Pav,2.6950173377990723
seed1-head-shuffled,triplet,8,Ped-Mov-RhtPav,0.3864228129386902
seed1-head-shuffled,triplet,9,Ped-Stop-OutgoLane,0.32999733090400696
seed1-head-shuffled,triplet,10,Ped-Stop-Pav,1.243603229522705
seed1-head-shuffled,triplet,11,Ped-Stop-LftPav,13.424883842468262
seed1-head-shuffled,triplet,12,Ped-Stop-RhtPav,5.621365547180176
seed1-head-shuffled,triplet,13,Ped-Stop-BusStop,0.17871016263961792
seed1-head-shuffled,triplet,14,Ped-Wait2X-RhtPav,0.884623646736145
seed1-head-shuffled,triplet,15,Ped-Wait2X-Jun,10.123135566711426
seed1-head-shuffled,triplet,16,Ped-XingFmLft-Jun,13.874326705932617
seed1-head-shuffled,triplet,17,Ped-XingFmRht-Jun,20.492029190063477
seed1-head-shuffled,triplet,18,Ped-XingFmRht-xing,0.695797324180603
seed1-head-shuffled,triplet,19,Ped-Xing-Jun,7.542734146118164
seed1-head-shuffled,triplet,20,Ped-PushObj-LftPav,0.00690368702635169
seed1-head-shuffled,triplet,21,Ped-PushObj-RhtPav,0.05646713450551033
seed1-head-shuffled,triplet,22,Car-MovAway-VehLane,14.792984008789062
seed1-head-shuffled,triplet,23,Car-MovAway-OutgoLane,27.634580612182617
seed1-head-shuffled,triplet,24,Car-MovAway-Jun,5.651867389678955
seed1-head-shuffled,triplet,25,Car-MovTow-VehLane,0.03060917556285858
seed1-head-shuffled,triplet,26,Car-MovTow-IncomLane,33.60139083862305
seed1-head-shuffled,triplet,27,Car-MovTow-Jun,4.5233001708984375
seed1-head-shuffled,triplet,28,Car-Brake-VehLane,25.353879928588867
seed1-head-shuffled,triplet,29,Car-Brake-OutgoLane,25.275842666625977
seed1-head-shuffled,triplet,30,Car-Brake-Jun,8.08924388885498
seed1-head-shuffled,triplet,31,Car-Stop-VehLane,27.408567428588867
seed1-head-shuffled,triplet,32,Car-Stop-OutgoLane,11.821657180786133
seed1-head-shuffled,triplet,33,Car-Stop-IncomLane,11.204374313354492
seed1-head-shuffled,triplet,34,Car-Stop-Jun,19.281797409057617
seed1-head-shuffled,triplet,35,Car-Stop-parking,0.9803010821342468
seed1-head-shuffled,triplet,36,Car-IncatLft-VehLane,1.373989462852478
seed1-head-shuffled,triplet,37,Car-IncatLft-OutgoLane,5.64119291305542
seed1-head-shuffled,triplet,38,Car-IncatLft-IncomLane,0.9369505643844604
seed1-head-shuffled,triplet,39,Car-IncatLft-Jun,2.0380682945251465
seed1-head-shuffled,triplet,40,Car-IncatRht-VehLane,0.3034079372882843
seed1-head-shuffled,triplet,41,Car-IncatRht-OutgoLane,0.733452320098877
seed1-head-shuffled,triplet,42,Car-IncatRht-IncomLane,0.3904695212841034
seed1-head-shuffled,triplet,43,Car-IncatRht-Jun,0.4088342487812042
seed1-head-shuffled,triplet,44,Car-HazLit-IncomLane,0.03807678818702698
seed1-head-shuffled,triplet,45,Car-TurLft-VehLane,0.09917662292718887
seed1-head-shuffled,triplet,46,Car-TurLft-Jun,2.302306652069092
seed1-head-shuffled,triplet,47,Car-TurRht-Jun,4.2321858406066895
seed1-head-shuffled,triplet,48,Car-MovRht-OutgoLane,0.10152038931846619
seed1-head-shuffled,triplet,49,Car-MovLft-VehLane,0.023032477125525475
seed1-head-shuffled,triplet,50,Car-MovLft-OutgoLane,0.6864096522331238
seed1-head-shuffled,triplet,51,Car-XingFmLft-Jun,3.5683753490448
seed1-head-shuffled,triplet,52,Car-XingFmRht-Jun,1.986633539199829
seed1-head-shuffled,triplet,53,Cyc-MovAway-OutgoCycLane,0.010348162613809109
seed1-head-shuffled,triplet,54,Cyc-MovAway-RhtPav,0.004082032945007086
seed1-head-shuffled,triplet,55,Cyc-MovTow-IncomLane,0.01679087057709694
seed1-head-shuffled,triplet,56,Cyc-MovTow-RhtPav,0.0
seed1-head-shuffled,triplet,57,MedVeh-MovAway-VehLane,3.176722526550293
seed1-head-shuffled,triplet,58,MedVeh-MovAway-OutgoLane,5.783890247344971
seed1-head-shuffled,triplet,59,MedVeh-MovAway-Jun,0.14177758991718292
seed1-head-shuffled,triplet,60,MedVeh-MovTow-IncomLane,1.715694785118103
seed1-head-shuffled,triplet,61,MedVeh-MovTow-Jun,0.14270375669002533
seed1-head-shuffled,triplet,62,MedVeh-Brake-VehLane,2.218428611755371
seed1-head-shuffled,triplet,63,MedVeh-Brake-OutgoLane,2.9909543991088867
seed1-head-shuffled,triplet,64,MedVeh-Brake-Jun,7.300071716308594
seed1-head-shuffled,triplet,65,MedVeh-Stop-VehLane,0.5386365652084351
seed1-head-shuffled,triplet,66,MedVeh-Stop-OutgoLane,4.962976932525635
seed1-head-shuffled,triplet,67,MedVeh-Stop-IncomLane,0.18912433087825775
seed1-head-shuffled,triplet,68,MedVeh-Stop-Jun,1.1379300355911255
seed1-head-shuffled,triplet,69,MedVeh-Stop-parking,0.04102402925491333
seed1-head-shuffled,triplet,70,MedVeh-IncatLft-IncomLane,0.05513860657811165
seed1-head-shuffled,triplet,71,MedVeh-IncatRht-Jun,0.008075583726167679
seed1-head-shuffled,triplet,72,MedVeh-TurRht-Jun,0.03712467849254608
seed1-head-shuffled,triplet,73,MedVeh-XingFmLft-Jun,2.217020034790039
seed1-head-shuffled,triplet,74,MedVeh-XingFmRht-Jun,0.11994694918394089
seed1-head-shuffled,triplet,75,LarVeh-MovAway-VehLane,0.012735364958643913
seed1-head-shuffled,triplet,76,LarVeh-MovTow-IncomLane,0.4494403302669525
seed1-head-shuffled,triplet,77,LarVeh-Stop-VehLane,0.32364514470100403
seed1-head-shuffled,triplet,78,LarVeh-Stop-Jun,1.0726642608642578
seed1-head-shuffled,triplet,79,Bus-MovAway-OutgoLane,0.3119974732398987
seed1-head-shuffled,triplet,80,Bus-MovTow-IncomLane,0.8278053998947144
seed1-head-shuffled,triplet,81,Bus-Stop-VehLane,0.3520492613315582
seed1-head-shuffled,triplet,82,Bus-Stop-OutgoLane,0.30603042244911194
seed1-head-shuffled,triplet,83,Bus-Stop-IncomLane,0.2619898319244385
seed1-head-shuffled,triplet,84,Bus-Stop-Jun,1.4543569087982178
seed1-head-shuffled,triplet,85,Bus-HazLit-OutgoLane,0.22886043787002563
seed1-stage5,agentness,0,agentness,65.3644790649414
seed1-stage5,agent,0,Ped,65.67159271240234
seed1-stage5,agent,1,Car,62.94348907470703
seed1-stage5,agent,2,Cyc,13.659136772155762
seed1-stage5,agent,3,Mobike,41.83154296875
seed1-stage5,agent,4,SmalVeh,0.02811187319457531
seed1-stage5,agent,5,MedVeh,33.943809509277344
seed1-stage5,agent,6,LarVeh,22.92780113220215
seed1-stage5,agent,7,Bus,46.70212936401367
seed1-stage5,agent,8,EmVeh,0.005572479218244553
seed1-stage5,agent,9,TL,64.73817443847656
seed1-stage5,action,0,Red,65.3269271850586
seed1-stage5,action,1,Amber,27.205766677856445
seed1-stage5,action,2,Green,40.382957458496094
seed1-stage5,action,3,MovAway,41.33228302001953
seed1-stage5,action,4,MovTow,32.86043930053711
seed1-stage5,action,5,Mov,10.16634750366211
seed1-stage5,action,6,Rev,0.12161518633365631
seed1-stage5,action,7,Brake,43.000431060791016
seed1-stage5,action,8,Stop,54.85040283203125
seed1-stage5,action,9,IncatLft,4.41572904586792
seed1-stage5,action,10,IncatRht,2.16774845123291
seed1-stage5,action,11,HazLit,5.822088718414307
seed1-stage5,action,12,TurLft,6.078979015350342
seed1-stage5,action,13,TurRht,6.000380039215088
seed1-stage5,action,14,MovRht,0.7903037071228027
seed1-stage5,action,15,MovLft,0.9733543395996094
seed1-stage5,action,16,Ovtak,0.3842667043209076
seed1-stage5,action,17,Wait2X,19.241737365722656
seed1-stage5,action,18,XingFmLft,14.986653327941895
seed1-stage5,action,19,XingFmRht,16.163284301757812
seed1-stage5,action,20,Xing,22.45201873779297
seed1-stage5,action,21,PushObj,3.33851957321167
seed1-stage5,loc,0,VehLane,36.42338180541992
seed1-stage5,loc,1,OutgoLane,41.16587448120117
seed1-stage5,loc,2,OutgoCycLane,0.10663986951112747
seed1-stage5,loc,3,OutgoBusLane,4.48456335067749
seed1-stage5,loc,4,IncomLane,36.094505310058594
seed1-stage5,loc,5,IncomCycLane,1.1034826040267944
seed1-stage5,loc,6,IncomBusLane,15.106588363647461
seed1-stage5,loc,7,Pav,11.268784523010254
seed1-stage5,loc,8,LftPav,35.699954986572266
seed1-stage5,loc,9,RhtPav,40.732452392578125
seed1-stage5,loc,10,Jun,33.455440521240234
seed1-stage5,loc,11,xing,13.844655990600586
seed1-stage5,loc,12,BusStop,2.9511494636535645
seed1-stage5,loc,13,parking,3.346518039703369
seed1-stage5,loc,14,LftParking,41.539730072021484
seed1-stage5,loc,15,rightParking,42.66543960571289
seed1-stage5,duplex,0,Ped-MovAway,28.25265121459961
seed1-stage5,duplex,1,Ped-MovTow,34.84318161010742
seed1-stage5,duplex,2,Ped-Mov,14.76850414276123
seed1-stage5,duplex,3,Ped-Stop,31.142772674560547
seed1-stage5,duplex,4,Ped-Wait2X,28.640363693237305
seed1-stage5,duplex,5,Ped-XingFmLft,18.879058837890625
seed1-stage5,duplex,6,Ped-XingFmRht,26.623516082763672
seed1-stage5,duplex,7,Ped-Xing,27.425378799438477
seed1-stage5,duplex,8,Ped-PushObj,4.604006767272949
seed1-stage5,duplex,9,Car-MovAway,46.933128356933594
seed1-stage5,duplex,10,Car-MovTow,35.69129180908203
seed1-stage5,duplex,11,Car-Brake,41.43607711791992
seed1-stage5,duplex,12,Car-Stop,52.73217010498047
seed1-stage5,duplex,13,Car-IncatLft,8.910431861877441
seed1-stage5,duplex,14,Car-IncatRht,4.084807395935059
seed1-stage5,duplex,15,Car-HazLit,1.286371111869812
seed1-stage5,duplex,16,Car-TurLft,8.204085350036621
seed1-stage5,duplex,17,Car-TurRht,7.236236572265625
seed1-stage5,duplex,18,Car-MovRht,1.2586849927902222
seed1-stage5,duplex,19,Car-MovLft,1.683880090713501
seed1-stage5,duplex,20,Car-XingFmLft,13.831592559814453
seed1-stage5,duplex,21,Car-XingFmRht,12.321145057678223
seed1-stage5,duplex,22,Cyc-MovAway,3.0960075855255127
seed1-stage5,duplex,23,Cyc-MovTow,1.9297488927841187
seed1-stage5,duplex,24,Cyc-Stop,0.7372128963470459
seed1-stage5,duplex,25,Mobike-Stop,24.33573341369629
seed1-stage5,duplex,26,MedVeh-MovAway,17.08948516845703
seed1-stage5,duplex,27,MedVeh-MovTow,9.024715423583984
seed1-stage5,duplex,28,MedVeh-Brake,14.369726181030273
seed1-stage5,duplex,29,MedVeh-Stop,18.032543182373047
seed1-stage5,duplex,30,MedVeh-IncatLft,4.920428276062012
seed1-stage5,duplex,31,MedVeh-IncatRht,0.9517225027084351
seed1-stage5,duplex,32,MedVeh-HazLit,4.988229274749756
seed1-stage5,duplex,33,MedVeh-TurRht,5.386813640594482
seed1-stage5,duplex,34,MedVeh-XingFmLft,10.700908660888672
seed1-stage5,duplex,35,MedVeh-XingFmRht,8.115876197814941
seed1-stage5,duplex,36,LarVeh-MovAway,2.610696792602539
seed1-stage5,duplex,37,LarVeh-MovTow,4.0199456214904785
seed1-stage5,duplex,38,LarVeh-Stop,20.5659122467041
seed1-stage5,duplex,39,LarVeh-HazLit,5.617629528045654
seed1-stage5,duplex,40,Bus-MovAway,22.989822387695312
seed1-stage5,duplex,41,Bus-MovTow,27.29503059387207
seed1-stage5,duplex,42,Bus-Brake,29.513540267944336
seed1-stage5,duplex,43,Bus-Stop,18.747570037841797
seed1-stage5,duplex,44,Bus-HazLit,29.59244728088379
seed1-stage5,duplex,45,EmVeh-Stop,0.003813727991655469
seed1-stage5,duplex,46,TL-Red,62.40562057495117
seed1-stage5,duplex,47,TL-Amber,23.082555770874023
seed1-stage5,duplex,48,TL-Green,48.187076568603516
seed1-stage5,triplet,0,Ped-MovAway-LftPav,17.715059280395508
seed1-stage5,triplet,1,Ped-MovAway-RhtPav,25.303272247314453
seed1-stage5,triplet,2,Ped-MovAway-Jun,0.34001246094703674
seed1-stage5,triplet,3,Ped-MovTow-LftPav,26.00218391418457
seed1-stage5,triplet,4,Ped-MovTow-RhtPav,26.44257164001465
seed1-stage5,triplet,5,Ped-MovTow-Jun,0.8403303623199463
seed1-stage5,triplet,6,Ped-Mov-OutgoLane,5.192625999450684
seed1-stage5,triplet,7,Ped-Mov-Pav,10.746484756469727
seed1-stage5,triplet,8,Ped-Mov-RhtPav,3.2700369358062744
seed1-stage5,triplet,9,Ped-Stop-OutgoLane,16.646442413330078
seed1-stage5,triplet,10,Ped-Stop-Pav,4.218235492706299
seed1-stage5,triplet,11,Ped-Stop-LftPav,22.965961456298828
seed1-stage5,triplet,12,Ped-Stop-RhtPav,16.24017906188965
seed1-stage5,triplet,13,Ped-Stop-BusStop,6.3931803703308105
seed1-stage5,triplet,14,Ped-Wait2X-RhtPav,2.6241822242736816
seed1-stage5,triplet,15,Ped-Wait2X-Jun,22.9718074798584
seed1-stage5,triplet,16,Ped-XingFmLft-Jun,17.845104217529297
seed1-stage5,triplet,17,Ped-XingFmRht-Jun,24.537145614624023
seed1-stage5,triplet,18,Ped-XingFmRht-xing,8.281896591186523
seed1-stage5,triplet,19,Ped-Xing-Jun,21.885324478149414
seed1-stage5,triplet,20,Ped-PushObj-LftPav,0.04322498291730881
seed1-stage5,triplet,21,Ped-PushObj-RhtPav,0.6046446561813354
seed1-stage5,triplet,22,Car-MovAway-VehLane,25.362838745117188
seed1-stage5,triplet,23,Car-MovAway-OutgoLane,39.82649230957031
seed1-stage5,triplet,24,Car-MovAway-Jun,12.133734703063965
seed1-stage5,triplet,25,Car-MovTow-VehLane,0.09758681803941727
seed1-stage5,triplet,26,Car-MovTow-IncomLane,38.2445182800293
seed1-stage5,triplet,27,Car-MovTow-Jun,8.649029731750488
seed1-stage5,triplet,28,Car-Brake-VehLane,37.62284469604492
seed1-stage5,triplet,29,Car-Brake-OutgoLane,34.28976821899414
seed1-stage5,triplet,30,Car-Brake-Jun,24.213457107543945
seed1-stage5,triplet,31,Car-Stop-VehLane,36.03229904174805
seed1-stage5,triplet,32,Car-Stop-OutgoLane,26.76186180114746
seed1-stage5,triplet,33,Car-Stop-IncomLane,23.326160430908203
seed1-stage5,triplet,34,Car-Stop-Jun,24.954458236694336
seed1-stage5,triplet,35,Car-Stop-parking,2.0726401805877686
seed1-stage5,triplet,36,Car-IncatLft-VehLane,13.550374984741211
seed1-stage5,triplet,37,Car-IncatLft-OutgoLane,2.8306314945220947
seed1-stage5,triplet,38,Car-IncatLft-IncomLane,5.443251132965088
seed1-stage5,triplet,39,Car-IncatLft-Jun,4.202371120452881
seed1-stage5,triplet,40,Car-IncatRht-VehLane,2.191148519515991
seed1-stage5,triplet,41,Car-IncatRht-OutgoLane,3.6254000663757324
seed1-stage5,triplet,42,Car-IncatRht-IncomLane,1.6048369407653809
seed1-stage5,triplet,43,Car-IncatRht-Jun,1.6179391145706177
seed1-stage5,triplet,44,Car-HazLit-IncomLane,0.0361446887254715
seed1-stage5,triplet,45,Car-TurLft-VehLane,1.344781756401062
seed1-stage5,triplet,46,Car-TurLft-Jun,7.335543155670166
seed1-stage5,triplet,47,Car-TurRht-Jun,6.138443470001221
seed1-stage5,triplet,48,Car-MovRht-OutgoLane,0.6530200242996216
seed1-stage5,triplet,49,Car-MovLft-VehLane,0.6312822699546814
seed1-stage5,triplet,50,Car-MovLft-OutgoLane,1.342556357383728
seed1-stage5,triplet,51,Car-XingFmLft-Jun,14.177778244018555
seed1-stage5,triplet,52,Car-XingFmRht-Jun,12.663469314575195
seed1-stage5,triplet,53,Cyc-MovAway-OutgoCycLane,0.20112234354019165
seed1-stage5,triplet,54,Cyc-MovAway-RhtPav,0.0020566119346767664
seed1-stage5,triplet,55,Cyc-MovTow-IncomLane,0.4410366714000702
seed1-stage5,triplet,56,Cyc-MovTow-RhtPav,0.0
seed1-stage5,triplet,57,MedVeh-MovAway-VehLane,21.41766357421875
seed1-stage5,triplet,58,MedVeh-MovAway-OutgoLane,11.673093795776367
seed1-stage5,triplet,59,MedVeh-MovAway-Jun,4.377285957336426
seed1-stage5,triplet,60,MedVeh-MovTow-IncomLane,9.612066268920898
seed1-stage5,triplet,61,MedVeh-MovTow-Jun,4.788285255432129
seed1-stage5,triplet,62,MedVeh-Brake-VehLane,9.06668758392334
seed1-stage5,triplet,63,MedVeh-Brake-OutgoLane,11.84935188293457
seed1-stage5,triplet,64,MedVeh-Brake-Jun,19.705402374267578
seed1-stage5,triplet,65,MedVeh-Stop-VehLane,20.27214241027832
seed1-stage5,triplet,66,MedVeh-Stop-OutgoLane,15.930943489074707
seed1-stage5,triplet,67,MedVeh-Stop-IncomLane,2.132338285446167
seed1-stage5,triplet,68,MedVeh-Stop-Jun,14.161725997924805
seed1-stage5,triplet,69,MedVeh-Stop-parking,0.15681999921798706
seed1-stage5,triplet,70,MedVeh-IncatLft-IncomLane,0.37664884328842163
seed1-stage5,triplet,71,MedVeh-IncatRht-Jun,0.07745110243558884
seed1-stage5,triplet,72,MedVeh-TurRht-Jun,8.31070613861084
seed1-stage5,triplet,73,MedVeh-XingFmLft-Jun,10.099949836730957
seed1-stage5,triplet,74,MedVeh-XingFmRht-Jun,9.05130672454834
seed1-stage5,triplet,75,LarVeh-MovAway-VehLane,0.20724260807037354
seed1-stage5,triplet,76,LarVeh-MovTow-IncomLane,11.388718605041504
seed1-stage5,triplet,77,LarVeh-Stop-VehLane,8.085824012756348
seed1-stage5,triplet,78,LarVeh-Stop-Jun,46.326663970947266
seed1-stage5,triplet,79,Bus-MovAway-OutgoLane,9.0579195022583
seed1-stage5,triplet,80,Bus-MovTow-IncomLane,26.00838279724121
seed1-stage5,triplet,81,Bus-Stop-VehLane,17.732431411743164
seed1-stage5,triplet,82,Bus-Stop-OutgoLane,16.546602249145508
seed1-stage5,triplet,83,Bus-Stop-IncomLane,3.6140918731689453
seed1-stage5,triplet,84,Bus-Stop-Jun,10.420194625854492
seed1-stage5,triplet,85,Bus-HazLit-OutgoLane,4.1526265144348145
seed1-stage6,agentness,0,agentness,65.3644790649414
seed1-stage6,agent,0,Ped,65.67159271240234
seed1-stage6,agent,1,Car,62.94348907470703
seed1-stage6,agent,2,Cyc,13.659136772155762
seed1-stage6,agent,3,Mobike,41.83154296875
seed1-stage6,agent,4,SmalVeh,0.02811187319457531
seed1-stage6,agent,5,MedVeh,33.943809509277344
seed1-stage6,agent,6,LarVeh,22.92780113220215
seed1-stage6,agent,7,Bus,46.70212936401367
seed1-stage6,agent,8,EmVeh,0.005572479218244553
seed1-stage6,agent,9,TL,64.73817443847656
seed1-stage6,action,0,Red,65.3269271850586
seed1-stage6,action,1,Amber,27.205766677856445
seed1-stage6,action,2,Green,40.382957458496094
seed1-stage6,action,3,MovAway,41.33228302001953
seed1-stage6,action,4,MovTow,32.86043930053711
seed1-stage6,action,5,Mov,10.16634750366211
seed1-stage6,action,6,Rev,0.12161518633365631
seed1-stage6,action,7,Brake,43.000431060791016
seed1-stage6,action,8,Stop,54.85040283203125
seed1-stage6,action,9,IncatLft,4.41572904586792
seed1-stage6,action,10,IncatRht,2.16774845123291
seed1-stage6,action,11,HazLit,5.822088718414307
seed1-stage6,action,12,TurLft,6.078979015350342
seed1-stage6,action,13,TurRht,6.000380039215088
seed1-stage6,action,14,MovRht,0.7903037071228027
seed1-stage6,action,15,MovLft,0.9733543395996094
seed1-stage6,action,16,Ovtak,0.3842667043209076
seed1-stage6,action,17,Wait2X,19.241737365722656
seed1-stage6,action,18,XingFmLft,14.986653327941895
seed1-stage6,action,19,XingFmRht,16.163284301757812
seed1-stage6,action,20,Xing,22.45201873779297
seed1-stage6,action,21,PushObj,3.33851957321167
seed1-stage6,loc,0,VehLane,36.42338180541992
seed1-stage6,loc,1,OutgoLane,41.16587448120117
seed1-stage6,loc,2,OutgoCycLane,0.10663986951112747
seed1-stage6,loc,3,OutgoBusLane,4.48456335067749
seed1-stage6,loc,4,IncomLane,36.094505310058594
seed1-stage6,loc,5,IncomCycLane,1.1034826040267944
seed1-stage6,loc,6,IncomBusLane,15.106588363647461
seed1-stage6,loc,7,Pav,11.268784523010254
seed1-stage6,loc,8,LftPav,35.699954986572266
seed1-stage6,loc,9,RhtPav,40.732452392578125
seed1-stage6,loc,10,Jun,33.455440521240234
seed1-stage6,loc,11,xing,13.844655990600586
seed1-stage6,loc,12,BusStop,2.9511494636535645
seed1-stage6,loc,13,parking,3.346518039703369
seed1-stage6,loc,14,LftParking,41.539730072021484
seed1-stage6,loc,15,rightParking,42.66543960571289
seed1-stage6,duplex,0,Ped-MovAway,29.09894371032715
seed1-stage6,duplex,1,Ped-MovTow,34.99162673950195
seed1-stage6,duplex,2,Ped-Mov,14.737404823303223
seed1-stage6,duplex,3,Ped-Stop,30.618928909301758
seed1-stage6,duplex,4,Ped-Wait2X,29.638526916503906
seed1-stage6,duplex,5,Ped-XingFmLft,18.245542526245117
seed1-stage6,duplex,6,Ped-XingFmRht,26.63587760925293
seed1-stage6,duplex,7,Ped-Xing,28.48387336730957
seed1-stage6,duplex,8,Ped-PushObj,5.637561798095703
seed1-stage6,duplex,9,Car-MovAway,46.68730926513672
seed1-stage6,duplex,10,Car-MovTow,35.3127326965332
seed1-stage6,duplex,11,Car-Brake,42.583152770996094
seed1-stage6,duplex,12,Car-Stop,52.83900451660156
seed1-stage6,duplex,13,Car-IncatLft,7.554124355316162
seed1-stage6,duplex,14,Car-IncatRht,3.4579734802246094
seed1-stage6,duplex,15,Car-HazLit,1.3207613229751587
seed1-stage6,duplex,16,Car-TurLft,7.4648261070251465
seed1-stage6,duplex,17,Car-TurRht,8.189438819885254
seed1-stage6,duplex,18,Car-MovRht,1.5132780075073242
seed1-stage6,duplex,19,Car-MovLft,1.299932599067688
seed1-stage6,duplex,20,Car-XingFmLft,12.38322639465332
seed1-stage6,duplex,21,Car-XingFmRht,11.95237922668457
seed1-stage6,duplex,22,Cyc-MovAway,7.279956340789795
seed1-stage6,duplex,23,Cyc-MovTow,1.9712899923324585
seed1-stage6,duplex,24,Cyc-Stop,2.188298225402832
seed1-stage6,duplex,25,Mobike-Stop,25.51557159423828
seed1-stage6,duplex,26,MedVeh-MovAway,18.41843605041504
seed1-stage6,duplex,27,MedVeh-MovTow,8.160703659057617
seed1-stage6,duplex,28,MedVeh-Brake,16.011524200439453
seed1-stage6,duplex,29,MedVeh-Stop,20.248010635375977
seed1-stage6,duplex,30,MedVeh-IncatLft,3.4008584022521973
seed1-stage6,duplex,31,MedVeh-IncatRht,0.7036880850791931
seed1-stage6,duplex,32,MedVeh-HazLit,7.526239395141602
seed1-stage6,duplex,33,MedVeh-TurRht,2.29605770111084
seed1-stage6,duplex,34,MedVeh-XingFmLft,12.098766326904297
seed1-stage6,duplex,35,MedVeh-XingFmRht,11.024168014526367
seed1-stage6,duplex,36,LarVeh-MovAway,1.789560317993164
seed1-stage6,duplex,37,LarVeh-MovTow,3.264300584793091
seed1-stage6,duplex,38,LarVeh-Stop,18.073530197143555
seed1-stage6,duplex,39,LarVeh-HazLit,17.399316787719727
seed1-stage6,duplex,40,Bus-MovAway,28.11560821533203
seed1-stage6,duplex,41,Bus-MovTow,19.20090675354004
seed1-stage6,duplex,42,Bus-Brake,33.38345718383789
seed1-stage6,duplex,43,Bus-Stop,24.04532241821289
seed1-stage6,duplex,44,Bus-HazLit,33.34920120239258
seed1-stage6,duplex,45,EmVeh-Stop,0.0022493614815175533
seed1-stage6,duplex,46,TL-Red,62.31640625
seed1-stage6,duplex,47,TL-Amber,26.155914306640625
seed1-stage6,duplex,48,TL-Green,51.03914260864258
seed1-stage6,triplet,0,Ped-MovAway-LftPav,17.7668514251709
seed1-stage6,triplet,1,Ped-MovAway-RhtPav,25.588529586791992
seed1-stage6,triplet,2,Ped-MovAway-Jun,0.3393140137195587
seed1-stage6,triplet,3,Ped-MovTow-LftPav,25.024620056152344
seed1-stage6,triplet,4,Ped-MovTow-RhtPav,27.59510612487793
seed1-stage6,triplet,5,Ped-MovTow-Jun,2.8258423805236816
seed1-stage6,triplet,6,Ped-Mov-OutgoLane,0.655036449432373
seed1-stage6,triplet,7,Ped-Mov-Pav,10.61186408996582
seed1-stage6,triplet,8,Ped-Mov-RhtPav,3.3594658374786377
seed1-stage6,triplet,9,Ped-Stop-OutgoLane,5.6219987869262695
seed1-stage6,triplet,10,Ped-Stop-Pav,3.4947855472564697
seed1-stage6,triplet,11,Ped-Stop-LftPav,23.384366989135742
seed1-stage6,triplet,12,Ped-Stop-RhtPav,15.643988609313965
seed1-stage6,triplet,13,Ped-Stop-BusStop,6.764125347137451
seed1-stage6,triplet,14,Ped-Wait2X-RhtPav,4.888705253601074
seed1-stage6,triplet,15,Ped-Wait2X-Jun,24.53643798828125
seed1-stage6,triplet,16,Ped-XingFmLft-Jun,19.08281135559082
seed1-stage6,triplet,17,Ped-XingFmRht-Jun,24.778087615966797
seed1-stage6,triplet,18,Ped-XingFmRht-xing,6.504732608795166
seed1-stage6,triplet,19,Ped-Xing-Jun,21.10390853881836
seed1-stage6,triplet,20,Ped-PushObj-LftPav,0.10141237825155258
seed1-stage6,triplet,21,Ped-PushObj-RhtPav,1.2185288667678833
seed1-stage6,triplet,22,Car-MovAway-VehLane,26.386085510253906
seed1-stage6,triplet,23,Car-MovAway-OutgoLane,40.003211975097656
seed1-stage6,triplet,24,Car-MovAway-Jun,11.505901336669922
seed1-stage6,triplet,25,Car-MovTow-VehLane,0.13619984686374664
seed1-stage6,triplet,26,Car-MovTow-IncomLane,37.72761917114258
seed1-stage6,triplet,27,Car-MovTow-Jun,8.618461608886719
seed1-stage6,triplet,28,Car-Brake-VehLane,37.95759201049805
seed1-stage6,triplet,29,Car-Brake-OutgoLane,33.72410202026367
seed1-stage6,triplet,30,Car-Brake-Jun,22.09376335144043
seed1-stage6,triplet,31,Car-Stop-VehLane,38.4161262512207
seed1-stage6,triplet,32,Car-Stop-OutgoLane,27.655298233032227
seed1-stage6,triplet,33,Car-Stop-IncomLane,24.427099227905273
seed1-stage6,triplet,34,Car-Stop-Jun,24.605764389038086
seed1-stage6,triplet,35,Car-Stop-parking,1.6799297332763672
seed1-stage6,triplet,36,Car-IncatLft-VehLane,15.272621154785156
seed1-stage6,triplet,37,Car-IncatLft-OutgoLane,2.5932180881500244
seed1-stage6,triplet,38,Car-IncatLft-IncomLane,4.507723808288574
seed1-stage6,triplet,39,Car-IncatLft-Jun,4.338390350341797
seed1-stage6,triplet,40,Car-IncatRht-VehLane,1.9826050996780396
seed1-stage6,triplet,41,Car-IncatRht-OutgoLane,1.8181912899017334
seed1-stage6,triplet,42,Car-IncatRht-IncomLane,1.3107675313949585
seed1-stage6,triplet,43,Car-IncatRht-Jun,1.5525959730148315
seed1-stage6,triplet,44,Car-HazLit-IncomLane,0.05772224813699722
seed1-stage6,triplet,45,Car-TurLft-VehLane,0.7761039137840271
seed1-stage6,triplet,46,Car-TurLft-Jun,6.800961494445801
seed1-stage6,triplet,47,Car-TurRht-Jun,6.604456901550293
seed1-stage6,triplet,48,Car-MovRht-OutgoLane,0.9306107759475708
seed1-stage6,triplet,49,Car-MovLft-VehLane,0.2611364722251892
seed1-stage6,triplet,50,Car-MovLft-OutgoLane,1.2511757612228394
seed1-stage6,triplet,51,Car-XingFmLft-Jun,12.159723281860352
seed1-stage6,triplet,52,Car-XingFmRht-Jun,12.247467994689941
seed1-stage6,triplet,53,Cyc-MovAway-OutgoCycLane,0.08570299297571182
seed1-stage6,triplet,54,Cyc-MovAway-RhtPav,0.0017833351157605648
seed1-stage6,triplet,55,Cyc-MovTow-IncomLane,0.8387088179588318
seed1-stage6,triplet,56,Cyc-MovTow-RhtPav,0.0
seed1-stage6,triplet,57,MedVeh-MovAway-VehLane,18.142244338989258
seed1-stage6,triplet,58,MedVeh-MovAway-OutgoLane,12.95596981048584
seed1-stage6,triplet,59,MedVeh-MovAway-Jun,6.479833602905273
seed1-stage6,triplet,60,MedVeh-MovTow-IncomLane,8.630776405334473
seed1-stage6,triplet,61,MedVeh-MovTow-Jun,3.356881856918335
seed1-stage6,triplet,62,MedVeh-Brake-VehLane,17.09552001953125
seed1-stage6,triplet,63,MedVeh-Brake-OutgoLane,14.002273559570312
seed1-stage6,triplet,64,MedVeh-Brake-Jun,22.090774536132812
seed1-stage6,triplet,65,MedVeh-Stop-VehLane,29.678985595703125
seed1-stage6,triplet,66,MedVeh-Stop-OutgoLane,10.822319030761719
seed1-stage6,triplet,67,MedVeh-Stop-IncomLane,1.5782620906829834
seed1-stage6,triplet,68,MedVeh-Stop-Jun,11.677412033081055
seed1-stage6,triplet,69,MedVeh-Stop-parking,0.13454878330230713
seed1-stage6,triplet,70,MedVeh-IncatLft-IncomLane,1.6885744333267212
seed1-stage6,triplet,71,MedVeh-IncatRht-Jun,0.08036790788173676
seed1-stage6,triplet,72,MedVeh-TurRht-Jun,2.770878553390503
seed1-stage6,triplet,73,MedVeh-XingFmLft-Jun,10.978373527526855
seed1-stage6,triplet,74,MedVeh-XingFmRht-Jun,9.49694538116455
seed1-stage6,triplet,75,LarVeh-MovAway-VehLane,0.2608794569969177
seed1-stage6,triplet,76,LarVeh-MovTow-IncomLane,3.5008387565612793
seed1-stage6,triplet,77,LarVeh-Stop-VehLane,4.634347915649414
seed1-stage6,triplet,78,LarVeh-Stop-Jun,4.101877689361572
seed1-stage6,triplet,79,Bus-MovAway-OutgoLane,13.64197826385498
seed1-stage6,triplet,80,Bus-MovTow-IncomLane,17.27050018310547
seed1-stage6,triplet,81,Bus-Stop-VehLane,31.159730911254883
seed1-stage6,triplet,82,Bus-Stop-OutgoLane,6.808624267578125
seed1-stage6,triplet,83,Bus-Stop-IncomLane,2.520112991333008
seed1-stage6,triplet,84,Bus-Stop-Jun,12.09017562866211
seed1-stage6,triplet,85,Bus-HazLit-OutgoLane,13.618850708007812
seed2-fusion-flat-evidence,agentness,0,agentness,65.3644790649414
seed2-fusion-flat-evidence,agent,0,Ped,65.67159271240234
seed2-fusion-flat-evidence,agent,1,Car,62.94348907470703
seed2-fusion-flat-evidence,agent,2,Cyc,13.659136772155762
seed2-fusion-flat-evidence,agent,3,Mobike,41.83154296875
seed2-fusion-flat-evidence,agent,4,SmalVeh,0.02811187319457531
seed2-fusion-flat-evidence,agent,5,MedVeh,33.943809509277344
seed2-fusion-flat-evidence,agent,6,LarVeh,22.92780113220215
seed2-fusion-flat-evidence,agent,7,Bus,46.70212936401367
seed2-fusion-flat-evidence,agent,8,EmVeh,0.005572479218244553
seed2-fusion-flat-evidence,agent,9,TL,64.73817443847656
seed2-fusion-flat-evidence,action,0,Red,64.97261810302734
seed2-fusion-flat-evidence,action,1,Amber,10.476386070251465
seed2-fusion-flat-evidence,action,2,Green,35.645713806152344
seed2-fusion-flat-evidence,action,3,MovAway,41.03791427612305
seed2-fusion-flat-evidence,action,4,MovTow,35.88896560668945
seed2-fusion-flat-evidence,action,5,Mov,9.71881103515625
seed2-fusion-flat-evidence,action,6,Rev,0.12953351438045502
seed2-fusion-flat-evidence,action,7,Brake,45.07962417602539
seed2-fusion-flat-evidence,action,8,Stop,54.339298248291016
seed2-fusion-flat-evidence,action,9,IncatLft,6.773147106170654
seed2-fusion-flat-evidence,action,10,IncatRht,2.935138702392578
seed2-fusion-flat-evidence,action,11,HazLit,5.0435943603515625
seed2-fusion-flat-evidence,action,12,TurLft,6.547554016113281
seed2-fusion-flat-evidence,action,13,TurRht,4.974967956542969
seed2-fusion-flat-evidence,action,14,MovRht,0.8792546987533569
seed2-fusion-flat-evidence,action,15,MovLft,0.6953946352005005
seed2-fusion-flat-evidence,action,16,Ovtak,0.06628953665494919
seed2-fusion-flat-evidence,action,17,Wait2X,19.653362274169922
seed2-fusion-flat-evidence,action,18,XingFmLft,13.470258712768555
seed2-fusion-flat-evidence,action,19,XingFmRht,18.76349639892578
seed2-fusion-flat-evidence,action,20,Xing,24.677907943725586
seed2-fusion-flat-evidence,action,21,PushObj,3.3610410690307617
seed2-fusion-flat-evidence,loc,0,VehLane,31.024648666381836
seed2-fusion-flat-evidence,loc,1,OutgoLane,40.255592346191406
seed2-fusion-flat-evidence,loc,2,OutgoCycLane,0.4022720158100128
seed2-fusion-flat-evidence,loc,3,OutgoBusLane,2.286510944366455
seed2-fusion-flat-evidence,loc,4,IncomLane,38.99980545043945
seed2-fusion-flat-evidence,loc,5,IncomCycLane,1.8281358480453491
seed2-fusion-flat-evidence,loc,6,IncomBusLane,14.876561164855957
seed2-fusion-flat-evidence,loc,7,Pav,9.854995727539062
seed2-fusion-flat-evidence,loc,8,LftPav,32.67031478881836
seed2-fusion-flat-evidence,loc,9,RhtPav,40.1572380065918
seed2-fusion-flat-evidence,loc,10,Jun,33.9512825012207
seed2-fusion-flat-evidence,loc,11,xing,12.8726806640625
seed2-fusion-flat-evidence,loc,12,BusStop,9.588994026184082
seed2-fusion-flat-evidence,loc,13,parking,3.1642167568206787
seed2-fusion-flat-evidence,loc,14,LftParking,42.67222213745117
seed2-fusion-flat-evidence,loc,15,rightParking,41.65768814086914
seed2-fusion-flat-evidence,duplex,0,Ped-MovAway,30.475505828857422
seed2-fusion-flat-evidence,duplex,1,Ped-MovTow,34.82500457763672
seed2-fusion-flat-evidence,duplex,2,Ped-Mov,14.020578384399414
seed2-fusion-flat-evidence,duplex,3,Ped-Stop,30.594223022460938
seed2-fusion-flat-evidence,duplex,4,Ped-Wait2X,27.573978424072266
seed2-fusion-flat-evidence,duplex,5,Ped-XingFmLft,18.920940399169922
seed2-fusion-flat-evidence,duplex,6,Ped-XingFmRht,24.927143096923828
seed2-fusion-flat-evidence,duplex,7,Ped-Xing,26.406633377075195
seed2-fusion-flat-evidence,duplex,8,Ped-PushObj,4.111759185791016
seed2-fusion-flat-evidence,duplex,9,Car-MovAway,45.92444610595703
seed2-fusion-flat-evidence,duplex,10,Car-MovTow,35.44929122924805
seed2-fusion-flat-evidence,duplex,11,Car-Brake,39.65045166015625
seed2-fusion-flat-evidence,duplex,12,Car-Stop,52.776371002197266
seed2-fusion-flat-evidence,duplex,13,Car-IncatLft,7.493076324462891
seed2-fusion-flat-evidence,duplex,14,Car-IncatRht,3.7082748413085938
seed2-fusion-flat-evidence,duplex,15,Car-HazLit,2.4563686847686768
seed2-fusion-flat-evidence,duplex,16,Car-TurLft,8.045707702636719
seed2-fusion-flat-evidence,duplex,17,Car-TurRht,8.5481538772583
seed2-fusion-flat-evidence,duplex,18,Car-MovRht,1.001166582107544
seed2-fusion-flat-evidence,duplex,19,Car-MovLft,1.4203922748565674
seed2-fusion-flat-evidence,duplex,20,Car-XingFmLft,11.846298217773438
seed2-fusion-flat-evidence,duplex,21,Car-XingFmRht,11.829745292663574
seed2-fusion-flat-evidence,duplex,22,Cyc-MovAway,6.307071685791016
seed2-fusion-flat-evidence,duplex,23,Cyc-MovTow,1.322474479675293
seed2-fusion-flat-evidence,duplex,24,Cyc-Stop,0.5304051041603088
seed2-fusion-flat-evidence,duplex,25,Mobike-Stop,23.114599227905273
seed2-fusion-flat-evidence,duplex,26,MedVeh-MovAway,17.706026077270508
seed2-fusion-flat-evidence,duplex,27,MedVeh-MovTow,8.383934020996094
seed2-fusion-flat-evidence,duplex,28,MedVeh-Brake,13.680854797363281
seed2-fusion-flat-evidence,duplex,29,MedVeh-Stop,19.32852554321289
seed2-fusion-flat-evidence,duplex,30,MedVeh-IncatLft,3.512971878051758
seed2-fusion-flat-evidence,duplex,31,MedVeh-IncatRht,5.209833145141602
seed2-fusion-flat-evidence,duplex,32,MedVeh-HazLit,2.9805140495300293
seed2-fusion-flat-evidence,duplex,33,MedVeh-TurRht,1.5042037963867188
seed2-fusion-flat-evidence,duplex,34,MedVeh-XingFmLft,10.148918151855469
seed2-fusion-flat-evidence,duplex,35,MedVeh-XingFmRht,9.231161117553711
seed2-fusion-flat-evidence,duplex,36,LarVeh-MovAway,2.1810545921325684
seed2-fusion-flat-evidence,duplex,37,LarVeh-MovTow,1.2978425025939941
seed2-fusion-flat-evidence,duplex,38,LarVeh-Stop,16.395435333251953
seed2-fusion-flat-evidence,duplex,39,LarVeh-HazLit,2.112274169921875
seed2-fusion-flat-evidence,duplex,40,Bus-MovAway,27.460710525512695
seed2-fusion-flat-evidence,duplex,41,Bus-MovTow,26.854299545288086
seed2-fusion-flat-evidence,duplex,42,Bus-Brake,31.199357986450195
seed2-fusion-flat-evidence,duplex,43,Bus-Stop,20.893775939941406
seed2-fusion-flat-evidence,duplex,44,Bus-HazLit,21.98409080505371
seed2-fusion-flat-evidence,duplex,45,EmVeh-Stop,0.012702323496341705
seed2-fusion-flat-evidence,duplex,46,TL-Red,62.506195068359375
seed2-fusion-flat-evidence,duplex,47,TL-Amber,16.9979190826416
seed2-fusion-flat-evidence,duplex,48,TL-Green,45.12451934814453
seed2-fusion-flat-evidence,triplet,0,Ped-MovAway-LftPav,20.2689151763916
seed2-fusion-flat-evidence,triplet,1,Ped-MovAway-RhtPav,27.018705368041992
seed2-fusion-flat-evidence,triplet,2,Ped-MovAway-Jun,0.3816114068031311
seed2-fusion-flat-evidence,triplet,3,Ped-MovTow-LftPav,24.471988677978516
seed2-fusion-flat-evidence,triplet,4,Ped-MovTow-RhtPav,27.918394088745117
seed2-fusion-flat-evidence,triplet,5,Ped-MovTow-Jun,2.051863670349121
seed2-fusion-flat-evidence,triplet,6,Ped-Mov-OutgoLane,2.536621332168579
seed2-fusion-flat-evidence,triplet,7,Ped-Mov-Pav,10.694680213928223
seed2-fusion-flat-evidence,triplet,8,Ped-Mov-RhtPav,4.468535423278809
seed2-fusion-flat-evidence,triplet,9,Ped-Stop-OutgoLane,5.981598377227783
seed2-fusion-flat-evidence,triplet,10,Ped-Stop-Pav,4.278881549835205
seed2-fusion-flat-evidence,triplet,11,Ped-Stop-LftPav,24.407880783081055
seed2-fusion-flat-evidence,triplet,12,Ped-Stop-RhtPav,16.035907745361328
seed2-fusion-flat-evidence,triplet,13,Ped-Stop-BusStop,3.940598726272583
seed2-fusion-flat-evidence,triplet,14,Ped-Wait2X-RhtPav,3.7573764324188232
seed2-fusion-flat-evidence,triplet,15,Ped-Wait2X-Jun,22.79712677001953
seed2-fusion-flat-evidence,triplet,16,Ped-XingFmLft-Jun,18.874845504760742
seed2-fusion-flat-evidence,triplet,17,Ped-XingFmRht-Jun,22.489398956298828
seed2-fusion-flat-evidence,triplet,18,Ped-XingFmRht-xing,8.13074016571045
seed2-fusion-flat-evidence,triplet,19,Ped-Xing-Jun,19.315570831298828
seed2-fusion-flat-evidence,triplet,20,Ped-PushObj-LftPav,0.11983487755060196
seed2-fusion-flat-evidence,triplet,21,Ped-PushObj-RhtPav,1.5231072902679443
seed2-fusion-flat-evidence,triplet,22,Car-MovAway-VehLane,23.50008201599121
seed2-fusion-flat-evidence,triplet,23,Car-MovAway-OutgoLane,39.84124755859375
seed2-fusion-flat-evidence,triplet,24,Car-MovAway-Jun,11.994316101074219
seed2-fusion-flat-evidence,triplet,25,Car-MovTow-VehLane,0.07555507868528366
seed2-fusion-flat-evidence,triplet,26,Car-MovTow-IncomLane,37.60246658325195
seed2-fusion-flat-evidence,triplet,27,Car-MovTow-Jun,8.22944164276123
seed2-fusion-flat-evidence,triplet,28,Car-Brake-VehLane,38.19050979614258
seed2-fusion-flat-evidence,triplet,29,Car-Brake-OutgoLane,33.990535736083984
seed2-fusion-flat-evidence,triplet,30,Car-Brake-Jun,22.275197982788086
seed2-fusion-flat-evidence,triplet,31,Car-Stop-VehLane,37.45444869995117
seed2-fusion-flat-evidence,triplet,32,Car-Stop-OutgoLane,28.930477142333984
seed2-fusion-flat-evidence,triplet,33,Car-Stop-IncomLane,24.186704635620117
seed2-fusion-flat-evidence,triplet,34,Car-Stop-Jun,25.127784729003906
seed2-fusion-flat-evidence,triplet,35,Car-Stop-parking,2.1861379146575928
seed2-fusion-flat-evidence,triplet,36,Car-IncatLft-VehLane,12.529139518737793
seed2-fusion-flat-evidence,triplet,37,Car-IncatLft-OutgoLane,2.3773882389068604
seed2-fusion-flat-evidence,triplet,38,Car-IncatLft-IncomLane,5.130830764770508
seed2-fusion-flat-evidence,triplet,39,Car-IncatLft-Jun,4.865545272827148
seed2-fusion-flat-evidence,triplet,40,Car-IncatRht-VehLane,1.6486672163009644
seed2-fusion-flat-evidence,triplet,41,Car-IncatRht-OutgoLane,2.2471189498901367
seed2-fusion-flat-evidence,triplet,42,Car-IncatRht-IncomLane,1.0493141412734985
seed2-fusion-flat-evidence,triplet,43,Car-IncatRht-Jun,1.1652826070785522
seed2-fusion-flat-evidence,triplet,44,Car-HazLit-IncomLane,0.07895417511463165
seed2-fusion-flat-evidence,triplet,45,Car-TurLft-VehLane,0.7210477590560913
seed2-fusion-flat-evidence,triplet,46,Car-TurLft-Jun,8.094927787780762
seed2-fusion-flat-evidence,triplet,47,Car-TurRht-Jun,7.5430908203125
seed2-fusion-flat-evidence,triplet,48,Car-MovRht-OutgoLane,0.5647440552711487
seed2-fusion-flat-evidence,triplet,49,Car-MovLft-VehLane,0.6771268844604492
seed2-fusion-flat-evidence,triplet,50,Car-MovLft-OutgoLane,1.2097851037979126
seed2-fusion-flat-evidence,triplet,51,Car-XingFmLft-Jun,12.428702354431152
seed2-fusion-flat-evidence,triplet,52,Car-XingFmRht-Jun,11.653498649597168
seed2-fusion-flat-evidence,triplet,53,Cyc-MovAway-OutgoCycLane,0.5783393979072571
seed2-fusion-flat-evidence,triplet,54,Cyc-MovAway-RhtPav,0.0006599887856282294
seed2-fusion-flat-evidence,triplet,55,Cyc-MovTow-IncomLane,0.40262752771377563
seed2-fusion-flat-evidence,triplet,56,Cyc-MovTow-RhtPav,0.0
seed2-fusion-flat-evidence,triplet,57,MedVeh-MovAway-VehLane,15.104578018188477
seed2-fusion-flat-evidence,triplet,58,MedVeh-MovAway-OutgoLane,13.061417579650879
seed2-fusion-flat-evidence,triplet,59,MedVeh-MovAway-Jun,4.715848445892334
seed2-fusion-flat-evidence,triplet,60,MedVeh-MovTow-IncomLane,10.527179718017578
seed2-fusion-flat-evidence,triplet,61,MedVeh-MovTow-Jun,3.6983165740966797
seed2-fusion-flat-evidence,triplet,62,MedVeh-Brake-VehLane,5.279047966003418
seed2-fusion-flat-evidence,triplet,63,MedVeh-Brake-OutgoLane,14.678266525268555
seed2-fusion-flat-evidence,triplet,64,MedVeh-Brake-Jun,21.364994049072266
seed2-fusion-flat-evidence,triplet,65,MedVeh-Stop-VehLane,3.961237668991089
seed2-fusion-flat-evidence,triplet,66,MedVeh-Stop-OutgoLane,12.47046947479248
seed2-fusion-flat-evidence,triplet,67,MedVeh-Stop-IncomLane,1.9224443435668945
seed2-fusion-flat-evidence,triplet,68,MedVeh-Stop-Jun,14.355169296264648
seed2-fusion-flat-evidence,triplet,69,MedVeh-Stop-parking,0.3203634023666382
seed2-fusion-flat-evidence,triplet,70,MedVeh-IncatLft-IncomLane,0.2817026674747467
seed2-fusion-flat-evidence,triplet,71,MedVeh-IncatRht-Jun,0.028021499514579773
seed2-fusion-flat-evidence,triplet,72,MedVeh-TurRht-Jun,1.1166787147521973
seed2-fusion-flat-evidence,triplet,73,MedVeh-XingFmLft-Jun,10.339492797851562
seed2-fusion-flat-evidence,triplet,74,MedVeh-XingFmRht-Jun,8.90190601348877
seed2-fusion-flat-evidence,triplet,75,LarVeh-MovAway-VehLane,0.5326669812202454
seed2-fusion-flat-evidence,triplet,76,LarVeh-MovTow-IncomLane,2.560298442840576
seed2-fusion-flat-evidence,triplet,77,LarVeh-Stop-VehLane,5.310065269470215
seed2-fusion-flat-evidence,triplet,78,LarVeh-Stop-Jun,6.042760848999023
seed2-fusion-flat-evidence,triplet,79,Bus-MovAway-OutgoLane,12.235782623291016
seed2-fusion-flat-evidence,triplet,80,Bus-MovTow-IncomLane,22.355653762817383
seed2-fusion-flat-evidence,triplet,81,Bus-Stop-VehLane,39.149070739746094
seed2-fusion-flat-evidence,triplet,82,Bus-Stop-OutgoLane,4.2161784172058105
seed2-fusion-flat-evidence,triplet,83,Bus-Stop-IncomLane,2.470787525177002
seed2-fusion-flat-evidence,triplet,84,Bus-Stop-Jun,15.662631034851074
seed2-fusion-flat-evidence,triplet,85,Bus-HazLit-OutgoLane,8.315045356750488
seed2-fusion-shuffled,agentness,0,agentness,65.3644790649414
seed2-fusion-shuffled,agent,0,Ped,65.67159271240234
seed2-fusion-shuffled,agent,1,Car,62.94348907470703
seed2-fusion-shuffled,agent,2,Cyc,13.659136772155762
seed2-fusion-shuffled,agent,3,Mobike,41.83154296875
seed2-fusion-shuffled,agent,4,SmalVeh,0.02811187319457531
seed2-fusion-shuffled,agent,5,MedVeh,33.943809509277344
seed2-fusion-shuffled,agent,6,LarVeh,22.92780113220215
seed2-fusion-shuffled,agent,7,Bus,46.70212936401367
seed2-fusion-shuffled,agent,8,EmVeh,0.005572479218244553
seed2-fusion-shuffled,agent,9,TL,64.73817443847656
seed2-fusion-shuffled,action,0,Red,64.97261810302734
seed2-fusion-shuffled,action,1,Amber,10.476386070251465
seed2-fusion-shuffled,action,2,Green,35.645713806152344
seed2-fusion-shuffled,action,3,MovAway,41.03791427612305
seed2-fusion-shuffled,action,4,MovTow,35.88896560668945
seed2-fusion-shuffled,action,5,Mov,9.71881103515625
seed2-fusion-shuffled,action,6,Rev,0.12953351438045502
seed2-fusion-shuffled,action,7,Brake,45.07962417602539
seed2-fusion-shuffled,action,8,Stop,54.339298248291016
seed2-fusion-shuffled,action,9,IncatLft,6.773147106170654
seed2-fusion-shuffled,action,10,IncatRht,2.935138702392578
seed2-fusion-shuffled,action,11,HazLit,5.0435943603515625
seed2-fusion-shuffled,action,12,TurLft,6.547554016113281
seed2-fusion-shuffled,action,13,TurRht,4.974967956542969
seed2-fusion-shuffled,action,14,MovRht,0.8792546987533569
seed2-fusion-shuffled,action,15,MovLft,0.6953946352005005
seed2-fusion-shuffled,action,16,Ovtak,0.06628953665494919
seed2-fusion-shuffled,action,17,Wait2X,19.653362274169922
seed2-fusion-shuffled,action,18,XingFmLft,13.470258712768555
seed2-fusion-shuffled,action,19,XingFmRht,18.76349639892578
seed2-fusion-shuffled,action,20,Xing,24.677907943725586
seed2-fusion-shuffled,action,21,PushObj,3.3610410690307617
seed2-fusion-shuffled,loc,0,VehLane,31.024648666381836
seed2-fusion-shuffled,loc,1,OutgoLane,40.255592346191406
seed2-fusion-shuffled,loc,2,OutgoCycLane,0.4022720158100128
seed2-fusion-shuffled,loc,3,OutgoBusLane,2.286510944366455
seed2-fusion-shuffled,loc,4,IncomLane,38.99980545043945
seed2-fusion-shuffled,loc,5,IncomCycLane,1.8281358480453491
seed2-fusion-shuffled,loc,6,IncomBusLane,14.876561164855957
seed2-fusion-shuffled,loc,7,Pav,9.854995727539062
seed2-fusion-shuffled,loc,8,LftPav,32.67031478881836
seed2-fusion-shuffled,loc,9,RhtPav,40.1572380065918
seed2-fusion-shuffled,loc,10,Jun,33.9512825012207
seed2-fusion-shuffled,loc,11,xing,12.8726806640625
seed2-fusion-shuffled,loc,12,BusStop,9.588994026184082
seed2-fusion-shuffled,loc,13,parking,3.1642167568206787
seed2-fusion-shuffled,loc,14,LftParking,42.67222213745117
seed2-fusion-shuffled,loc,15,rightParking,41.65768814086914
seed2-fusion-shuffled,duplex,0,Ped-MovAway,28.39959144592285
seed2-fusion-shuffled,duplex,1,Ped-MovTow,34.230140686035156
seed2-fusion-shuffled,duplex,2,Ped-Mov,14.115166664123535
seed2-fusion-shuffled,duplex,3,Ped-Stop,30.517995834350586
seed2-fusion-shuffled,duplex,4,Ped-Wait2X,30.1915340423584
seed2-fusion-shuffled,duplex,5,Ped-XingFmLft,19.473417282104492
seed2-fusion-shuffled,duplex,6,Ped-XingFmRht,22.930667877197266
seed2-fusion-shuffled,duplex,7,Ped-Xing,29.946252822875977
seed2-fusion-shuffled,duplex,8,Ped-PushObj,3.877814531326294
seed2-fusion-shuffled,duplex,9,Car-MovAway,45.99876022338867
seed2-fusion-shuffled,duplex,10,Car-MovTow,36.18050003051758
seed2-fusion-shuffled,duplex,11,Car-Brake,39.31515884399414
seed2-fusion-shuffled,duplex,12,Car-Stop,53.491153717041016
seed2-fusion-shuffled,duplex,13,Car-IncatLft,6.963253974914551
seed2-fusion-shuffled,duplex,14,Car-IncatRht,3.402787923812866
seed2-fusion-shuffled,duplex,15,Car-HazLit,1.874206781387329
seed2-fusion-shuffled,duplex,16,Car-TurLft,7.017850875854492
seed2-fusion-shuffled,duplex,17,Car-TurRht,8.703028678894043
seed2-fusion-shuffled,duplex,18,Car-MovRht,1.2386480569839478
seed2-fusion-shuffled,duplex,19,Car-MovLft,2.47696852684021
seed2-fusion-shuffled,duplex,20,Car-XingFmLft,12.837249755859375
seed2-fusion-shuffled,duplex,21,Car-XingFmRht,12.529424667358398
seed2-fusion-shuffled,duplex,22,Cyc-MovAway,9.065479278564453
seed2-fusion-shuffled,duplex,23,Cyc-MovTow,1.1092443466186523
seed2-fusion-shuffled,duplex,24,Cyc-Stop,0.10622306168079376
seed2-fusion-shuffled,duplex,25,Mobike-Stop,23.922409057617188
seed2-fusion-shuffled,duplex,26,MedVeh-MovAway,18.221357345581055
seed2-fusion-shuffled,duplex,27,MedVeh-MovTow,8.581260681152344
seed2-fusion-shuffled,duplex,28,MedVeh-Brake,15.047578811645508
seed2-fusion-shuffled,duplex,29,MedVeh-Stop,19.14892578125
seed2-fusion-shuffled,duplex,30,MedVeh-IncatLft,3.135852575302124
seed2-fusion-shuffled,duplex,31,MedVeh-IncatRht,1.9379750490188599
seed2-fusion-shuffled,duplex,32,MedVeh-HazLit,8.520289421081543
seed2-fusion-shuffled,duplex,33,MedVeh-TurRht,1.748253345489502
seed2-fusion-shuffled,duplex,34,MedVeh-XingFmLft,9.01723575592041
seed2-fusion-shuffled,duplex,35,MedVeh-XingFmRht,8.349202156066895
seed2-fusion-shuffled,duplex,36,LarVeh-MovAway,2.388124942779541
seed2-fusion-shuffled,duplex,37,LarVeh-MovTow,1.2708085775375366
seed2-fusion-shuffled,duplex,38,LarVeh-Stop,17.220500946044922
seed2-fusion-shuffled,duplex,39,LarVeh-HazLit,3.7621426582336426
seed2-fusion-shuffled,duplex,40,Bus-MovAway,29.336708068847656
seed2-fusion-shuffled,duplex,41,Bus-MovTow,29.567081451416016
seed2-fusion-shuffled,duplex,42,Bus-Brake,36.8665885925293
seed2-fusion-shuffled,duplex,43,Bus-Stop,19.947546005249023
seed2-fusion-shuffled,duplex,44,Bus-HazLit,23.643735885620117
seed2-fusion-shuffled,duplex,45,EmVeh-Stop,0.013969328254461288
seed2-fusion-shuffled,duplex,46,TL-Red,61.13410568237305
seed2-fusion-shuffled,duplex,47,TL-Amber,22.605558395385742
seed2-fusion-shuffled,duplex,48,TL-Green,45.01689529418945
seed2-fusion-shuffled,triplet,0,Ped-MovAway-LftPav,16.962522506713867
seed2-fusion-shuffled,triplet,1,Ped-MovAway-RhtPav,26.484806060791016
seed2-fusion-shuffled,triplet,2,Ped-MovAway-Jun,0.42473605275154114
seed2-fusion-shuffled,triplet,3,Ped-MovTow-LftPav,22.763446807861328
seed2-fusion-shuffled,triplet,4,Ped-MovTow-RhtPav,27.858428955078125
seed2-fusion-shuffled,triplet,5,Ped-MovTow-Jun,3.0935840606689453
seed2-fusion-shuffled,triplet,6,Ped-Mov-OutgoLane,4.239647388458252
seed2-fusion-shuffled,triplet,7,Ped-Mov-Pav,10.35724925994873
seed2-fusion-shuffled,triplet,8,Ped-Mov-RhtPav,4.148562908172607
seed2-fusion-shuffled,triplet,9,Ped-Stop-OutgoLane,9.204297065734863
seed2-fusion-shuffled,triplet,10,Ped-Stop-Pav,3.86393141746521
seed2-fusion-shuffled,triplet,11,Ped-Stop-LftPav,22.7043514251709
seed2-fusion-shuffled,triplet,12,Ped-Stop-RhtPav,14.671624183654785
seed2-fusion-shuffled,triplet,13,Ped-Stop-BusStop,2.7056946754455566
seed2-fusion-shuffled,triplet,14,Ped-Wait2X-RhtPav,4.990197658538818
seed2-fusion-shuffled,triplet,15,Ped-Wait2X-Jun,24.42863655090332
seed2-fusion-shuffled,triplet,16,Ped-XingFmLft-Jun,19.642189025878906
seed2-fusion-shuffled,triplet,17,Ped-XingFmRht-Jun,21.708045959472656
seed2-fusion-shuffled,triplet,18,Ped-XingFmRht-xing,4.988985538482666
seed2-fusion-shuffled,triplet,19,Ped-Xing-Jun,21.606231689453125
seed2-fusion-shuffled,triplet,20,Ped-PushObj-LftPav,0.06049743667244911
seed2-fusion-shuffled,triplet,21,Ped-PushObj-RhtPav,1.0238323211669922
seed2-fusion-shuffled,triplet,22,Car-MovAway-VehLane,24.064733505249023
seed2-fusion-shuffled,triplet,23,Car-MovAway-OutgoLane,39.65049362182617
seed2-fusion-shuffled,triplet,24,Car-MovAway-Jun,11.45673656463623
seed2-fusion-shuffled,triplet,25,Car-MovTow-VehLane,0.08969294279813766
seed2-fusion-shuffled,triplet,26,Car-MovTow-IncomLane,37.85470199584961
seed2-fusion-shuffled,triplet,27,Car-MovTow-Jun,8.921507835388184
seed2-fusion-shuffled,triplet,28,Car-Brake-VehLane,35.87022018432617
seed2-fusion-shuffled,triplet,29,Car-Brake-OutgoLane,33.35546875
seed2-fusion-shuffled,triplet,30,Car-Brake-Jun,22.14462661743164
seed2-fusion-shuffled,triplet,31,Car-Stop-VehLane,37.460731506347656
seed2-fusion-shuffled,triplet,32,Car-Stop-OutgoLane,28.79081153869629
seed2-fusion-shuffled,triplet,33,Car-Stop-IncomLane,24.67257308959961
seed2-fusion-shuffled,triplet,34,Car-Stop-Jun,25.244491577148438
seed2-fusion-shuffled,triplet,35,Car-Stop-parking,2.079349994659424
seed2-fusion-shuffled,triplet,36,Car-IncatLft-VehLane,10.778046607971191
seed2-fusion-shuffled,triplet,37,Car-IncatLft-OutgoLane,2.83127498626709
seed2-fusion-shuffled,triplet,38,Car-IncatLft-IncomLane,3.7411773204803467
seed2-fusion-shuffled,triplet,39,Car-IncatLft-Jun,3.8145339488983154
seed2-fusion-shuffled,triplet,40,Car-IncatRht-VehLane,1.3831900358200073
seed2-fusion-shuffled,triplet,41,Car-IncatRht-OutgoLane,2.5410869121551514
seed2-fusion-shuffled,triplet,42,Car-IncatRht-IncomLane,0.8951339721679688
seed2-fusion-shuffled,triplet,43,Car-IncatRht-Jun,1.127539038658142
seed2-fusion-shuffled,triplet,44,Car-HazLit-IncomLane,0.08852342516183853
seed2-fusion-shuffled,triplet,45,Car-TurLft-VehLane,0.5075964331626892
seed2-fusion-shuffled,triplet,46,Car-TurLft-Jun,6.750879287719727
seed2-fusion-shuffled,triplet,47,Car-TurRht-Jun,7.065039157867432
seed2-fusion-shuffled,triplet,48,Car-MovRht-OutgoLane,0.6734196543693542
seed2-fusion-shuffled,triplet,49,Car-MovLft-VehLane,2.9663829803466797
seed2-fusion-shuffled,triplet,50,Car-MovLft-OutgoLane,1.9295918941497803
seed2-fusion-shuffled,triplet,51,Car-XingFmLft-Jun,13.075355529785156
seed2-fusion-shuffled,triplet,52,Car-XingFmRht-Jun,12.372993469238281
seed2-fusion-shuffled,triplet,53,Cyc-MovAway-OutgoCycLane,0.14454227685928345
seed2-fusion-shuffled,triplet,54,Cyc-MovAway-RhtPav,0.0011113154469057918
seed2-fusion-shuffled,triplet,55,Cyc-MovTow-IncomLane,1.0109955072402954
seed2-fusion-shuffled,triplet,56,Cyc-MovTow-RhtPav,0.0
seed2-fusion-shuffled,triplet,57,MedVeh-MovAway-VehLane,14.598222732543945
seed2-fusion-shuffled,triplet,58,MedVeh-MovAway-OutgoLane,12.766777038574219
seed2-fusion-shuffled,triplet,59,MedVeh-MovAway-Jun,4.485480785369873
seed2-fusion-shuffled,triplet,60,MedVeh-MovTow-IncomLane,9.497697830200195
seed2-fusion-shuffled,triplet,61,MedVeh-MovTow-Jun,4.264901161193848
seed2-fusion-shuffled,triplet,62,MedVeh-Brake-VehLane,11.761582374572754
seed2-fusion-shuffled,triplet,63,MedVeh-Brake-OutgoLane,11.351075172424316
seed2-fusion-shuffled,triplet,64,MedVeh-Brake-Jun,20.665502548217773
seed2-fusion-shuffled,triplet,65,MedVeh-Stop-VehLane,10.590666770935059
seed2-fusion-shuffled,triplet,66,MedVeh-Stop-OutgoLane,10.4675931930542
seed2-fusion-shuffled,triplet,67,MedVeh-Stop-IncomLane,1.9810436964035034
seed2-fusion-shuffled,triplet,68,MedVeh-Stop-Jun,11.016797065734863
seed2-fusion-shuffled,triplet,69,MedVeh-Stop-parking,0.28769075870513916
seed2-fusion-shuffled,triplet,70,MedVeh-IncatLft-IncomLane,0.30868929624557495
seed2-fusion-shuffled,triplet,71,MedVeh-IncatRht-Jun,0.03691399097442627
seed2-fusion-shuffled,triplet,72,MedVeh-TurRht-Jun,0.9912853240966797
seed2-fusion-shuffled,triplet,73,MedVeh-XingFmLft-Jun,9.967204093933105
seed2-fusion-shuffled,triplet,74,MedVeh-XingFmRht-Jun,8.693859100341797
seed2-fusion-shuffled,triplet,75,LarVeh-MovAway-VehLane,0.3866049349308014
seed2-fusion-shuffled,triplet,76,LarVeh-MovTow-IncomLane,6.998450756072998
seed2-fusion-shuffled,triplet,77,LarVeh-Stop-VehLane,12.749346733093262
seed2-fusion-shuffled,triplet,78,LarVeh-Stop-Jun,18.92325782775879
seed2-fusion-shuffled,triplet,79,Bus-MovAway-OutgoLane,12.300613403320312
seed2-fusion-shuffled,triplet,80,Bus-MovTow-IncomLane,33.631431579589844
seed2-fusion-shuffled,triplet,81,Bus-Stop-VehLane,48.43372344970703
seed2-fusion-shuffled,triplet,82,Bus-Stop-OutgoLane,1.1195608377456665
seed2-fusion-shuffled,triplet,83,Bus-Stop-IncomLane,0.505875289440155
seed2-fusion-shuffled,triplet,84,Bus-Stop-Jun,8.848701477050781
seed2-fusion-shuffled,triplet,85,Bus-HazLit-OutgoLane,7.844804763793945
seed2-head-flat,agentness,0,agentness,65.3644790649414
seed2-head-flat,agent,0,Ped,65.67159271240234
seed2-head-flat,agent,1,Car,62.94348907470703
seed2-head-flat,agent,2,Cyc,13.659136772155762
seed2-head-flat,agent,3,Mobike,41.83154296875
seed2-head-flat,agent,4,SmalVeh,0.02811187319457531
seed2-head-flat,agent,5,MedVeh,33.943809509277344
seed2-head-flat,agent,6,LarVeh,22.92780113220215
seed2-head-flat,agent,7,Bus,46.70212936401367
seed2-head-flat,agent,8,EmVeh,0.005572479218244553
seed2-head-flat,agent,9,TL,64.73817443847656
seed2-head-flat,action,0,Red,64.97261810302734
seed2-head-flat,action,1,Amber,10.476386070251465
seed2-head-flat,action,2,Green,35.645713806152344
seed2-head-flat,action,3,MovAway,41.03791427612305
seed2-head-flat,action,4,MovTow,35.88896560668945
seed2-head-flat,action,5,Mov,9.71881103515625
seed2-head-flat,action,6,Rev,0.12953351438045502
seed2-head-flat,action,7,Brake,45.07962417602539
seed2-head-flat,action,8,Stop,54.339298248291016
seed2-head-flat,action,9,IncatLft,6.773147106170654
seed2-head-flat,action,10,IncatRht,2.935138702392578
seed2-head-flat,action,11,HazLit,5.0435943603515625
seed2-head-flat,action,12,TurLft,6.547554016113281
seed2-head-flat,action,13,TurRht,4.974967956542969
seed2-head-flat,action,14,MovRht,0.8792546987533569
seed2-head-flat,action,15,MovLft,0.6953946352005005
seed2-head-flat,action,16,Ovtak,0.06628953665494919
seed2-head-flat,action,17,Wait2X,19.653362274169922
seed2-head-flat,action,18,XingFmLft,13.470258712768555
seed2-head-flat,action,19,XingFmRht,18.76349639892578
seed2-head-flat,action,20,Xing,24.677907943725586
seed2-head-flat,action,21,PushObj,3.3610410690307617
seed2-head-flat,loc,0,VehLane,31.024648666381836
seed2-head-flat,loc,1,OutgoLane,40.255592346191406
seed2-head-flat,loc,2,OutgoCycLane,0.4022720158100128
seed2-head-flat,loc,3,OutgoBusLane,2.286510944366455
seed2-head-flat,loc,4,IncomLane,38.99980545043945
seed2-head-flat,loc,5,IncomCycLane,1.8281358480453491
seed2-head-flat,loc,6,IncomBusLane,14.876561164855957
seed2-head-flat,loc,7,Pav,9.854995727539062
seed2-head-flat,loc,8,LftPav,32.67031478881836
seed2-head-flat,loc,9,RhtPav,40.1572380065918
seed2-head-flat,loc,10,Jun,33.9512825012207
seed2-head-flat,loc,11,xing,12.8726806640625
seed2-head-flat,loc,12,BusStop,9.588994026184082
seed2-head-flat,loc,13,parking,3.1642167568206787
seed2-head-flat,loc,14,LftParking,42.67222213745117
seed2-head-flat,loc,15,rightParking,41.65768814086914
seed2-head-flat,duplex,0,Ped-MovAway,25.27303123474121
seed2-head-flat,duplex,1,Ped-MovTow,29.202106475830078
seed2-head-flat,duplex,2,Ped-Mov,12.009943962097168
seed2-head-flat,duplex,3,Ped-Stop,25.80939483642578
seed2-head-flat,duplex,4,Ped-Wait2X,22.897985458374023
seed2-head-flat,duplex,5,Ped-XingFmLft,15.561516761779785
seed2-head-flat,duplex,6,Ped-XingFmRht,23.242328643798828
seed2-head-flat,duplex,7,Ped-Xing,24.086931228637695
seed2-head-flat,duplex,8,Ped-PushObj,3.4851579666137695
seed2-head-flat,duplex,9,Car-MovAway,44.11915969848633
seed2-head-flat,duplex,10,Car-MovTow,31.986217498779297
seed2-head-flat,duplex,11,Car-Brake,19.860126495361328
seed2-head-flat,duplex,12,Car-Stop,50.6331787109375
seed2-head-flat,duplex,13,Car-IncatLft,6.294219017028809
seed2-head-flat,duplex,14,Car-IncatRht,2.301121711730957
seed2-head-flat,duplex,15,Car-HazLit,0.8879140615463257
seed2-head-flat,duplex,16,Car-TurLft,7.1740875244140625
seed2-head-flat,duplex,17,Car-TurRht,5.3010759353637695
seed2-head-flat,duplex,18,Car-MovRht,0.8299897313117981
seed2-head-flat,duplex,19,Car-MovLft,0.859226644039154
seed2-head-flat,duplex,20,Car-XingFmLft,9.273012161254883
seed2-head-flat,duplex,21,Car-XingFmRht,9.654181480407715
seed2-head-flat,duplex,22,Cyc-MovAway,3.452578544616699
seed2-head-flat,duplex,23,Cyc-MovTow,0.8223789930343628
seed2-head-flat,duplex,24,Cyc-Stop,0.630966305732727
seed2-head-flat,duplex,25,Mobike-Stop,18.3917179107666
seed2-head-flat,duplex,26,MedVeh-MovAway,10.166849136352539
seed2-head-flat,duplex,27,MedVeh-MovTow,4.998956680297852
seed2-head-flat,duplex,28,MedVeh-Brake,8.36689567565918
seed2-head-flat,duplex,29,MedVeh-Stop,14.415167808532715
seed2-head-flat,duplex,30,MedVeh-IncatLft,4.275328159332275
seed2-head-flat,duplex,31,MedVeh-IncatRht,0.3683130443096161
seed2-head-flat,duplex,32,MedVeh-HazLit,3.9205894470214844
seed2-head-flat,duplex,33,MedVeh-TurRht,0.85914146900177
seed2-head-flat,duplex,34,MedVeh-XingFmLft,6.84534215927124
seed2-head-flat,duplex,35,MedVeh-XingFmRht,5.320827484130859
seed2-head-flat,duplex,36,LarVeh-MovAway,3.054060935974121
seed2-head-flat,duplex,37,LarVeh-MovTow,0.8267236351966858
seed2-head-flat,duplex,38,LarVeh-Stop,18.064533233642578
seed2-head-flat,duplex,39,LarVeh-HazLit,17.230403900146484
seed2-head-flat,duplex,40,Bus-MovAway,21.293684005737305
seed2-head-flat,duplex,41,Bus-MovTow,22.297504425048828
seed2-head-flat,duplex,42,Bus-Brake,25.292858123779297
seed2-head-flat,duplex,43,Bus-Stop,24.807048797607422
seed2-head-flat,duplex,44,Bus-HazLit,27.472869873046875
seed2-head-flat,duplex,45,EmVeh-Stop,0.012106437236070633
seed2-head-flat,duplex,46,TL-Red,61.812198638916016
seed2-head-flat,duplex,47,TL-Amber,16.18984603881836
seed2-head-flat,duplex,48,TL-Green,48.46502685546875
seed2-head-flat,triplet,0,Ped-MovAway-LftPav,12.33641529083252
seed2-head-flat,triplet,1,Ped-MovAway-RhtPav,21.602415084838867
seed2-head-flat,triplet,2,Ped-MovAway-Jun,0.09489889442920685
seed2-head-flat,triplet,3,Ped-MovTow-LftPav,20.96915626525879
seed2-head-flat,triplet,4,Ped-MovTow-RhtPav,26.552053451538086
seed2-head-flat,triplet,5,Ped-MovTow-Jun,5.022465229034424
seed2-head-flat,triplet,6,Ped-Mov-OutgoLane,1.2198573350906372
seed2-head-flat,triplet,7,Ped-Mov-Pav,8.625901222229004
seed2-head-flat,triplet,8,Ped-Mov-RhtPav,1.9887902736663818
seed2-head-flat,triplet,9,Ped-Stop-OutgoLane,7.808404445648193
seed2-head-flat,triplet,10,Ped-Stop-Pav,3.896022319793701
seed2-head-flat,triplet,11,Ped-Stop-LftPav,17.28350257873535
seed2-head-flat,triplet,12,Ped-Stop-RhtPav,15.063262939453125
seed2-head-flat,triplet,13,Ped-Stop-BusStop,4.0978851318359375
seed2-head-flat,triplet,14,Ped-Wait2X-RhtPav,1.4713432788848877
seed2-head-flat,triplet,15,Ped-Wait2X-Jun,18.252662658691406
seed2-head-flat,triplet,16,Ped-XingFmLft-Jun,15.778095245361328
seed2-head-flat,triplet,17,Ped-XingFmRht-Jun,21.60753631591797
seed2-head-flat,triplet,18,Ped-XingFmRht-xing,1.3286826610565186
seed2-head-flat,triplet,19,Ped-Xing-Jun,17.951217651367188
seed2-head-flat,triplet,20,Ped-PushObj-LftPav,0.03619459271430969
seed2-head-flat,triplet,21,Ped-PushObj-RhtPav,0.692661702632904
seed2-head-flat,triplet,22,Car-MovAway-VehLane,18.13956069946289
seed2-head-flat,triplet,23,Car-MovAway-OutgoLane,35.4714469909668
seed2-head-flat,triplet,24,Car-MovAway-Jun,11.177339553833008
seed2-head-flat,triplet,25,Car-MovTow-VehLane,0.019784273579716682
seed2-head-flat,triplet,26,Car-MovTow-IncomLane,34.2994270324707
seed2-head-flat,triplet,27,Car-MovTow-Jun,6.718276023864746
seed2-head-flat,triplet,28,Car-Brake-VehLane,27.602209091186523
seed2-head-flat,triplet,29,Car-Brake-OutgoLane,30.38677978515625
seed2-head-flat,triplet,30,Car-Brake-Jun,14.151679992675781
seed2-head-flat,triplet,31,Car-Stop-VehLane,33.960479736328125
seed2-head-flat,triplet,32,Car-Stop-OutgoLane,21.566293716430664
seed2-head-flat,triplet,33,Car-Stop-IncomLane,17.162805557250977
seed2-head-flat,triplet,34,Car-Stop-Jun,19.789352416992188
seed2-head-flat,triplet,35,Car-Stop-parking,2.148606061935425
seed2-head-flat,triplet,36,Car-IncatLft-VehLane,14.311899185180664
seed2-head-flat,triplet,37,Car-IncatLft-OutgoLane,1.3655574321746826
seed2-head-flat,triplet,38,Car-IncatLft-IncomLane,5.73756742477417
seed2-head-flat,triplet,39,Car-IncatLft-Jun,3.674149751663208
seed2-head-flat,triplet,40,Car-IncatRht-VehLane,1.470497727394104
seed2-head-flat,triplet,41,Car-IncatRht-OutgoLane,1.3464239835739136
seed2-head-flat,triplet,42,Car-IncatRht-IncomLane,0.5428676009178162
seed2-head-flat,triplet,43,Car-IncatRht-Jun,1.1320363283157349
seed2-head-flat,triplet,44,Car-HazLit-IncomLane,0.004565612878650427
seed2-head-flat,triplet,45,Car-TurLft-VehLane,0.5536525249481201
seed2-head-flat,triplet,46,Car-TurLft-Jun,6.577860355377197
seed2-head-flat,triplet,47,Car-TurRht-Jun,5.168295383453369
seed2-head-flat,triplet,48,Car-MovRht-OutgoLane,0.4971509575843811
seed2-head-flat,triplet,49,Car-MovLft-VehLane,0.3719772398471832
seed2-head-flat,triplet,50,Car-MovLft-OutgoLane,0.6475083827972412
seed2-head-flat,triplet,51,Car-XingFmLft-Jun,11.989067077636719
seed2-head-flat,triplet,52,Car-XingFmRht-Jun,9.562762260437012
seed2-head-flat,triplet,53,Cyc-MovAway-OutgoCycLane,0.01778622716665268
seed2-head-flat,triplet,54,Cyc-MovAway-RhtPav,0.0007061885553412139
seed2-head-flat,triplet,55,Cyc-MovTow-IncomLane,0.702474057674408
seed2-head-flat,triplet,56,Cyc-MovTow-RhtPav,0.0
seed2-head-flat,triplet,57,MedVeh-MovAway-VehLane,3.479192018508911
seed2-head-flat,triplet,58,MedVeh-MovAway-OutgoLane,8.472686767578125
seed2-head-flat,triplet,59,MedVeh-MovAway-Jun,1.050602912902832
seed2-head-flat,triplet,60,MedVeh-MovTow-IncomLane,4.90554141998291
seed2-head-flat,triplet,61,MedVeh-MovTow-Jun,2.375875949859619
seed2-head-flat,triplet,62,MedVeh-Brake-VehLane,5.9008259773254395
seed2-head-flat,triplet,63,MedVeh-Brake-OutgoLane,8.937246322631836
seed2-head-flat,triplet,64,MedVeh-Brake-Jun,13.532417297363281
seed2-head-flat,triplet,65,MedVeh-Stop-VehLane,0.8516891598701477
seed2-head-flat,triplet,66,MedVeh-Stop-OutgoLane,5.21902322769165
seed2-head-flat,triplet,67,MedVeh-Stop-IncomLane,1.7224496603012085
seed2-head-flat,triplet,68,MedVeh-Stop-Jun,6.206031322479248
seed2-head-flat,triplet,69,MedVeh-Stop-parking,0.058906618505716324
seed2-head-flat,triplet,70,MedVeh-IncatLft-IncomLane,0.17740105092525482
seed2-head-flat,triplet,71,MedVeh-IncatRht-Jun,0.010520681738853455
seed2-head-flat,triplet,72,MedVeh-TurRht-Jun,0.30042362213134766
seed2-head-flat,triplet,73,MedVeh-XingFmLft-Jun,6.326338768005371
seed2-head-flat,triplet,74,MedVeh-XingFmRht-Jun,7.945669174194336
seed2-head-flat,triplet,75,LarVeh-MovAway-VehLane,0.02704993076622486
seed2-head-flat,triplet,76,LarVeh-MovTow-IncomLane,4.399190902709961
seed2-head-flat,triplet,77,LarVeh-Stop-VehLane,0.6156300902366638
seed2-head-flat,triplet,78,LarVeh-Stop-Jun,29.656705856323242
seed2-head-flat,triplet,79,Bus-MovAway-OutgoLane,3.471118211746216
seed2-head-flat,triplet,80,Bus-MovTow-IncomLane,24.822608947753906
seed2-head-flat,triplet,81,Bus-Stop-VehLane,6.898036003112793
seed2-head-flat,triplet,82,Bus-Stop-OutgoLane,2.4988081455230713
seed2-head-flat,triplet,83,Bus-Stop-IncomLane,1.3977991342544556
seed2-head-flat,triplet,84,Bus-Stop-Jun,2.7671427726745605
seed2-head-flat,triplet,85,Bus-HazLit-OutgoLane,0.36412888765335083
seed2-head-phrase,agentness,0,agentness,65.3644790649414
seed2-head-phrase,agent,0,Ped,65.67159271240234
seed2-head-phrase,agent,1,Car,62.94348907470703
seed2-head-phrase,agent,2,Cyc,13.659136772155762
seed2-head-phrase,agent,3,Mobike,41.83154296875
seed2-head-phrase,agent,4,SmalVeh,0.02811187319457531
seed2-head-phrase,agent,5,MedVeh,33.943809509277344
seed2-head-phrase,agent,6,LarVeh,22.92780113220215
seed2-head-phrase,agent,7,Bus,46.70212936401367
seed2-head-phrase,agent,8,EmVeh,0.005572479218244553
seed2-head-phrase,agent,9,TL,64.73817443847656
seed2-head-phrase,action,0,Red,59.429840087890625
seed2-head-phrase,action,1,Amber,4.6299729347229
seed2-head-phrase,action,2,Green,37.66869354248047
seed2-head-phrase,action,3,MovAway,40.437564849853516
seed2-head-phrase,action,4,MovTow,33.555580139160156
seed2-head-phrase,action,5,Mov,10.55538558959961
seed2-head-phrase,action,6,Rev,0.31363168358802795
seed2-head-phrase,action,7,Brake,46.86216354370117
seed2-head-phrase,action,8,Stop,54.909976959228516
seed2-head-phrase,action,9,IncatLft,4.709867000579834
seed2-head-phrase,action,10,IncatRht,2.673074960708618
seed2-head-phrase,action,11,HazLit,7.520557403564453
seed2-head-phrase,action,12,TurLft,5.771971225738525
seed2-head-phrase,action,13,TurRht,7.238005638122559
seed2-head-phrase,action,14,MovRht,1.051782488822937
seed2-head-phrase,action,15,MovLft,1.365777611732483
seed2-head-phrase,action,16,Ovtak,0.36595040559768677
seed2-head-phrase,action,17,Wait2X,21.201099395751953
seed2-head-phrase,action,18,XingFmLft,14.920862197875977
seed2-head-phrase,action,19,XingFmRht,17.32233428955078
seed2-head-phrase,action,20,Xing,22.427026748657227
seed2-head-phrase,action,21,PushObj,6.2678751945495605
seed2-head-phrase,loc,0,VehLane,35.32312774658203
seed2-head-phrase,loc,1,OutgoLane,41.710533142089844
seed2-head-phrase,loc,2,OutgoCycLane,0.5709393620491028
seed2-head-phrase,loc,3,OutgoBusLane,3.09100604057312
seed2-head-phrase,loc,4,IncomLane,40.554168701171875
seed2-head-phrase,loc,5,IncomCycLane,0.7782070636749268
seed2-head-phrase,loc,6,IncomBusLane,6.752697467803955
seed2-head-phrase,loc,7,Pav,8.148940086364746
seed2-head-phrase,loc,8,LftPav,24.205598831176758
seed2-head-phrase,loc,9,RhtPav,34.85294723510742
seed2-head-phrase,loc,10,Jun,35.126461029052734
seed2-head-phrase,loc,11,xing,10.583319664001465
seed2-head-phrase,loc,12,BusStop,10.282357215881348
seed2-head-phrase,loc,13,parking,2.54300856590271
seed2-head-phrase,loc,14,LftParking,31.732511520385742
seed2-head-phrase,loc,15,rightParking,30.24137306213379
seed2-head-phrase,duplex,0,Ped-MovAway,22.768613815307617
seed2-head-phrase,duplex,1,Ped-MovTow,26.824050903320312
seed2-head-phrase,duplex,2,Ped-Mov,10.079107284545898
seed2-head-phrase,duplex,3,Ped-Stop,25.38515853881836
seed2-head-phrase,duplex,4,Ped-Wait2X,25.72031593322754
seed2-head-phrase,duplex,5,Ped-XingFmLft,17.684024810791016
seed2-head-phrase,duplex,6,Ped-XingFmRht,21.784934997558594
seed2-head-phrase,duplex,7,Ped-Xing,21.452970504760742
seed2-head-phrase,duplex,8,Ped-PushObj,6.073025226593018
seed2-head-phrase,duplex,9,Car-MovAway,41.5390625
seed2-head-phrase,duplex,10,Car-MovTow,28.862751007080078
seed2-head-phrase,duplex,11,Car-Brake,39.724246978759766
seed2-head-phrase,duplex,12,Car-Stop,50.78540802001953
seed2-head-phrase,duplex,13,Car-IncatLft,7.333395481109619
seed2-head-phrase,duplex,14,Car-IncatRht,2.7067999839782715
seed2-head-phrase,duplex,15,Car-HazLit,1.7253479957580566
seed2-head-phrase,duplex,16,Car-TurLft,6.215751647949219
seed2-head-phrase,duplex,17,Car-TurRht,6.695590019226074
seed2-head-phrase,duplex,18,Car-MovRht,0.9591183066368103
seed2-head-phrase,duplex,19,Car-MovLft,0.7935668230056763
seed2-head-phrase,duplex,20,Car-XingFmLft,10.32851505279541
seed2-head-phrase,duplex,21,Car-XingFmRht,11.009658813476562
seed2-head-phrase,duplex,22,Cyc-MovAway,6.808684349060059
seed2-head-phrase,duplex,23,Cyc-MovTow,1.6280823945999146
seed2-head-phrase,duplex,24,Cyc-Stop,0.8230453729629517
seed2-head-phrase,duplex,25,Mobike-Stop,25.207555770874023
seed2-head-phrase,duplex,26,MedVeh-MovAway,13.989306449890137
seed2-head-phrase,duplex,27,MedVeh-MovTow,5.9329304695129395
seed2-head-phrase,duplex,28,MedVeh-Brake,15.702917098999023
seed2-head-phrase,duplex,29,MedVeh-Stop,18.941465377807617
seed2-head-phrase,duplex,30,MedVeh-IncatLft,0.8608360290527344
seed2-head-phrase,duplex,31,MedVeh-IncatRht,0.9936524629592896
seed2-head-phrase,duplex,32,MedVeh-HazLit,3.8889195919036865
seed2-head-phrase,duplex,33,MedVeh-TurRht,3.2728517055511475
seed2-head-phrase,duplex,34,MedVeh-XingFmLft,9.292799949645996
seed2-head-phrase,duplex,35,MedVeh-XingFmRht,8.831259727478027
seed2-head-phrase,duplex,36,LarVeh-MovAway,1.4260152578353882
seed2-head-phrase,duplex,37,LarVeh-MovTow,10.044179916381836
seed2-head-phrase,duplex,38,LarVeh-Stop,17.05640411376953
seed2-head-phrase,duplex,39,LarVeh-HazLit,4.637709617614746
seed2-head-phrase,duplex,40,Bus-MovAway,29.26046371459961
seed2-head-phrase,duplex,41,Bus-MovTow,21.580711364746094
seed2-head-phrase,duplex,42,Bus-Brake,32.43693923950195
seed2-head-phrase,duplex,43,Bus-Stop,19.170063018798828
seed2-head-phrase,duplex,44,Bus-HazLit,30.86813735961914
seed2-head-phrase,duplex,45,EmVeh-Stop,0.057261113077402115
seed2-head-phrase,duplex,46,TL-Red,57.72949981689453
seed2-head-phrase,duplex,47,TL-Amber,2.3908979892730713
seed2-head-phrase,duplex,48,TL-Green,29.403966903686523
seed2-head-phrase,triplet,0,Ped-MovAway-LftPav,7.460003852844238
seed2-head-phrase,triplet,1,Ped-MovAway-RhtPav,16.143661499023438
seed2-head-phrase,triplet,2,Ped-MovAway-Jun,0.6459952592849731
seed2-head-phrase,triplet,3,Ped-MovTow-LftPav,10.928299903869629
seed2-head-phrase,triplet,4,Ped-MovTow-RhtPav,17.154098510742188
seed2-head-phrase,triplet,5,Ped-MovTow-Jun,0.6912720203399658
seed2-head-phrase,triplet,6,Ped-Mov-OutgoLane,5.486005783081055
seed2-head-phrase,triplet,7,Ped-Mov-Pav,7.247917652130127
seed2-head-phrase,triplet,8,Ped-Mov-RhtPav,2.858870506286621
seed2-head-phrase,triplet,9,Ped-Stop-OutgoLane,11.028336524963379
seed2-head-phrase,triplet,10,Ped-Stop-Pav,3.545689582824707
seed2-head-phrase,triplet,11,Ped-Stop-LftPav,11.816182136535645
seed2-head-phrase,triplet,12,Ped-Stop-RhtPav,9.924761772155762
seed2-head-phrase,triplet,13,Ped-Stop-BusStop,3.328974962234497
seed2-head-phrase,triplet,14,Ped-Wait2X-RhtPav,3.0787079334259033
seed2-head-phrase,triplet,15,Ped-Wait2X-Jun,21.792531967163086
seed2-head-phrase,triplet,16,Ped-XingFmLft-Jun,14.707776069641113
seed2-head-phrase,triplet,17,Ped-XingFmRht-Jun,18.943161010742188
seed2-head-phrase,triplet,18,Ped-XingFmRht-xing,3.9853765964508057
seed2-head-phrase,triplet,19,Ped-Xing-Jun,13.161944389343262
seed2-head-phrase,triplet,20,Ped-PushObj-LftPav,0.04912932217121124
seed2-head-phrase,triplet,21,Ped-PushObj-RhtPav,1.3784799575805664
seed2-head-phrase,triplet,22,Car-MovAway-VehLane,19.613056182861328
seed2-head-phrase,triplet,23,Car-MovAway-OutgoLane,35.19913864135742
seed2-head-phrase,triplet,24,Car-MovAway-Jun,9.530739784240723
seed2-head-phrase,triplet,25,Car-MovTow-VehLane,0.18975789844989777
seed2-head-phrase,triplet,26,Car-MovTow-IncomLane,33.285179138183594
seed2-head-phrase,triplet,27,Car-MovTow-Jun,7.210811138153076
seed2-head-phrase,triplet,28,Car-Brake-VehLane,35.325740814208984
seed2-head-phrase,triplet,29,Car-Brake-OutgoLane,28.635356903076172
seed2-head-phrase,triplet,30,Car-Brake-Jun,18.820667266845703
seed2-head-phrase,triplet,31,Car-Stop-VehLane,33.77904510498047
seed2-head-phrase,triplet,32,Car-Stop-OutgoLane,20.4476318359375
seed2-head-phrase,triplet,33,Car-Stop-IncomLane,16.73733901977539
seed2-head-phrase,triplet,34,Car-Stop-Jun,20.35764503479004
seed2-head-phrase,triplet,35,Car-Stop-parking,1.6067309379577637
seed2-head-phrase,triplet,36,Car-IncatLft-VehLane,11.812929153442383
seed2-head-phrase,triplet,37,Car-IncatLft-OutgoLane,2.789682626724243
seed2-head-phrase,triplet,38,Car-IncatLft-IncomLane,3.2561638355255127
seed2-head-phrase,triplet,39,Car-IncatLft-Jun,4.977604389190674
seed2-head-phrase,triplet,40,Car-IncatRht-VehLane,1.3662372827529907
seed2-head-phrase,triplet,41,Car-IncatRht-OutgoLane,2.7360291481018066
seed2-head-phrase,triplet,42,Car-IncatRht-IncomLane,1.2970001697540283
seed2-head-phrase,triplet,43,Car-IncatRht-Jun,0.8902798891067505
seed2-head-phrase,triplet,44,Car-HazLit-IncomLane,0.29147815704345703
seed2-head-phrase,triplet,45,Car-TurLft-VehLane,0.57077956199646
seed2-head-phrase,triplet,46,Car-TurLft-Jun,5.077035903930664
seed2-head-phrase,triplet,47,Car-TurRht-Jun,4.869305610656738
seed2-head-phrase,triplet,48,Car-MovRht-OutgoLane,0.553543210029602
seed2-head-phrase,triplet,49,Car-MovLft-VehLane,0.5221913456916809
seed2-head-phrase,triplet,50,Car-MovLft-OutgoLane,0.9319400191307068
seed2-head-phrase,triplet,51,Car-XingFmLft-Jun,9.24805736541748
seed2-head-phrase,triplet,52,Car-XingFmRht-Jun,10.154060363769531
seed2-head-phrase,triplet,53,Cyc-MovAway-OutgoCycLane,0.4900239408016205
seed2-head-phrase,triplet,54,Cyc-MovAway-RhtPav,0.26671040058135986
seed2-head-phrase,triplet,55,Cyc-MovTow-IncomLane,1.1964043378829956
seed2-head-phrase,triplet,56,Cyc-MovTow-RhtPav,0.0
seed2-head-phrase,triplet,57,MedVeh-MovAway-VehLane,18.14392852783203
seed2-head-phrase,triplet,58,MedVeh-MovAway-OutgoLane,7.426584720611572
seed2-head-phrase,triplet,59,MedVeh-MovAway-Jun,5.444403171539307
seed2-head-phrase,triplet,60,MedVeh-MovTow-IncomLane,7.0842790603637695
seed2-head-phrase,triplet,61,MedVeh-MovTow-Jun,3.144730806350708
seed2-head-phrase,triplet,62,MedVeh-Brake-VehLane,7.4170122146606445
seed2-head-phrase,triplet,63,MedVeh-Brake-OutgoLane,10.261579513549805
seed2-head-phrase,triplet,64,MedVeh-Brake-Jun,17.66537857055664
seed2-head-phrase,triplet,65,MedVeh-Stop-VehLane,16.141746520996094
seed2-head-phrase,triplet,66,MedVeh-Stop-OutgoLane,7.890491962432861
seed2-head-phrase,triplet,67,MedVeh-Stop-IncomLane,1.2315866947174072
seed2-head-phrase,triplet,68,MedVeh-Stop-Jun,7.262126922607422
seed2-head-phrase,triplet,69,MedVeh-Stop-parking,0.0922546461224556
seed2-head-phrase,triplet,70,MedVeh-IncatLft-IncomLane,0.38169804215431213
seed2-head-phrase,triplet,71,MedVeh-IncatRht-Jun,0.1640159636735916
seed2-head-phrase,triplet,72,MedVeh-TurRht-Jun,1.4174201488494873
seed2-head-phrase,triplet,73,MedVeh-XingFmLft-Jun,8.673721313476562
seed2-head-phrase,triplet,74,MedVeh-XingFmRht-Jun,10.202333450317383
seed2-head-phrase,triplet,75,LarVeh-MovAway-VehLane,0.17309437692165375
seed2-head-phrase,triplet,76,LarVeh-MovTow-IncomLane,10.802421569824219
seed2-head-phrase,triplet,77,LarVeh-Stop-VehLane,2.1997568607330322
seed2-head-phrase,triplet,78,LarVeh-Stop-Jun,41.856163024902344
seed2-head-phrase,triplet,79,Bus-MovAway-OutgoLane,7.7655348777771
seed2-head-phrase,triplet,80,Bus-MovTow-IncomLane,21.76688575744629
seed2-head-phrase,triplet,81,Bus-Stop-VehLane,26.191360473632812
seed2-head-phrase,triplet,82,Bus-Stop-OutgoLane,2.766453981399536
seed2-head-phrase,triplet,83,Bus-Stop-IncomLane,8.374774932861328
seed2-head-phrase,triplet,84,Bus-Stop-Jun,9.492121696472168
seed2-head-phrase,triplet,85,Bus-HazLit-OutgoLane,3.295900821685791
seed2-head-shuffled,agentness,0,agentness,65.3644790649414
seed2-head-shuffled,agent,0,Ped,65.67159271240234
seed2-head-shuffled,agent,1,Car,62.94348907470703
seed2-head-shuffled,agent,2,Cyc,13.659136772155762
seed2-head-shuffled,agent,3,Mobike,41.83154296875
seed2-head-shuffled,agent,4,SmalVeh,0.02811187319457531
seed2-head-shuffled,agent,5,MedVeh,33.943809509277344
seed2-head-shuffled,agent,6,LarVeh,22.92780113220215
seed2-head-shuffled,agent,7,Bus,46.70212936401367
seed2-head-shuffled,agent,8,EmVeh,0.005572479218244553
seed2-head-shuffled,agent,9,TL,64.73817443847656
seed2-head-shuffled,action,0,Red,54.12917709350586
seed2-head-shuffled,action,1,Amber,0.07042701542377472
seed2-head-shuffled,action,2,Green,35.207523345947266
seed2-head-shuffled,action,3,MovAway,36.02835464477539
seed2-head-shuffled,action,4,MovTow,29.590078353881836
seed2-head-shuffled,action,5,Mov,5.430028915405273
seed2-head-shuffled,action,6,Rev,0.16058629751205444
seed2-head-shuffled,action,7,Brake,42.73747253417969
seed2-head-shuffled,action,8,Stop,51.911712646484375
seed2-head-shuffled,action,9,IncatLft,3.316580057144165
seed2-head-shuffled,action,10,IncatRht,1.4891539812088013
seed2-head-shuffled,action,11,HazLit,8.251541137695312
seed2-head-shuffled,action,12,TurLft,1.5378477573394775
seed2-head-shuffled,action,13,TurRht,1.4791953563690186
seed2-head-shuffled,action,14,MovRht,0.27686405181884766
seed2-head-shuffled,action,15,MovLft,0.2746250033378601
seed2-head-shuffled,action,16,Ovtak,0.13303636014461517
seed2-head-shuffled,action,17,Wait2X,14.976093292236328
seed2-head-shuffled,action,18,XingFmLft,10.290360450744629
seed2-head-shuffled,action,19,XingFmRht,10.528947830200195
seed2-head-shuffled,action,20,Xing,13.451887130737305
seed2-head-shuffled,action,21,PushObj,5.841761112213135
seed2-head-shuffled,loc,0,VehLane,29.674598693847656
seed2-head-shuffled,loc,1,OutgoLane,34.84407043457031
seed2-head-shuffled,loc,2,OutgoCycLane,0.021560437977313995
seed2-head-shuffled,loc,3,OutgoBusLane,0.5064804553985596
seed2-head-shuffled,loc,4,IncomLane,32.93561935424805
seed2-head-shuffled,loc,5,IncomCycLane,0.017790859565138817
seed2-head-shuffled,loc,6,IncomBusLane,1.5850697755813599
seed2-head-shuffled,loc,7,Pav,7.628598690032959
seed2-head-shuffled,loc,8,LftPav,24.240663528442383
seed2-head-shuffled,loc,9,RhtPav,30.786657333374023
seed2-head-shuffled,loc,10,Jun,34.050437927246094
seed2-head-shuffled,loc,11,xing,8.63841724395752
seed2-head-shuffled,loc,12,BusStop,1.4512556791305542
seed2-head-shuffled,loc,13,parking,0.7990080714225769
seed2-head-shuffled,loc,14,LftParking,38.65017318725586
seed2-head-shuffled,loc,15,rightParking,32.310752868652344
seed2-head-shuffled,duplex,0,Ped-MovAway,17.690271377563477
seed2-head-shuffled,duplex,1,Ped-MovTow,16.6010684967041
seed2-head-shuffled,duplex,2,Ped-Mov,5.64127254486084
seed2-head-shuffled,duplex,3,Ped-Stop,21.640609741210938
seed2-head-shuffled,duplex,4,Ped-Wait2X,7.7235870361328125
seed2-head-shuffled,duplex,5,Ped-XingFmLft,12.142374038696289
seed2-head-shuffled,duplex,6,Ped-XingFmRht,22.522539138793945
seed2-head-shuffled,duplex,7,Ped-Xing,20.569610595703125
seed2-head-shuffled,duplex,8,Ped-PushObj,4.31245756149292
seed2-head-shuffled,duplex,9,Car-MovAway,37.241477966308594
seed2-head-shuffled,duplex,10,Car-MovTow,32.0140266418457
seed2-head-shuffled,duplex,11,Car-Brake,33.283592224121094
seed2-head-shuffled,duplex,12,Car-Stop,42.54023742675781
seed2-head-shuffled,duplex,13,Car-IncatLft,5.229409217834473
seed2-head-shuffled,duplex,14,Car-IncatRht,1.6529788970947266
seed2-head-shuffled,duplex,15,Car-HazLit,0.5566030740737915
seed2-head-shuffled,duplex,16,Car-TurLft,1.5692754983901978
seed2-head-shuffled,duplex,17,Car-TurRht,3.1365818977355957
seed2-head-shuffled,duplex,18,Car-MovRht,0.21275492012500763
seed2-head-shuffled,duplex,19,Car-MovLft,0.6355053186416626
seed2-head-shuffled,duplex,20,Car-XingFmLft,2.310744285583496
seed2-head-shuffled,duplex,21,Car-XingFmRht,1.6931378841400146
seed2-head-shuffled,duplex,22,Cyc-MovAway,0.29636695981025696
seed2-head-shuffled,duplex,23,Cyc-MovTow,0.03142464905977249
seed2-head-shuffled,duplex,24,Cyc-Stop,0.35058218240737915
seed2-head-shuffled,duplex,25,Mobike-Stop,8.702157020568848
seed2-head-shuffled,duplex,26,MedVeh-MovAway,6.0465407371521
seed2-head-shuffled,duplex,27,MedVeh-MovTow,2.3303558826446533
seed2-head-shuffled,duplex,28,MedVeh-Brake,5.81909704208374
seed2-head-shuffled,duplex,29,MedVeh-Stop,7.341497898101807
seed2-head-shuffled,duplex,30,MedVeh-IncatLft,0.33384573459625244
seed2-head-shuffled,duplex,31,MedVeh-IncatRht,0.05598762258887291
seed2-head-shuffled,duplex,32,MedVeh-HazLit,2.345560312271118
seed2-head-shuffled,duplex,33,MedVeh-TurRht,0.13054512441158295
seed2-head-shuffled,duplex,34,MedVeh-XingFmLft,0.14609326422214508
seed2-head-shuffled,duplex,35,MedVeh-XingFmRht,2.2401955127716064
seed2-head-shuffled,duplex,36,LarVeh-MovAway,0.055743247270584106
seed2-head-shuffled,duplex,37,LarVeh-MovTow,2.3749241828918457
seed2-head-shuffled,duplex,38,LarVeh-Stop,10.643211364746094
seed2-head-shuffled,duplex,39,LarVeh-HazLit,15.17731761932373
seed2-head-shuffled,duplex,40,Bus-MovAway,3.241053581237793
seed2-head-shuffled,duplex,41,Bus-MovTow,1.0724551677703857
seed2-head-shuffled,duplex,42,Bus-Brake,0.7556781768798828
seed2-head-shuffled,duplex,43,Bus-Stop,8.257493019104004
seed2-head-shuffled,duplex,44,Bus-HazLit,15.656865119934082
seed2-head-shuffled,duplex,45,EmVeh-Stop,0.020255865529179573
seed2-head-shuffled,duplex,46,TL-Red,58.13884353637695
seed2-head-shuffled,duplex,47,TL-Amber,0.14310210943222046
seed2-head-shuffled,duplex,48,TL-Green,14.568713188171387
seed2-head-shuffled,triplet,0,Ped-MovAway-LftPav,1.2049281597137451
seed2-head-shuffled,triplet,1,Ped-MovAway-RhtPav,19.96027946472168
seed2-head-shuffled,triplet,2,Ped-MovAway-Jun,0.2157985270023346
seed2-head-shuffled,triplet,3,Ped-MovTow-LftPav,17.78605842590332
seed2-head-shuffled,triplet,4,Ped-MovTow-RhtPav,10.743972778320312
seed2-head-shuffled,triplet,5,Ped-MovTow-Jun,0.8084876537322998
seed2-head-shuffled,triplet,6,Ped-Mov-OutgoLane,0.18545153737068176
seed2-head-shuffled,triplet,7,Ped-Mov-Pav,3.5425961017608643
seed2-head-shuffled,triplet,8,Ped-Mov-RhtPav,0.5161381363868713
seed2-head-shuffled,triplet,9,Ped-Stop-OutgoLane,0.20483267307281494
seed2-head-shuffled,triplet,10,Ped-Stop-Pav,1.6513177156448364
seed2-head-shuffled,triplet,11,Ped-Stop-LftPav,14.260013580322266
seed2-head-shuffled,triplet,12,Ped-Stop-RhtPav,6.666951656341553
seed2-head-shuffled,triplet,13,Ped-Stop-BusStop,0.4565766751766205
seed2-head-shuffled,triplet,14,Ped-Wait2X-RhtPav,0.9269620180130005
seed2-head-shuffled,triplet,15,Ped-Wait2X-Jun,12.93211841583252
seed2-head-shuffled,triplet,16,Ped-XingFmLft-Jun,11.187249183654785
seed2-head-shuffled,triplet,17,Ped-XingFmRht-Jun,20.41626739501953
seed2-head-shuffled,triplet,18,Ped-XingFmRht-xing,1.6850275993347168
seed2-head-shuffled,triplet,19,Ped-Xing-Jun,11.13912582397461
seed2-head-shuffled,triplet,20,Ped-PushObj-LftPav,0.00821349211037159
seed2-head-shuffled,triplet,21,Ped-PushObj-RhtPav,0.05172506719827652
seed2-head-shuffled,triplet,22,Car-MovAway-VehLane,13.294586181640625
seed2-head-shuffled,triplet,23,Car-MovAway-OutgoLane,27.68789291381836
seed2-head-shuffled,triplet,24,Car-MovAway-Jun,4.672067165374756
seed2-head-shuffled,triplet,25,Car-MovTow-VehLane,0.03482137620449066
seed2-head-shuffled,triplet,26,Car-MovTow-IncomLane,31.872713088989258
seed2-head-shuffled,triplet,27,Car-MovTow-Jun,4.0766987800598145
seed2-head-shuffled,triplet,28,Car-Brake-VehLane,26.997343063354492
seed2-head-shuffled,triplet,29,Car-Brake-OutgoLane,22.734439849853516
seed2-head-shuffled,triplet,30,Car-Brake-Jun,5.639394760131836
seed2-head-shuffled,triplet,31,Car-Stop-VehLane,27.775684356689453
seed2-head-shuffled,triplet,32,Car-Stop-OutgoLane,10.10470962524414
seed2-head-shuffled,triplet,33,Car-Stop-IncomLane,10.58166790008545
seed2-head-shuffled,triplet,34,Car-Stop-Jun,18.274169921875
seed2-head-shuffled,triplet,35,Car-Stop-parking,0.8835111260414124
seed2-head-shuffled,triplet,36,Car-IncatLft-VehLane,0.8205426931381226
seed2-head-shuffled,triplet,37,Car-IncatLft-OutgoLane,4.337249755859375
seed2-head-shuffled,triplet,38,Car-IncatLft-IncomLane,0.8530783653259277
seed2-head-shuffled,triplet,39,Car-IncatLft-Jun,1.6518551111221313
seed2-head-shuffled,triplet,40,Car-IncatRht-VehLane,0.2927294373512268
seed2-head-shuffled,triplet,41,Car-IncatRht-OutgoLane,0.7443294525146484
seed2-head-shuffled,triplet,42,Car-IncatRht-IncomLane,0.5057552456855774
seed2-head-shuffled,triplet,43,Car-IncatRht-Jun,0.3769225776195526
seed2-head-shuffled,triplet,44,Car-HazLit-IncomLane,0.041140809655189514
seed2-head-shuffled,triplet,45,Car-TurLft-VehLane,0.10023777931928635
seed2-head-shuffled,triplet,46,Car-TurLft-Jun,1.827312707901001
seed2-head-shuffled,triplet,47,Car-TurRht-Jun,2.3874292373657227
seed2-head-shuffled,triplet,48,Car-MovRht-OutgoLane,0.09600605815649033
seed2-head-shuffled,triplet,49,Car-MovLft-VehLane,0.01864238828420639
seed2-head-shuffled,triplet,50,Car-MovLft-OutgoLane,0.5788729786872864
seed2-head-shuffled,triplet,51,Car-XingFmLft-Jun,3.824084520339966
seed2-head-shuffled,triplet,52,Car-XingFmRht-Jun,1.7493805885314941
seed2-head-shuffled,triplet,53,Cyc-MovAway-OutgoCycLane,0.01022739615291357
seed2-head-shuffled,triplet,54,Cyc-MovAway-RhtPav,0.0033601070754230022
seed2-head-shuffled,triplet,55,Cyc-MovTow-IncomLane,0.016378965228796005
seed2-head-shuffled,triplet,56,Cyc-MovTow-RhtPav,0.0
seed2-head-shuffled,triplet,57,MedVeh-MovAway-VehLane,2.517343521118164
seed2-head-shuffled,triplet,58,MedVeh-MovAway-OutgoLane,5.195858001708984
seed2-head-shuffled,triplet,59,MedVeh-MovAway-Jun,0.10370813310146332
seed2-head-shuffled,triplet,60,MedVeh-MovTow-IncomLane,1.3839370012283325
seed2-head-shuffled,triplet,61,MedVeh-MovTow-Jun,0.14347903430461884
seed2-head-shuffled,triplet,62,MedVeh-Brake-VehLane,0.8136506080627441
seed2-head-shuffled,triplet,63,MedVeh-Brake-OutgoLane,1.4467724561691284
seed2-head-shuffled,triplet,64,MedVeh-Brake-Jun,7.408166408538818
seed2-head-shuffled,triplet,65,MedVeh-Stop-VehLane,0.4904438555240631
seed2-head-shuffled,triplet,66,MedVeh-Stop-OutgoLane,3.7950797080993652
seed2-head-shuffled,triplet,67,MedVeh-Stop-IncomLane,0.18687322735786438
seed2-head-shuffled,triplet,68,MedVeh-Stop-Jun,1.1207611560821533
seed2-head-shuffled,triplet,69,MedVeh-Stop-parking,0.034910280257463455
seed2-head-shuffled,triplet,70,MedVeh-IncatLft-IncomLane,0.05096033960580826
seed2-head-shuffled,triplet,71,MedVeh-IncatRht-Jun,0.007343193516135216
seed2-head-shuffled,triplet,72,MedVeh-TurRht-Jun,0.03896651417016983
seed2-head-shuffled,triplet,73,MedVeh-XingFmLft-Jun,2.5068459510803223
seed2-head-shuffled,triplet,74,MedVeh-XingFmRht-Jun,0.10840091854333878
seed2-head-shuffled,triplet,75,LarVeh-MovAway-VehLane,0.012594744563102722
seed2-head-shuffled,triplet,76,LarVeh-MovTow-IncomLane,0.3491387367248535
seed2-head-shuffled,triplet,77,LarVeh-Stop-VehLane,0.30142930150032043
seed2-head-shuffled,triplet,78,LarVeh-Stop-Jun,0.617112934589386
seed2-head-shuffled,triplet,79,Bus-MovAway-OutgoLane,0.10737236589193344
seed2-head-shuffled,triplet,80,Bus-MovTow-IncomLane,0.6477533578872681
seed2-head-shuffled,triplet,81,Bus-Stop-VehLane,0.29435092210769653
seed2-head-shuffled,triplet,82,Bus-Stop-OutgoLane,0.2139916568994522
seed2-head-shuffled,triplet,83,Bus-Stop-IncomLane,0.11054399609565735
seed2-head-shuffled,triplet,84,Bus-Stop-Jun,1.4363757371902466
seed2-head-shuffled,triplet,85,Bus-HazLit-OutgoLane,0.15321500599384308
seed2-stage5,agentness,0,agentness,65.3644790649414
seed2-stage5,agent,0,Ped,65.67159271240234
seed2-stage5,agent,1,Car,62.94348907470703
seed2-stage5,agent,2,Cyc,13.659136772155762
seed2-stage5,agent,3,Mobike,41.83154296875
seed2-stage5,agent,4,SmalVeh,0.02811187319457531
seed2-stage5,agent,5,MedVeh,33.943809509277344
seed2-stage5,agent,6,LarVeh,22.92780113220215
seed2-stage5,agent,7,Bus,46.70212936401367
seed2-stage5,agent,8,EmVeh,0.005572479218244553
seed2-stage5,agent,9,TL,64.73817443847656
seed2-stage5,action,0,Red,64.97261810302734
seed2-stage5,action,1,Amber,10.476386070251465
seed2-stage5,action,2,Green,35.645713806152344
seed2-stage5,action,3,MovAway,41.03791427612305
seed2-stage5,action,4,MovTow,35.88896560668945
seed2-stage5,action,5,Mov,9.71881103515625
seed2-stage5,action,6,Rev,0.12953351438045502
seed2-stage5,action,7,Brake,45.07962417602539
seed2-stage5,action,8,Stop,54.339298248291016
seed2-stage5,action,9,IncatLft,6.773147106170654
seed2-stage5,action,10,IncatRht,2.935138702392578
seed2-stage5,action,11,HazLit,5.0435943603515625
seed2-stage5,action,12,TurLft,6.547554016113281
seed2-stage5,action,13,TurRht,4.974967956542969
seed2-stage5,action,14,MovRht,0.8792546987533569
seed2-stage5,action,15,MovLft,0.6953946352005005
seed2-stage5,action,16,Ovtak,0.06628953665494919
seed2-stage5,action,17,Wait2X,19.653362274169922
seed2-stage5,action,18,XingFmLft,13.470258712768555
seed2-stage5,action,19,XingFmRht,18.76349639892578
seed2-stage5,action,20,Xing,24.677907943725586
seed2-stage5,action,21,PushObj,3.3610410690307617
seed2-stage5,loc,0,VehLane,31.024648666381836
seed2-stage5,loc,1,OutgoLane,40.255592346191406
seed2-stage5,loc,2,OutgoCycLane,0.4022720158100128
seed2-stage5,loc,3,OutgoBusLane,2.286510944366455
seed2-stage5,loc,4,IncomLane,38.99980545043945
seed2-stage5,loc,5,IncomCycLane,1.8281358480453491
seed2-stage5,loc,6,IncomBusLane,14.876561164855957
seed2-stage5,loc,7,Pav,9.854995727539062
seed2-stage5,loc,8,LftPav,32.67031478881836
seed2-stage5,loc,9,RhtPav,40.1572380065918
seed2-stage5,loc,10,Jun,33.9512825012207
seed2-stage5,loc,11,xing,12.8726806640625
seed2-stage5,loc,12,BusStop,9.588994026184082
seed2-stage5,loc,13,parking,3.1642167568206787
seed2-stage5,loc,14,LftParking,42.67222213745117
seed2-stage5,loc,15,rightParking,41.65768814086914
seed2-stage5,duplex,0,Ped-MovAway,28.03104019165039
seed2-stage5,duplex,1,Ped-MovTow,32.41606140136719
seed2-stage5,duplex,2,Ped-Mov,15.060540199279785
seed2-stage5,duplex,3,Ped-Stop,29.811683654785156
seed2-stage5,duplex,4,Ped-Wait2X,25.92431640625
seed2-stage5,duplex,5,Ped-XingFmLft,18.156574249267578
seed2-stage5,duplex,6,Ped-XingFmRht,23.32611656188965
seed2-stage5,duplex,7,Ped-Xing,26.71305274963379
seed2-stage5,duplex,8,Ped-PushObj,5.70117712020874
seed2-stage5,duplex,9,Car-MovAway,45.997406005859375
seed2-stage5,duplex,10,Car-MovTow,36.5656623840332
seed2-stage5,duplex,11,Car-Brake,38.71735763549805
seed2-stage5,duplex,12,Car-Stop,53.798946380615234
seed2-stage5,duplex,13,Car-IncatLft,10.187110900878906
seed2-stage5,duplex,14,Car-IncatRht,3.698500633239746
seed2-stage5,duplex,15,Car-HazLit,2.0004279613494873
seed2-stage5,duplex,16,Car-TurLft,7.161897659301758
seed2-stage5,duplex,17,Car-TurRht,8.718835830688477
seed2-stage5,duplex,18,Car-MovRht,1.6975181102752686
seed2-stage5,duplex,19,Car-MovLft,2.103430986404419
seed2-stage5,duplex,20,Car-XingFmLft,12.00859260559082
seed2-stage5,duplex,21,Car-XingFmRht,11.094735145568848
seed2-stage5,duplex,22,Cyc-MovAway,6.422349452972412
seed2-stage5,duplex,23,Cyc-MovTow,1.4862110614776611
seed2-stage5,duplex,24,Cyc-Stop,0.3599548637866974
seed2-stage5,duplex,25,Mobike-Stop,25.528827667236328
seed2-stage5,duplex,26,MedVeh-MovAway,16.058368682861328
seed2-stage5,duplex,27,MedVeh-MovTow,7.40739107131958
seed2-stage5,duplex,28,MedVeh-Brake,15.821972846984863
seed2-stage5,duplex,29,MedVeh-Stop,18.43840789794922
seed2-stage5,duplex,30,MedVeh-IncatLft,3.616724729537964
seed2-stage5,duplex,31,MedVeh-IncatRht,0.4742279350757599
seed2-stage5,duplex,32,MedVeh-HazLit,2.7073206901550293
seed2-stage5,duplex,33,MedVeh-TurRht,0.17086195945739746
seed2-stage5,duplex,34,MedVeh-XingFmLft,11.246261596679688
seed2-stage5,duplex,35,MedVeh-XingFmRht,10.15300178527832
seed2-stage5,duplex,36,LarVeh-MovAway,5.561695098876953
seed2-stage5,duplex,37,LarVeh-MovTow,4.059231758117676
seed2-stage5,duplex,38,LarVeh-Stop,19.24207305908203
seed2-stage5,duplex,39,LarVeh-HazLit,1.7620506286621094
seed2-stage5,duplex,40,Bus-MovAway,27.450929641723633
seed2-stage5,duplex,41,Bus-MovTow,23.32765007019043
seed2-stage5,duplex,42,Bus-Brake,20.388059616088867
seed2-stage5,duplex,43,Bus-Stop,22.101322174072266
seed2-stage5,duplex,44,Bus-HazLit,38.82555389404297
seed2-stage5,duplex,45,EmVeh-Stop,0.006555375177413225
seed2-stage5,duplex,46,TL-Red,62.18463897705078
seed2-stage5,duplex,47,TL-Amber,12.283991813659668
seed2-stage5,duplex,48,TL-Green,51.1871452331543
seed2-stage5,triplet,0,Ped-MovAway-LftPav,16.8753662109375
seed2-stage5,triplet,1,Ped-MovAway-RhtPav,23.928823471069336
seed2-stage5,triplet,2,Ped-MovAway-Jun,0.5202073454856873
seed2-stage5,triplet,3,Ped-MovTow-LftPav,23.467424392700195
seed2-stage5,triplet,4,Ped-MovTow-RhtPav,27.34210777282715
seed2-stage5,triplet,5,Ped-MovTow-Jun,1.9814165830612183
seed2-stage5,triplet,6,Ped-Mov-OutgoLane,9.144536018371582
seed2-stage5,triplet,7,Ped-Mov-Pav,11.592981338500977
seed2-stage5,triplet,8,Ped-Mov-RhtPav,3.1872076988220215
seed2-stage5,triplet,9,Ped-Stop-OutgoLane,8.349529266357422
seed2-stage5,triplet,10,Ped-Stop-Pav,3.1727397441864014
seed2-stage5,triplet,11,Ped-Stop-LftPav,21.960948944091797
seed2-stage5,triplet,12,Ped-Stop-RhtPav,14.804774284362793
seed2-stage5,triplet,13,Ped-Stop-BusStop,4.32628059387207
seed2-stage5,triplet,14,Ped-Wait2X-RhtPav,4.317160606384277
seed2-stage5,triplet,15,Ped-Wait2X-Jun,22.78129005432129
seed2-stage5,triplet,16,Ped-XingFmLft-Jun,17.570514678955078
seed2-stage5,triplet,17,Ped-XingFmRht-Jun,21.948408126831055
seed2-stage5,triplet,18,Ped-XingFmRht-xing,13.401674270629883
seed2-stage5,triplet,19,Ped-Xing-Jun,22.474390029907227
seed2-stage5,triplet,20,Ped-PushObj-LftPav,0.026264065876603127
seed2-stage5,triplet,21,Ped-PushObj-RhtPav,1.3113975524902344
seed2-stage5,triplet,22,Car-MovAway-VehLane,23.57599639892578
seed2-stage5,triplet,23,Car-MovAway-OutgoLane,39.658241271972656
seed2-stage5,triplet,24,Car-MovAway-Jun,12.574228286743164
seed2-stage5,triplet,25,Car-MovTow-VehLane,0.09060993045568466
seed2-stage5,triplet,26,Car-MovTow-IncomLane,38.72476577758789
seed2-stage5,triplet,27,Car-MovTow-Jun,9.369468688964844
seed2-stage5,triplet,28,Car-Brake-VehLane,36.819637298583984
seed2-stage5,triplet,29,Car-Brake-OutgoLane,31.640117645263672
seed2-stage5,triplet,30,Car-Brake-Jun,20.7547550201416
seed2-stage5,triplet,31,Car-Stop-VehLane,36.75404357910156
seed2-stage5,triplet,32,Car-Stop-OutgoLane,26.233503341674805
seed2-stage5,triplet,33,Car-Stop-IncomLane,23.30165672302246
seed2-stage5,triplet,34,Car-Stop-Jun,26.128009796142578
seed2-stage5,triplet,35,Car-Stop-parking,2.0926570892333984
seed2-stage5,triplet,36,Car-IncatLft-VehLane,14.548508644104004
seed2-stage5,triplet,37,Car-IncatLft-OutgoLane,3.7762622833251953
seed2-stage5,triplet,38,Car-IncatLft-IncomLane,5.217568874359131
seed2-stage5,triplet,39,Car-IncatLft-Jun,4.4983062744140625
seed2-stage5,triplet,40,Car-IncatRht-VehLane,1.2901653051376343
seed2-stage5,triplet,41,Car-IncatRht-OutgoLane,2.5500290393829346
seed2-stage5,triplet,42,Car-IncatRht-IncomLane,2.4104578495025635
seed2-stage5,triplet,43,Car-IncatRht-Jun,1.3837502002716064
seed2-stage5,triplet,44,Car-HazLit-IncomLane,0.031011361628770828
seed2-stage5,triplet,45,Car-TurLft-VehLane,1.289949893951416
seed2-stage5,triplet,46,Car-TurLft-Jun,7.364197731018066
seed2-stage5,triplet,47,Car-TurRht-Jun,7.193275451660156
seed2-stage5,triplet,48,Car-MovRht-OutgoLane,0.79961758852005
seed2-stage5,triplet,49,Car-MovLft-VehLane,0.4948499798774719
seed2-stage5,triplet,50,Car-MovLft-OutgoLane,2.6906917095184326
seed2-stage5,triplet,51,Car-XingFmLft-Jun,12.521883964538574
seed2-stage5,triplet,52,Car-XingFmRht-Jun,10.654951095581055
seed2-stage5,triplet,53,Cyc-MovAway-OutgoCycLane,0.1550620049238205
seed2-stage5,triplet,54,Cyc-MovAway-RhtPav,0.0020294629503041506
seed2-stage5,triplet,55,Cyc-MovTow-IncomLane,0.38931840658187866
seed2-stage5,triplet,56,Cyc-MovTow-RhtPav,0.0
seed2-stage5,triplet,57,MedVeh-MovAway-VehLane,17.210458755493164
seed2-stage5,triplet,58,MedVeh-MovAway-OutgoLane,11.807138442993164
seed2-stage5,triplet,59,MedVeh-MovAway-Jun,5.502223491668701
seed2-stage5,triplet,60,MedVeh-MovTow-IncomLane,8.006278038024902
seed2-stage5,triplet,61,MedVeh-MovTow-Jun,3.456132173538208
seed2-stage5,triplet,62,MedVeh-Brake-VehLane,10.731697082519531
seed2-stage5,triplet,63,MedVeh-Brake-OutgoLane,12.56466007232666
seed2-stage5,triplet,64,MedVeh-Brake-Jun,24.500652313232422
seed2-stage5,triplet,65,MedVeh-Stop-VehLane,17.607818603515625
seed2-stage5,triplet,66,MedVeh-Stop-OutgoLane,11.876667022705078
seed2-stage5,triplet,67,MedVeh-Stop-IncomLane,1.6623412370681763
seed2-stage5,triplet,68,MedVeh-Stop-Jun,14.042359352111816
seed2-stage5,triplet,69,MedVeh-Stop-parking,0.23398418724536896
seed2-stage5,triplet,70,MedVeh-IncatLft-IncomLane,0.8266432881355286
seed2-stage5,triplet,71,MedVeh-IncatRht-Jun,0.01586274430155754
seed2-stage5,triplet,72,MedVeh-TurRht-Jun,0.17796014249324799
seed2-stage5,triplet,73,MedVeh-XingFmLft-Jun,11.836989402770996
seed2-stage5,triplet,74,MedVeh-XingFmRht-Jun,9.22700023651123
seed2-stage5,triplet,75,LarVeh-MovAway-VehLane,0.20083367824554443
seed2-stage5,triplet,76,LarVeh-MovTow-IncomLane,5.088223457336426
seed2-stage5,triplet,77,LarVeh-Stop-VehLane,4.197509765625
seed2-stage5,triplet,78,LarVeh-Stop-Jun,29.91978645324707
seed2-stage5,triplet,79,Bus-MovAway-OutgoLane,4.856678009033203
seed2-stage5,triplet,80,Bus-MovTow-IncomLane,21.574100494384766
seed2-stage5,triplet,81,Bus-Stop-VehLane,19.646747589111328
seed2-stage5,triplet,82,Bus-Stop-OutgoLane,4.696603775024414
seed2-stage5,triplet,83,Bus-Stop-IncomLane,4.855208396911621
seed2-stage5,triplet,84,Bus-Stop-Jun,8.49341869354248
seed2-stage5,triplet,85,Bus-HazLit-OutgoLane,3.1365206241607666
seed2-stage6,agentness,0,agentness,65.3644790649414
seed2-stage6,agent,0,Ped,65.67159271240234
seed2-stage6,agent,1,Car,62.94348907470703
seed2-stage6,agent,2,Cyc,13.659136772155762
seed2-stage6,agent,3,Mobike,41.83154296875
seed2-stage6,agent,4,SmalVeh,0.02811187319457531
seed2-stage6,agent,5,MedVeh,33.943809509277344
seed2-stage6,agent,6,LarVeh,22.92780113220215
seed2-stage6,agent,7,Bus,46.70212936401367
seed2-stage6,agent,8,EmVeh,0.005572479218244553
seed2-stage6,agent,9,TL,64.73817443847656
seed2-stage6,action,0,Red,64.97261810302734
seed2-stage6,action,1,Amber,10.476386070251465
seed2-stage6,action,2,Green,35.645713806152344
seed2-stage6,action,3,MovAway,41.03791427612305
seed2-stage6,action,4,MovTow,35.88896560668945
seed2-stage6,action,5,Mov,9.71881103515625
seed2-stage6,action,6,Rev,0.12953351438045502
seed2-stage6,action,7,Brake,45.07962417602539
seed2-stage6,action,8,Stop,54.339298248291016
seed2-stage6,action,9,IncatLft,6.773147106170654
seed2-stage6,action,10,IncatRht,2.935138702392578
seed2-stage6,action,11,HazLit,5.0435943603515625
seed2-stage6,action,12,TurLft,6.547554016113281
seed2-stage6,action,13,TurRht,4.974967956542969
seed2-stage6,action,14,MovRht,0.8792546987533569
seed2-stage6,action,15,MovLft,0.6953946352005005
seed2-stage6,action,16,Ovtak,0.06628953665494919
seed2-stage6,action,17,Wait2X,19.653362274169922
seed2-stage6,action,18,XingFmLft,13.470258712768555
seed2-stage6,action,19,XingFmRht,18.76349639892578
seed2-stage6,action,20,Xing,24.677907943725586
seed2-stage6,action,21,PushObj,3.3610410690307617
seed2-stage6,loc,0,VehLane,31.024648666381836
seed2-stage6,loc,1,OutgoLane,40.255592346191406
seed2-stage6,loc,2,OutgoCycLane,0.4022720158100128
seed2-stage6,loc,3,OutgoBusLane,2.286510944366455
seed2-stage6,loc,4,IncomLane,38.99980545043945
seed2-stage6,loc,5,IncomCycLane,1.8281358480453491
seed2-stage6,loc,6,IncomBusLane,14.876561164855957
seed2-stage6,loc,7,Pav,9.854995727539062
seed2-stage6,loc,8,LftPav,32.67031478881836
seed2-stage6,loc,9,RhtPav,40.1572380065918
seed2-stage6,loc,10,Jun,33.9512825012207
seed2-stage6,loc,11,xing,12.8726806640625
seed2-stage6,loc,12,BusStop,9.588994026184082
seed2-stage6,loc,13,parking,3.1642167568206787
seed2-stage6,loc,14,LftParking,42.67222213745117
seed2-stage6,loc,15,rightParking,41.65768814086914
seed2-stage6,duplex,0,Ped-MovAway,28.011518478393555
seed2-stage6,duplex,1,Ped-MovTow,34.14958953857422
seed2-stage6,duplex,2,Ped-Mov,13.321457862854004
seed2-stage6,duplex,3,Ped-Stop,30.845518112182617
seed2-stage6,duplex,4,Ped-Wait2X,30.403871536254883
seed2-stage6,duplex,5,Ped-XingFmLft,18.704504013061523
seed2-stage6,duplex,6,Ped-XingFmRht,23.1458683013916
seed2-stage6,duplex,7,Ped-Xing,25.142066955566406
seed2-stage6,duplex,8,Ped-PushObj,3.893451452255249
seed2-stage6,duplex,9,Car-MovAway,45.43370056152344
seed2-stage6,duplex,10,Car-MovTow,35.08495330810547
seed2-stage6,duplex,11,Car-Brake,40.059669494628906
seed2-stage6,duplex,12,Car-Stop,53.356201171875
seed2-stage6,duplex,13,Car-IncatLft,9.544515609741211
seed2-stage6,duplex,14,Car-IncatRht,3.4475796222686768
seed2-stage6,duplex,15,Car-HazLit,1.7257425785064697
seed2-stage6,duplex,16,Car-TurLft,7.80362606048584
seed2-stage6,duplex,17,Car-TurRht,8.525006294250488
seed2-stage6,duplex,18,Car-MovRht,1.0115692615509033
seed2-stage6,duplex,19,Car-MovLft,2.5693564414978027
seed2-stage6,duplex,20,Car-XingFmLft,11.976668357849121
seed2-stage6,duplex,21,Car-XingFmRht,12.612760543823242
seed2-stage6,duplex,22,Cyc-MovAway,7.706674098968506
seed2-stage6,duplex,23,Cyc-MovTow,1.0010887384414673
seed2-stage6,duplex,24,Cyc-Stop,0.3605675995349884
seed2-stage6,duplex,25,Mobike-Stop,23.5448055267334
seed2-stage6,duplex,26,MedVeh-MovAway,18.01705551147461
seed2-stage6,duplex,27,MedVeh-MovTow,8.52066421508789
seed2-stage6,duplex,28,MedVeh-Brake,15.527933120727539
seed2-stage6,duplex,29,MedVeh-Stop,17.944786071777344
seed2-stage6,duplex,30,MedVeh-IncatLft,1.9012930393218994
seed2-stage6,duplex,31,MedVeh-IncatRht,2.0923163890838623
seed2-stage6,duplex,32,MedVeh-HazLit,2.3291726112365723
seed2-stage6,duplex,33,MedVeh-TurRht,0.5653427839279175
seed2-stage6,duplex,34,MedVeh-XingFmLft,7.301422595977783
seed2-stage6,duplex,35,MedVeh-XingFmRht,10.299145698547363
seed2-stage6,duplex,36,LarVeh-MovAway,2.4725451469421387
seed2-stage6,duplex,37,LarVeh-MovTow,1.248512864112854
seed2-stage6,duplex,38,LarVeh-Stop,18.087377548217773
seed2-stage6,duplex,39,LarVeh-HazLit,2.491915464401245
seed2-stage6,duplex,40,Bus-MovAway,24.36670684814453
seed2-stage6,duplex,41,Bus-MovTow,25.812942504882812
seed2-stage6,duplex,42,Bus-Brake,28.054349899291992
seed2-stage6,duplex,43,Bus-Stop,19.6704158782959
seed2-stage6,duplex,44,Bus-HazLit,21.377927780151367
seed2-stage6,duplex,45,EmVeh-Stop,0.021198106929659843
seed2-stage6,duplex,46,TL-Red,61.33346939086914
seed2-stage6,duplex,47,TL-Amber,21.862062454223633
seed2-stage6,duplex,48,TL-Green,48.41428756713867
seed2-stage6,triplet,0,Ped-MovAway-LftPav,16.32206153869629
seed2-stage6,triplet,1,Ped-MovAway-RhtPav,25.52713394165039
seed2-stage6,triplet,2,Ped-MovAway-Jun,0.42124703526496887
seed2-stage6,triplet,3,Ped-MovTow-LftPav,23.604196548461914
seed2-stage6,triplet,4,Ped-MovTow-RhtPav,27.11263656616211
seed2-stage6,triplet,5,Ped-MovTow-Jun,7.6904096603393555
seed2-stage6,triplet,6,Ped-Mov-OutgoLane,3.003660202026367
seed2-stage6,triplet,7,Ped-Mov-Pav,9.994285583496094
seed2-stage6,triplet,8,Ped-Mov-RhtPav,4.175928115844727
seed2-stage6,triplet,9,Ped-Stop-OutgoLane,11.450867652893066
seed2-stage6,triplet,10,Ped-Stop-Pav,3.7065045833587646
seed2-stage6,triplet,11,Ped-Stop-LftPav,22.967201232910156
seed2-stage6,triplet,12,Ped-Stop-RhtPav,15.931937217712402
seed2-stage6,triplet,13,Ped-Stop-BusStop,3.9181418418884277
seed2-stage6,triplet,14,Ped-Wait2X-RhtPav,4.108555316925049
seed2-stage6,triplet,15,Ped-Wait2X-Jun,23.920974731445312
seed2-stage6,triplet,16,Ped-XingFmLft-Jun,18.320430755615234
seed2-stage6,triplet,17,Ped-XingFmRht-Jun,21.493864059448242
seed2-stage6,triplet,18,Ped-XingFmRht-xing,3.826244592666626
seed2-stage6,triplet,19,Ped-Xing-Jun,18.326950073242188
seed2-stage6,triplet,20,Ped-PushObj-LftPav,0.05812017619609833
seed2-stage6,triplet,21,Ped-PushObj-RhtPav,0.894944429397583
seed2-stage6,triplet,22,Car-MovAway-VehLane,23.444568634033203
seed2-stage6,triplet,23,Car-MovAway-OutgoLane,39.672088623046875
seed2-stage6,triplet,24,Car-MovAway-Jun,11.605788230895996
seed2-stage6,triplet,25,Car-MovTow-VehLane,0.10181792825460434
seed2-stage6,triplet,26,Car-MovTow-IncomLane,36.39875793457031
seed2-stage6,triplet,27,Car-MovTow-Jun,8.188321113586426
seed2-stage6,triplet,28,Car-Brake-VehLane,37.58388900756836
seed2-stage6,triplet,29,Car-Brake-OutgoLane,33.45749282836914
seed2-stage6,triplet,30,Car-Brake-Jun,20.681297302246094
seed2-stage6,triplet,31,Car-Stop-VehLane,37.956844329833984
seed2-stage6,triplet,32,Car-Stop-OutgoLane,28.005390167236328
seed2-stage6,triplet,33,Car-Stop-IncomLane,23.78565788269043
seed2-stage6,triplet,34,Car-Stop-Jun,25.532997131347656
seed2-stage6,triplet,35,Car-Stop-parking,2.1496245861053467
seed2-stage6,triplet,36,Car-IncatLft-VehLane,13.940837860107422
seed2-stage6,triplet,37,Car-IncatLft-OutgoLane,2.0832340717315674
seed2-stage6,triplet,38,Car-IncatLft-IncomLane,3.368356227874756
seed2-stage6,triplet,39,Car-IncatLft-Jun,4.762046813964844
seed2-stage6,triplet,40,Car-IncatRht-VehLane,1.4132052659988403
seed2-stage6,triplet,41,Car-IncatRht-OutgoLane,2.671013116836548
seed2-stage6,triplet,42,Car-IncatRht-IncomLane,0.9233349561691284
seed2-stage6,triplet,43,Car-IncatRht-Jun,1.191816806793213
seed2-stage6,triplet,44,Car-HazLit-IncomLane,0.0786082074046135
seed2-stage6,triplet,45,Car-TurLft-VehLane,0.5852229595184326
seed2-stage6,triplet,46,Car-TurLft-Jun,7.265904426574707
seed2-stage6,triplet,47,Car-TurRht-Jun,7.1371378898620605
seed2-stage6,triplet,48,Car-MovRht-OutgoLane,0.6567936539649963
seed2-stage6,triplet,49,Car-MovLft-VehLane,0.8832184076309204
seed2-stage6,triplet,50,Car-MovLft-OutgoLane,2.336134672164917
seed2-stage6,triplet,51,Car-XingFmLft-Jun,12.244050979614258
seed2-stage6,triplet,52,Car-XingFmRht-Jun,12.566676139831543
seed2-stage6,triplet,53,Cyc-MovAway-OutgoCycLane,0.2644069492816925
seed2-stage6,triplet,54,Cyc-MovAway-RhtPav,0.001910122693516314
seed2-stage6,triplet,55,Cyc-MovTow-IncomLane,0.7218525409698486
seed2-stage6,triplet,56,Cyc-MovTow-RhtPav,0.0
seed2-stage6,triplet,57,MedVeh-MovAway-VehLane,11.028024673461914
seed2-stage6,triplet,58,MedVeh-MovAway-OutgoLane,12.685117721557617
seed2-stage6,triplet,59,MedVeh-MovAway-Jun,2.961777687072754
seed2-stage6,triplet,60,MedVeh-MovTow-IncomLane,9.266372680664062
seed2-stage6,triplet,61,MedVeh-MovTow-Jun,4.0610456466674805
seed2-stage6,triplet,62,MedVeh-Brake-VehLane,14.966214179992676
seed2-stage6,triplet,63,MedVeh-Brake-OutgoLane,13.979228973388672
seed2-stage6,triplet,64,MedVeh-Brake-Jun,22.676435470581055
seed2-stage6,triplet,65,MedVeh-Stop-VehLane,16.56977081298828
seed2-stage6,triplet,66,MedVeh-Stop-OutgoLane,10.677064895629883
seed2-stage6,triplet,67,MedVeh-Stop-IncomLane,1.7848159074783325
seed2-stage6,triplet,68,MedVeh-Stop-Jun,10.191706657409668
seed2-stage6,triplet,69,MedVeh-Stop-parking,0.33226898312568665
seed2-stage6,triplet,70,MedVeh-IncatLft-IncomLane,0.27183929085731506
seed2-stage6,triplet,71,MedVeh-IncatRht-Jun,0.06147277355194092
seed2-stage6,triplet,72,MedVeh-TurRht-Jun,0.8028784394264221
seed2-stage6,triplet,73,MedVeh-XingFmLft-Jun,8.363404273986816
seed2-stage6,triplet,74,MedVeh-XingFmRht-Jun,10.959753036499023
seed2-stage6,triplet,75,LarVeh-MovAway-VehLane,0.22702369093894958
seed2-stage6,triplet,76,LarVeh-MovTow-IncomLane,5.099299430847168
seed2-stage6,triplet,77,LarVeh-Stop-VehLane,4.870349407196045
seed2-stage6,triplet,78,LarVeh-Stop-Jun,8.59986686706543
seed2-stage6,triplet,79,Bus-MovAway-OutgoLane,10.48327922821045
seed2-stage6,triplet,80,Bus-MovTow-IncomLane,25.419597625732422
seed2-stage6,triplet,81,Bus-Stop-VehLane,49.657047271728516
seed2-stage6,triplet,82,Bus-Stop-OutgoLane,1.391537070274353
seed2-stage6,triplet,83,Bus-Stop-IncomLane,0.6499344706535339
seed2-stage6,triplet,84,Bus-Stop-Jun,10.948790550231934
seed2-stage6,triplet,85,Bus-HazLit-OutgoLane,7.7193450927734375
stage0,agentness,0,agentness,35.356868743896484
stage0,agent,0,Ped,27.94642448425293
stage0,agent,1,Car,33.39456558227539
stage0,agent,2,Cyc,3.798344373703003
stage0,agent,3,Mobike,7.596726417541504
stage0,agent,4,SmalVeh,0.17909981310367584
stage0,agent,5,MedVeh,15.374381065368652
stage0,agent,6,LarVeh,10.046138763427734
stage0,agent,7,Bus,22.595605850219727
stage0,agent,8,EmVeh,0.004982974845916033
stage0,agent,9,TL,45.79264831542969
stage0,action,0,Red,48.0460090637207
stage0,action,1,Amber,0.2528804838657379
stage0,action,2,Green,34.916587829589844
stage0,action,3,MovAway,23.982929229736328
stage0,action,4,MovTow,12.995508193969727
stage0,action,5,Mov,5.295115947723389
stage0,action,6,Rev,0.0521259680390358
stage0,action,7,Brake,40.6873664855957
stage0,action,8,Stop,31.050960540771484
stage0,action,9,IncatLft,7.571605205535889
stage0,action,10,IncatRht,1.9865020513534546
stage0,action,11,HazLit,12.176591873168945
stage0,action,12,TurLft,7.00919771194458
stage0,action,13,TurRht,4.509693622589111
stage0,action,14,MovRht,0.9598526358604431
stage0,action,15,MovLft,0.5012612342834473
stage0,action,16,Ovtak,0.18529509007930756
stage0,action,17,Wait2X,13.147552490234375
stage0,action,18,XingFmLft,16.232364654541016
stage0,action,19,XingFmRht,17.917678833007812
stage0,action,20,Xing,11.580062866210938
stage0,action,21,PushObj,0.10926961898803711
stage0,loc,0,VehLane,32.99037170410156
stage0,loc,1,OutgoLane,29.807512283325195
stage0,loc,2,OutgoCycLane,0.014606627635657787
stage0,loc,3,OutgoBusLane,1.401637077331543
stage0,loc,4,IncomLane,21.041149139404297
stage0,loc,5,IncomCycLane,0.021648148074746132
stage0,loc,6,IncomBusLane,0.6498787999153137
stage0,loc,7,Pav,3.1652045249938965
stage0,loc,8,LftPav,13.9265775680542
stage0,loc,9,RhtPav,16.53226661682129
stage0,loc,10,Jun,20.613611221313477
stage0,loc,11,xing,3.4148900508880615
stage0,loc,12,BusStop,0.43817710876464844
stage0,loc,13,parking,1.3886021375656128
stage0,loc,14,LftParking,28.862804412841797
stage0,loc,15,rightParking,29.971904754638672
stage0,duplex,0,Ped-MovAway,7.072975158691406
stage0,duplex,1,Ped-MovTow,8.377131462097168
stage0,duplex,2,Ped-Mov,5.643301010131836
stage0,duplex,3,Ped-Stop,8.934972763061523
stage0,duplex,4,Ped-Wait2X,15.503735542297363
stage0,duplex,5,Ped-XingFmLft,19.60978126525879
stage0,duplex,6,Ped-XingFmRht,23.081560134887695
stage0,duplex,7,Ped-Xing,11.567147254943848
stage0,duplex,8,Ped-PushObj,0.1632271409034729
stage0,duplex,9,Car-MovAway,26.269330978393555
stage0,duplex,10,Car-MovTow,13.20213794708252
stage0,duplex,11,Car-Brake,37.16775894165039
stage0,duplex,12,Car-Stop,30.726734161376953
stage0,duplex,13,Car-IncatLft,4.692584991455078
stage0,duplex,14,Car-IncatRht,1.7870460748672485
stage0,duplex,15,Car-HazLit,0.7474534511566162
stage0,duplex,16,Car-TurLft,6.742273807525635
stage0,duplex,17,Car-TurRht,4.422811985015869
stage0,duplex,18,Car-MovRht,1.2710983753204346
stage0,duplex,19,Car-MovLft,0.5955944061279297
stage0,duplex,20,Car-XingFmLft,14.484920501708984
stage0,duplex,21,Car-XingFmRht,11.027847290039062
stage0,duplex,22,Cyc-MovAway,9.423230171203613
stage0,duplex,23,Cyc-MovTow,0.09725990891456604
stage0,duplex,24,Cyc-Stop,0.028951426967978477
stage0,duplex,25,Mobike-Stop,8.484932899475098
stage0,duplex,26,MedVeh-MovAway,15.054654121398926
stage0,duplex,27,MedVeh-MovTow,5.213462829589844
stage0,duplex,28,MedVeh-Brake,15.651505470275879
stage0,duplex,29,MedVeh-Stop,15.606886863708496
stage0,duplex,30,MedVeh-IncatLft,20.544780731201172
stage0,duplex,31,MedVeh-IncatRht,2.0357251167297363
stage0,duplex,32,MedVeh-HazLit,1.3161864280700684
stage0,duplex,33,MedVeh-TurRht,0.4911976456642151
stage0,duplex,34,MedVeh-XingFmLft,6.7156243324279785
stage0,duplex,35,MedVeh-XingFmRht,14.288549423217773
stage0,duplex,36,LarVeh-MovAway,1.1706452369689941
stage0,duplex,37,LarVeh-MovTow,2.3617045879364014
stage0,duplex,38,LarVeh-Stop,9.106097221374512
stage0,duplex,39,LarVeh-HazLit,5.5933308601379395
stage0,duplex,40,Bus-MovAway,19.032657623291016
stage0,duplex,41,Bus-MovTow,18.222545623779297
stage0,duplex,42,Bus-Brake,13.706018447875977
stage0,duplex,43,Bus-Stop,6.631641387939453
stage0,duplex,44,Bus-HazLit,28.477222442626953
stage0,duplex,45,EmVeh-Stop,0.0009225460817106068
stage0,duplex,46,TL-Red,47.57143783569336
stage0,duplex,47,TL-Amber,0.33715295791625977
stage0,duplex,48,TL-Green,34.63975524902344
stage0,triplet,0,Ped-MovAway-LftPav,2.950927257537842
stage0,triplet,1,Ped-MovAway-RhtPav,6.220113277435303
stage0,triplet,2,Ped-MovAway-Jun,0.111236572265625
stage0,triplet,3,Ped-MovTow-LftPav,5.728012561798096
stage0,triplet,4,Ped-MovTow-RhtPav,7.934568881988525
stage0,triplet,5,Ped-MovTow-Jun,0.20310571789741516
stage0,triplet,6,Ped-Mov-OutgoLane,0.1214023008942604
stage0,triplet,7,Ped-Mov-Pav,3.318354845046997
stage0,triplet,8,Ped-Mov-RhtPav,0.9956350922584534
stage0,triplet,9,Ped-Stop-OutgoLane,14.527816772460938
stage0,triplet,10,Ped-Stop-Pav,0.6357817053794861
stage0,triplet,11,Ped-Stop-LftPav,7.500698566436768
stage0,triplet,12,Ped-Stop-RhtPav,3.9928932189941406
stage0,triplet,13,Ped-Stop-BusStop,0.4777655601501465
stage0,triplet,14,Ped-Wait2X-RhtPav,0.7900902628898621
stage0,triplet,15,Ped-Wait2X-Jun,13.116989135742188
stage0,triplet,16,Ped-XingFmLft-Jun,18.692123413085938
stage0,triplet,17,Ped-XingFmRht-Jun,22.298633575439453
stage0,triplet,18,Ped-XingFmRht-xing,1.797206163406372
stage0,triplet,19,Ped-Xing-Jun,8.53481388092041
stage0,triplet,20,Ped-PushObj-LftPav,0.0025688312016427517
stage0,triplet,21,Ped-PushObj-RhtPav,0.0588398352265358
stage0,triplet,22,Car-MovAway-VehLane,19.520061492919922
stage0,triplet,23,Car-MovAway-OutgoLane,23.34951400756836
stage0,triplet,24,Car-MovAway-Jun,7.439206123352051
stage0,triplet,25,Car-MovTow-VehLane,0.007367804180830717
stage0,triplet,26,Car-MovTow-IncomLane,13.532655715942383
stage0,triplet,27,Car-MovTow-Jun,4.695314884185791
stage0,triplet,28,Car-Brake-VehLane,36.94110870361328
stage0,triplet,29,Car-Brake-OutgoLane,31.009719848632812
stage0,triplet,30,Car-Brake-Jun,17.68748664855957
stage0,triplet,31,Car-Stop-VehLane,34.57918167114258
stage0,triplet,32,Car-Stop-OutgoLane,22.451879501342773
stage0,triplet,33,Car-Stop-IncomLane,16.933900833129883
stage0,triplet,34,Car-Stop-Jun,14.758880615234375
stage0,triplet,35,Car-Stop-parking,0.9039531350135803
stage0,triplet,36,Car-IncatLft-VehLane,16.48556137084961
stage0,triplet,37,Car-IncatLft-OutgoLane,1.542075276374817
stage0,triplet,38,Car-IncatLft-IncomLane,2.522718667984009
stage0,triplet,39,Car-IncatLft-Jun,2.80464768409729
stage0,triplet,40,Car-IncatRht-VehLane,0.897993266582489
stage0,triplet,41,Car-IncatRht-OutgoLane,1.2633087635040283
stage0,triplet,42,Car-IncatRht-IncomLane,0.7685873508453369
stage0,triplet,43,Car-IncatRht-Jun,0.34836238622665405
stage0,triplet,44,Car-HazLit-IncomLane,0.2766985595226288
stage0,triplet,45,Car-TurLft-VehLane,1.1976375579833984
stage0,triplet,46,Car-TurLft-Jun,6.827245235443115
stage0,triplet,47,Car-TurRht-Jun,3.7139475345611572
stage0,triplet,48,Car-MovRht-OutgoLane,0.8417227864265442
stage0,triplet,49,Car-MovLft-VehLane,0.04072994366288185
stage0,triplet,50,Car-MovLft-OutgoLane,0.8664799928665161
stage0,triplet,51,Car-XingFmLft-Jun,14.669415473937988
stage0,triplet,52,Car-XingFmRht-Jun,10.948535919189453
stage0,triplet,53,Cyc-MovAway-OutgoCycLane,0.0078073530457913876
stage0,triplet,54,Cyc-MovAway-RhtPav,0.00542691582813859
stage0,triplet,55,Cyc-MovTow-IncomLane,0.005073394160717726
stage0,triplet,56,Cyc-MovTow-RhtPav,0.0
stage0,triplet,57,MedVeh-MovAway-VehLane,19.752182006835938
stage0,triplet,58,MedVeh-MovAway-OutgoLane,8.156660079956055
stage0,triplet,59,MedVeh-MovAway-Jun,10.636202812194824
stage0,triplet,60,MedVeh-MovTow-IncomLane,5.93958044052124
stage0,triplet,61,MedVeh-MovTow-Jun,1.7914910316467285
stage0,triplet,62,MedVeh-Brake-VehLane,5.658576488494873
stage0,triplet,63,MedVeh-Brake-OutgoLane,17.052438735961914
stage0,triplet,64,MedVeh-Brake-Jun,15.532580375671387
stage0,triplet,65,MedVeh-Stop-VehLane,10.098136901855469
stage0,triplet,66,MedVeh-Stop-OutgoLane,9.242361068725586
stage0,triplet,67,MedVeh-Stop-IncomLane,7.710157871246338
stage0,triplet,68,MedVeh-Stop-Jun,20.198057174682617
stage0,triplet,69,MedVeh-Stop-parking,0.15683972835540771
stage0,triplet,70,MedVeh-IncatLft-IncomLane,0.6115042567253113
stage0,triplet,71,MedVeh-IncatRht-Jun,0.07789573073387146
stage0,triplet,72,MedVeh-TurRht-Jun,0.8593785762786865
stage0,triplet,73,MedVeh-XingFmLft-Jun,7.036107063293457
stage0,triplet,74,MedVeh-XingFmRht-Jun,14.06469440460205
stage0,triplet,75,LarVeh-MovAway-VehLane,0.2665978968143463
stage0,triplet,76,LarVeh-MovTow-IncomLane,2.6837356090545654
stage0,triplet,77,LarVeh-Stop-VehLane,8.625638961791992
stage0,triplet,78,LarVeh-Stop-Jun,18.44622039794922
stage0,triplet,79,Bus-MovAway-OutgoLane,1.2683110237121582
stage0,triplet,80,Bus-MovTow-IncomLane,14.039671897888184
stage0,triplet,81,Bus-Stop-VehLane,10.96396255493164
stage0,triplet,82,Bus-Stop-OutgoLane,0.8123466968536377
stage0,triplet,83,Bus-Stop-IncomLane,1.0068947076797485
stage0,triplet,84,Bus-Stop-Jun,1.3089574575424194
stage0,triplet,85,Bus-HazLit-OutgoLane,4.421679496765137
stage1,agentness,0,agentness,65.3644790649414
stage1,agent,0,Ped,65.67159271240234
stage1,agent,1,Car,62.94348907470703
stage1,agent,2,Cyc,13.659136772155762
stage1,agent,3,Mobike,41.83154296875
stage1,agent,4,SmalVeh,0.02811187319457531
stage1,agent,5,MedVeh,33.943809509277344
stage1,agent,6,LarVeh,22.92780113220215
stage1,agent,7,Bus,46.70212936401367
stage1,agent,8,EmVeh,0.005572479218244553
stage1,agent,9,TL,64.73817443847656
stage1,action,0,Red,48.50114822387695
stage1,action,1,Amber,0.9173714518547058
stage1,action,2,Green,37.45941162109375
stage1,action,3,MovAway,25.669973373413086
stage1,action,4,MovTow,15.35079574584961
stage1,action,5,Mov,4.58343505859375
stage1,action,6,Rev,0.11059749126434326
stage1,action,7,Brake,40.48253631591797
stage1,action,8,Stop,33.01008987426758
stage1,action,9,IncatLft,6.043353080749512
stage1,action,10,IncatRht,2.0677406787872314
stage1,action,11,HazLit,10.875234603881836
stage1,action,12,TurLft,6.280468940734863
stage1,action,13,TurRht,4.163208961486816
stage1,action,14,MovRht,1.051866888999939
stage1,action,15,MovLft,0.6404268145561218
stage1,action,16,Ovtak,0.6277762055397034
stage1,action,17,Wait2X,11.274947166442871
stage1,action,18,XingFmLft,10.686065673828125
stage1,action,19,XingFmRht,13.364350318908691
stage1,action,20,Xing,9.54946517944336
stage1,action,21,PushObj,0.1482059806585312
stage1,loc,0,VehLane,32.755157470703125
stage1,loc,1,OutgoLane,32.029605865478516
stage1,loc,2,OutgoCycLane,0.02379678376019001
stage1,loc,3,OutgoBusLane,1.1203386783599854
stage1,loc,4,IncomLane,23.763792037963867
stage1,loc,5,IncomCycLane,0.034841831773519516
stage1,loc,6,IncomBusLane,0.7345831990242004
stage1,loc,7,Pav,3.3073415756225586
stage1,loc,8,LftPav,15.638226509094238
stage1,loc,9,RhtPav,18.296417236328125
stage1,loc,10,Jun,19.55943489074707
stage1,loc,11,xing,2.739994764328003
stage1,loc,12,BusStop,0.5147151350975037
stage1,loc,13,parking,1.681371808052063
stage1,loc,14,LftParking,30.389728546142578
stage1,loc,15,rightParking,31.28484535217285
stage1,duplex,0,Ped-MovAway,6.821254253387451
stage1,duplex,1,Ped-MovTow,9.034153938293457
stage1,duplex,2,Ped-Mov,4.753325462341309
stage1,duplex,3,Ped-Stop,9.328230857849121
stage1,duplex,4,Ped-Wait2X,12.810627937316895
stage1,duplex,5,Ped-XingFmLft,12.328818321228027
stage1,duplex,6,Ped-XingFmRht,17.776281356811523
stage1,duplex,7,Ped-Xing,9.313824653625488
stage1,duplex,8,Ped-PushObj,0.16704809665679932
stage1,duplex,9,Car-MovAway,28.967443466186523
stage1,duplex,10,Car-MovTow,16.06519889831543
stage1,duplex,11,Car-Brake,37.55562210083008
stage1,duplex,12,Car-Stop,33.40622329711914
stage1,duplex,13,Car-IncatLft,4.5837321281433105
stage1,duplex,14,Car-IncatRht,1.8965630531311035
stage1,duplex,15,Car-HazLit,0.7157919406890869
stage1,duplex,16,Car-TurLft,5.616060733795166
stage1,duplex,17,Car-TurRht,3.74666690826416
stage1,duplex,18,Car-MovRht,1.299771785736084
stage1,duplex,19,Car-MovLft,0.6643983125686646
stage1,duplex,20,Car-XingFmLft,9.00446605682373
stage1,duplex,21,Car-XingFmRht,6.072491645812988
stage1,duplex,22,Cyc-MovAway,8.718381881713867
stage1,duplex,23,Cyc-MovTow,0.1716914027929306
stage1,duplex,24,Cyc-Stop,0.04295654967427254
stage1,duplex,25,Mobike-Stop,5.589914321899414
stage1,duplex,26,MedVeh-MovAway,13.687248229980469
stage1,duplex,27,MedVeh-MovTow,4.192843914031982
stage1,duplex,28,MedVeh-Brake,13.876869201660156
stage1,duplex,29,MedVeh-Stop,12.66382884979248
stage1,duplex,30,MedVeh-IncatLft,10.862863540649414
stage1,duplex,31,MedVeh-IncatRht,1.4119164943695068
stage1,duplex,32,MedVeh-HazLit,1.1074057817459106
stage1,duplex,33,MedVeh-TurRht,0.38824746012687683
stage1,duplex,34,MedVeh-XingFmLft,2.8621606826782227
stage1,duplex,35,MedVeh-XingFmRht,5.655355453491211
stage1,duplex,36,LarVeh-MovAway,1.0970103740692139
stage1,duplex,37,LarVeh-MovTow,1.735871434211731
stage1,duplex,38,LarVeh-Stop,7.050058841705322
stage1,duplex,39,LarVeh-HazLit,4.684255123138428
stage1,duplex,40,Bus-MovAway,18.108009338378906
stage1,duplex,41,Bus-MovTow,17.196083068847656
stage1,duplex,42,Bus-Brake,12.34042739868164
stage1,duplex,43,Bus-Stop,6.153250694274902
stage1,duplex,44,Bus-HazLit,25.594160079956055
stage1,duplex,45,EmVeh-Stop,0.002843433292582631
stage1,duplex,46,TL-Red,47.38425827026367
stage1,duplex,47,TL-Amber,0.4233682155609131
stage1,duplex,48,TL-Green,37.119285583496094
stage1,triplet,0,Ped-MovAway-LftPav,2.880878210067749
stage1,triplet,1,Ped-MovAway-RhtPav,6.4133806228637695
stage1,triplet,2,Ped-MovAway-Jun,0.08443085104227066
stage1,triplet,3,Ped-MovTow-LftPav,6.173483848571777
stage1,triplet,4,Ped-MovTow-RhtPav,9.286087989807129
stage1,triplet,5,Ped-MovTow-Jun,0.20949700474739075
stage1,triplet,6,Ped-Mov-OutgoLane,0.13216754794120789
stage1,triplet,7,Ped-Mov-Pav,2.741898536682129
stage1,triplet,8,Ped-Mov-RhtPav,0.9920921325683594
stage1,triplet,9,Ped-Stop-OutgoLane,8.990321159362793
stage1,triplet,10,Ped-Stop-Pav,0.8317895531654358
stage1,triplet,11,Ped-Stop-LftPav,8.904626846313477
stage1,triplet,12,Ped-Stop-RhtPav,4.653256416320801
stage1,triplet,13,Ped-Stop-BusStop,0.4814442992210388
stage1,triplet,14,Ped-Wait2X-RhtPav,0.6973550319671631
stage1,triplet,15,Ped-Wait2X-Jun,10.673665046691895
stage1,triplet,16,Ped-XingFmLft-Jun,11.510751724243164
stage1,triplet,17,Ped-XingFmRht-Jun,17.419422149658203
stage1,triplet,18,Ped-XingFmRht-xing,0.8818331956863403
stage1,triplet,19,Ped-Xing-Jun,6.75572395324707
stage1,triplet,20,Ped-PushObj-LftPav,0.004777747672051191
stage1,triplet,21,Ped-PushObj-RhtPav,0.07498572766780853
stage1,triplet,22,Car-MovAway-VehLane,19.959835052490234
stage1,triplet,23,Car-MovAway-OutgoLane,25.978595733642578
stage1,triplet,24,Car-MovAway-Jun,7.7028961181640625
stage1,triplet,25,Car-MovTow-VehLane,0.03596033155918121
stage1,triplet,26,Car-MovTow-IncomLane,16.815834045410156
stage1,triplet,27,Car-MovTow-Jun,4.054023265838623
stage1,triplet,28,Car-Brake-VehLane,35.909873962402344
stage1,triplet,29,Car-Brake-OutgoLane,31.778141021728516
stage1,triplet,30,Car-Brake-Jun,17.947622299194336
stage1,triplet,31,Car-Stop-VehLane,33.71805953979492
stage1,triplet,32,Car-Stop-OutgoLane,23.65311050415039
stage1,triplet,33,Car-Stop-IncomLane,16.45745849609375
stage1,triplet,34,Car-Stop-Jun,14.608231544494629
stage1,triplet,35,Car-Stop-parking,1.2875584363937378
stage1,triplet,36,Car-IncatLft-VehLane,16.593473434448242
stage1,triplet,37,Car-IncatLft-OutgoLane,1.5587555170059204
stage1,triplet,38,Car-IncatLft-IncomLane,2.217573404312134
stage1,triplet,39,Car-IncatLft-Jun,2.6164727210998535
stage1,triplet,40,Car-IncatRht-VehLane,1.0195742845535278
stage1,triplet,41,Car-IncatRht-OutgoLane,1.309242844581604
stage1,triplet,42,Car-IncatRht-IncomLane,0.741798460483551
stage1,triplet,43,Car-IncatRht-Jun,0.41375285387039185
stage1,triplet,44,Car-HazLit-IncomLane,0.4329855144023895
stage1,triplet,45,Car-TurLft-VehLane,1.018781065940857
stage1,triplet,46,Car-TurLft-Jun,5.615970134735107
stage1,triplet,47,Car-TurRht-Jun,3.0989694595336914
stage1,triplet,48,Car-MovRht-OutgoLane,0.9323540925979614
stage1,triplet,49,Car-MovLft-VehLane,0.06358761340379715
stage1,triplet,50,Car-MovLft-OutgoLane,0.945644199848175
stage1,triplet,51,Car-XingFmLft-Jun,8.962475776672363
stage1,triplet,52,Car-XingFmRht-Jun,6.054422855377197
stage1,triplet,53,Cyc-MovAway-OutgoCycLane,0.006400969345122576
stage1,triplet,54,Cyc-MovAway-RhtPav,0.021181711927056313
stage1,triplet,55,Cyc-MovTow-IncomLane,0.014563263393938541
stage1,triplet,56,Cyc-MovTow-RhtPav,0.0
stage1,triplet,57,MedVeh-MovAway-VehLane,15.654610633850098
stage1,triplet,58,MedVeh-MovAway-OutgoLane,7.486253261566162
stage1,triplet,59,MedVeh-MovAway-Jun,8.1414155960083
stage1,triplet,60,MedVeh-MovTow-IncomLane,4.832062721252441
stage1,triplet,61,MedVeh-MovTow-Jun,1.1219449043273926
stage1,triplet,62,MedVeh-Brake-VehLane,5.124000549316406
stage1,triplet,63,MedVeh-Brake-OutgoLane,16.17392921447754
stage1,triplet,64,MedVeh-Brake-Jun,15.052424430847168
stage1,triplet,65,MedVeh-Stop-VehLane,7.857047080993652
stage1,triplet,66,MedVeh-Stop-OutgoLane,8.925695419311523
stage1,triplet,67,MedVeh-Stop-IncomLane,6.699297904968262
stage1,triplet,68,MedVeh-Stop-Jun,13.63998031616211
stage1,triplet,69,MedVeh-Stop-parking,0.11745596677064896
stage1,triplet,70,MedVeh-IncatLft-IncomLane,0.6329736113548279
stage1,triplet,71,MedVeh-IncatRht-Jun,0.05679268389940262
stage1,triplet,72,MedVeh-TurRht-Jun,0.7239353060722351
stage1,triplet,73,MedVeh-XingFmLft-Jun,2.903154134750366
stage1,triplet,74,MedVeh-XingFmRht-Jun,5.667506694793701
stage1,triplet,75,LarVeh-MovAway-VehLane,0.2337600737810135
stage1,triplet,76,LarVeh-MovTow-IncomLane,2.239678382873535
stage1,triplet,77,LarVeh-Stop-VehLane,8.2189359664917
stage1,triplet,78,LarVeh-Stop-Jun,14.822307586669922
stage1,triplet,79,Bus-MovAway-OutgoLane,1.118797779083252
stage1,triplet,80,Bus-MovTow-IncomLane,15.136310577392578
stage1,triplet,81,Bus-Stop-VehLane,10.987016677856445
stage1,triplet,82,Bus-Stop-OutgoLane,0.7481870055198669
stage1,triplet,83,Bus-Stop-IncomLane,1.3714061975479126
stage1,triplet,84,Bus-Stop-Jun,1.452101230621338
stage1,triplet,85,Bus-HazLit-OutgoLane,3.979642868041992
stage2,agentness,0,agentness,65.3644790649414
stage2,agent,0,Ped,65.67159271240234
stage2,agent,1,Car,62.94348907470703
stage2,agent,2,Cyc,13.659136772155762
stage2,agent,3,Mobike,41.83154296875
stage2,agent,4,SmalVeh,0.02811187319457531
stage2,agent,5,MedVeh,33.943809509277344
stage2,agent,6,LarVeh,22.92780113220215
stage2,agent,7,Bus,46.70212936401367
stage2,agent,8,EmVeh,0.005572479218244553
stage2,agent,9,TL,64.73817443847656
stage2,action,0,Red,59.366729736328125
stage2,action,1,Amber,3.7755165100097656
stage2,action,2,Green,43.75080108642578
stage2,action,3,MovAway,35.905670166015625
stage2,action,4,MovTow,27.09006690979004
stage2,action,5,Mov,6.053502559661865
stage2,action,6,Rev,0.22082841396331787
stage2,action,7,Brake,45.048221588134766
stage2,action,8,Stop,51.79893112182617
stage2,action,9,IncatLft,3.8730218410491943
stage2,action,10,IncatRht,1.842199444770813
stage2,action,11,HazLit,4.794541835784912
stage2,action,12,TurLft,3.494675636291504
stage2,action,13,TurRht,2.5833613872528076
stage2,action,14,MovRht,0.7408128976821899
stage2,action,15,MovLft,0.9023013114929199
stage2,action,16,Ovtak,0.8301623463630676
stage2,action,17,Wait2X,7.91365909576416
stage2,action,18,XingFmLft,14.882879257202148
stage2,action,19,XingFmRht,19.688945770263672
stage2,action,20,Xing,15.141075134277344
stage2,action,21,PushObj,0.6236980557441711
stage2,loc,0,VehLane,34.417991638183594
stage2,loc,1,OutgoLane,38.38848876953125
stage2,loc,2,OutgoCycLane,0.09651504456996918
stage2,loc,3,OutgoBusLane,0.8683426976203918
stage2,loc,4,IncomLane,38.77348709106445
stage2,loc,5,IncomCycLane,0.08673648536205292
stage2,loc,6,IncomBusLane,1.5756494998931885
stage2,loc,7,Pav,5.430294990539551
stage2,loc,8,LftPav,28.706506729125977
stage2,loc,9,RhtPav,37.43375015258789
stage2,loc,10,Jun,31.977197647094727
stage2,loc,11,xing,5.779953956604004
stage2,loc,12,BusStop,0.9351921677589417
stage2,loc,13,parking,1.615460991859436
stage2,loc,14,LftParking,42.90608596801758
stage2,loc,15,rightParking,44.571937561035156
stage2,duplex,0,Ped-MovAway,13.90014362335205
stage2,duplex,1,Ped-MovTow,19.398906707763672
stage2,duplex,2,Ped-Mov,6.264930725097656
stage2,duplex,3,Ped-Stop,14.545787811279297
stage2,duplex,4,Ped-Wait2X,11.574479103088379
stage2,duplex,5,Ped-XingFmLft,13.99929141998291
stage2,duplex,6,Ped-XingFmRht,22.49054718017578
stage2,duplex,7,Ped-Xing,15.22525691986084
stage2,duplex,8,Ped-PushObj,0.6110448837280273
stage2,duplex,9,Car-MovAway,39.64878463745117
stage2,duplex,10,Car-MovTow,29.37432861328125
stage2,duplex,11,Car-Brake,38.19062805175781
stage2,duplex,12,Car-Stop,45.1491584777832
stage2,duplex,13,Car-IncatLft,3.5392770767211914
stage2,duplex,14,Car-IncatRht,1.794946312904358
stage2,duplex,15,Car-HazLit,0.8545898795127869
stage2,duplex,16,Car-TurLft,3.4596989154815674
stage2,duplex,17,Car-TurRht,2.555027484893799
stage2,duplex,18,Car-MovRht,0.7723512649536133
stage2,duplex,19,Car-MovLft,0.9555898904800415
stage2,duplex,20,Car-XingFmLft,12.539761543273926
stage2,duplex,21,Car-XingFmRht,12.49702262878418
stage2,duplex,22,Cyc-MovAway,0.16999909281730652
stage2,duplex,23,Cyc-MovTow,0.06398455053567886
stage2,duplex,24,Cyc-Stop,0.01827331632375717
stage2,duplex,25,Mobike-Stop,13.47928237915039
stage2,duplex,26,MedVeh-MovAway,7.921533584594727
stage2,duplex,27,MedVeh-MovTow,2.8404064178466797
stage2,duplex,28,MedVeh-Brake,7.957546234130859
stage2,duplex,29,MedVeh-Stop,10.555109024047852
stage2,duplex,30,MedVeh-IncatLft,0.3743656277656555
stage2,duplex,31,MedVeh-IncatRht,0.2099032700061798
stage2,duplex,32,MedVeh-HazLit,5.848521709442139
stage2,duplex,33,MedVeh-TurRht,0.08338218927383423
stage2,duplex,34,MedVeh-XingFmLft,1.5505205392837524
stage2,duplex,35,MedVeh-XingFmRht,2.5157525539398193
stage2,duplex,36,LarVeh-MovAway,0.6680383086204529
stage2,duplex,37,LarVeh-MovTow,1.3241114616394043
stage2,duplex,38,LarVeh-Stop,7.725136756896973
stage2,duplex,39,LarVeh-HazLit,7.550833225250244
stage2,duplex,40,Bus-MovAway,11.362653732299805
stage2,duplex,41,Bus-MovTow,12.658161163330078
stage2,duplex,42,Bus-Brake,10.443629264831543
stage2,duplex,43,Bus-Stop,6.743503093719482
stage2,duplex,44,Bus-HazLit,17.676528930664062
stage2,duplex,45,EmVeh-Stop,0.02452837862074375
stage2,duplex,46,TL-Red,58.669044494628906
stage2,duplex,47,TL-Amber,4.141819000244141
stage2,duplex,48,TL-Green,43.37660598754883
stage2,triplet,0,Ped-MovAway-LftPav,5.758544445037842
stage2,triplet,1,Ped-MovAway-RhtPav,13.212947845458984
stage2,triplet,2,Ped-MovAway-Jun,0.36462873220443726
stage2,triplet,3,Ped-MovTow-LftPav,14.990873336791992
stage2,triplet,4,Ped-MovTow-RhtPav,17.773990631103516
stage2,triplet,5,Ped-MovTow-Jun,1.9832422733306885
stage2,triplet,6,Ped-Mov-OutgoLane,0.5246872305870056
stage2,triplet,7,Ped-Mov-Pav,4.400509357452393
stage2,triplet,8,Ped-Mov-RhtPav,1.6333550214767456
stage2,triplet,9,Ped-Stop-OutgoLane,3.691622257232666
stage2,triplet,10,Ped-Stop-Pav,2.234689950942993
stage2,triplet,11,Ped-Stop-LftPav,10.593692779541016
stage2,triplet,12,Ped-Stop-RhtPav,9.143647193908691
stage2,triplet,13,Ped-Stop-BusStop,0.7247996926307678
stage2,triplet,14,Ped-Wait2X-RhtPav,1.0640047788619995
stage2,triplet,15,Ped-Wait2X-Jun,8.872666358947754
stage2,triplet,16,Ped-XingFmLft-Jun,12.77145767211914
stage2,triplet,17,Ped-XingFmRht-Jun,20.94308853149414
stage2,triplet,18,Ped-XingFmRht-xing,2.699239492416382
stage2,triplet,19,Ped-Xing-Jun,11.552325248718262
stage2,triplet,20,Ped-PushObj-LftPav,0.021609380841255188
stage2,triplet,21,Ped-PushObj-RhtPav,0.31787797808647156
stage2,triplet,22,Car-MovAway-VehLane,20.536834716796875
stage2,triplet,23,Car-MovAway-OutgoLane,32.591094970703125
stage2,triplet,24,Car-MovAway-Jun,7.940123558044434
stage2,triplet,25,Car-MovTow-VehLane,0.0862511619925499
stage2,triplet,26,Car-MovTow-IncomLane,31.828224182128906
stage2,triplet,27,Car-MovTow-Jun,5.310431480407715
stage2,triplet,28,Car-Brake-VehLane,32.37261962890625
stage2,triplet,29,Car-Brake-OutgoLane,30.01801300048828
stage2,triplet,30,Car-Brake-Jun,17.69858169555664
stage2,triplet,31,Car-Stop-VehLane,30.631513595581055
stage2,triplet,32,Car-Stop-OutgoLane,18.956581115722656
stage2,triplet,33,Car-Stop-IncomLane,13.824094772338867
stage2,triplet,34,Car-Stop-Jun,17.019813537597656
stage2,triplet,35,Car-Stop-parking,1.270232081413269
stage2,triplet,36,Car-IncatLft-VehLane,6.674013614654541
stage2,triplet,37,Car-IncatLft-OutgoLane,1.6488773822784424
stage2,triplet,38,Car-IncatLft-IncomLane,1.9683716297149658
stage2,triplet,39,Car-IncatLft-Jun,2.4689135551452637
stage2,triplet,40,Car-IncatRht-VehLane,0.5969370007514954
stage2,triplet,41,Car-IncatRht-OutgoLane,1.2683861255645752
stage2,triplet,42,Car-IncatRht-IncomLane,0.40991052985191345
stage2,triplet,43,Car-IncatRht-Jun,0.48522651195526123
stage2,triplet,44,Car-HazLit-IncomLane,0.06133883073925972
stage2,triplet,45,Car-TurLft-VehLane,0.4227980077266693
stage2,triplet,46,Car-TurLft-Jun,3.322988748550415
stage2,triplet,47,Car-TurRht-Jun,2.3716256618499756
stage2,triplet,48,Car-MovRht-OutgoLane,0.47301968932151794
stage2,triplet,49,Car-MovLft-VehLane,0.11817460507154465
stage2,triplet,50,Car-MovLft-OutgoLane,0.8659668564796448
stage2,triplet,51,Car-XingFmLft-Jun,12.71257209777832
stage2,triplet,52,Car-XingFmRht-Jun,12.46420955657959
stage2,triplet,53,Cyc-MovAway-OutgoCycLane,0.010556040331721306
stage2,triplet,54,Cyc-MovAway-RhtPav,0.004808876197785139
stage2,triplet,55,Cyc-MovTow-IncomLane,0.01872621476650238
stage2,triplet,56,Cyc-MovTow-RhtPav,0.0
stage2,triplet,57,MedVeh-MovAway-VehLane,6.545369625091553
stage2,triplet,58,MedVeh-MovAway-OutgoLane,3.40388560295105
stage2,triplet,59,MedVeh-MovAway-Jun,21.068933486938477
stage2,triplet,60,MedVeh-MovTow-IncomLane,3.2189438343048096
stage2,triplet,61,MedVeh-MovTow-Jun,0.4715408682823181
stage2,triplet,62,MedVeh-Brake-VehLane,4.337446689605713
stage2,triplet,63,MedVeh-Brake-OutgoLane,7.243841648101807
stage2,triplet,64,MedVeh-Brake-Jun,4.087687015533447
stage2,triplet,65,MedVeh-Stop-VehLane,4.268252849578857
stage2,triplet,66,MedVeh-Stop-OutgoLane,3.240410327911377
stage2,triplet,67,MedVeh-Stop-IncomLane,0.9000020027160645
stage2,triplet,68,MedVeh-Stop-Jun,3.162977457046509
stage2,triplet,69,MedVeh-Stop-parking,0.329515665769577
stage2,triplet,70,MedVeh-IncatLft-IncomLane,0.12668831646442413
stage2,triplet,71,MedVeh-IncatRht-Jun,0.02463703230023384
stage2,triplet,72,MedVeh-TurRht-Jun,0.09514354914426804
stage2,triplet,73,MedVeh-XingFmLft-Jun,1.5531922578811646
stage2,triplet,74,MedVeh-XingFmRht-Jun,2.5088937282562256
stage2,triplet,75,LarVeh-MovAway-VehLane,0.08846156299114227
stage2,triplet,76,LarVeh-MovTow-IncomLane,1.7284677028656006
stage2,triplet,77,LarVeh-Stop-VehLane,4.001559734344482
stage2,triplet,78,LarVeh-Stop-Jun,9.015835762023926
stage2,triplet,79,Bus-MovAway-OutgoLane,2.294447660446167
stage2,triplet,80,Bus-MovTow-IncomLane,16.44243812561035
stage2,triplet,81,Bus-Stop-VehLane,9.389250755310059
stage2,triplet,82,Bus-Stop-OutgoLane,0.69416344165802
stage2,triplet,83,Bus-Stop-IncomLane,0.2978794276714325
stage2,triplet,84,Bus-Stop-Jun,5.446382999420166
stage2,triplet,85,Bus-HazLit-OutgoLane,2.020960569381714
stage3,agentness,0,agentness,65.3644790649414
stage3,agent,0,Ped,65.67159271240234
stage3,agent,1,Car,62.94348907470703
stage3,agent,2,Cyc,13.659136772155762
stage3,agent,3,Mobike,41.83154296875
stage3,agent,4,SmalVeh,0.02811187319457531
stage3,agent,5,MedVeh,33.943809509277344
stage3,agent,6,LarVeh,22.92780113220215
stage3,agent,7,Bus,46.70212936401367
stage3,agent,8,EmVeh,0.005572479218244553
stage3,agent,9,TL,64.73817443847656
stage3,action,0,Red,59.366729736328125
stage3,action,1,Amber,3.7755165100097656
stage3,action,2,Green,43.75080108642578
stage3,action,3,MovAway,35.905670166015625
stage3,action,4,MovTow,27.09006690979004
stage3,action,5,Mov,6.053502559661865
stage3,action,6,Rev,0.22082841396331787
stage3,action,7,Brake,45.048221588134766
stage3,action,8,Stop,51.79893112182617
stage3,action,9,IncatLft,3.8730218410491943
stage3,action,10,IncatRht,1.842199444770813
stage3,action,11,HazLit,4.794541835784912
stage3,action,12,TurLft,3.494675636291504
stage3,action,13,TurRht,2.5833613872528076
stage3,action,14,MovRht,0.7408128976821899
stage3,action,15,MovLft,0.9023013114929199
stage3,action,16,Ovtak,0.8301623463630676
stage3,action,17,Wait2X,7.91365909576416
stage3,action,18,XingFmLft,14.882879257202148
stage3,action,19,XingFmRht,19.688945770263672
stage3,action,20,Xing,15.141075134277344
stage3,action,21,PushObj,0.6236980557441711
stage3,loc,0,VehLane,34.417991638183594
stage3,loc,1,OutgoLane,38.38848876953125
stage3,loc,2,OutgoCycLane,0.09651504456996918
stage3,loc,3,OutgoBusLane,0.8683426976203918
stage3,loc,4,IncomLane,38.77348709106445
stage3,loc,5,IncomCycLane,0.08673648536205292
stage3,loc,6,IncomBusLane,1.5756494998931885
stage3,loc,7,Pav,5.430294990539551
stage3,loc,8,LftPav,28.706506729125977
stage3,loc,9,RhtPav,37.43375015258789
stage3,loc,10,Jun,31.977197647094727
stage3,loc,11,xing,5.779953956604004
stage3,loc,12,BusStop,0.9351921677589417
stage3,loc,13,parking,1.615460991859436
stage3,loc,14,LftParking,42.90608596801758
stage3,loc,15,rightParking,44.571937561035156
stage3,duplex,0,Ped-MovAway,16.852460861206055
stage3,duplex,1,Ped-MovTow,22.70661735534668
stage3,duplex,2,Ped-Mov,9.662850379943848
stage3,duplex,3,Ped-Stop,20.299779891967773
stage3,duplex,4,Ped-Wait2X,20.034446716308594
stage3,duplex,5,Ped-XingFmLft,22.345125198364258
stage3,duplex,6,Ped-XingFmRht,26.298877716064453
stage3,duplex,7,Ped-Xing,22.393598556518555
stage3,duplex,8,Ped-PushObj,0.7029532790184021
stage3,duplex,9,Car-MovAway,44.80207824707031
stage3,duplex,10,Car-MovTow,33.778770446777344
stage3,duplex,11,Car-Brake,41.489070892333984
stage3,duplex,12,Car-Stop,51.221553802490234
stage3,duplex,13,Car-IncatLft,7.250615119934082
stage3,duplex,14,Car-IncatRht,2.691113233566284
stage3,duplex,15,Car-HazLit,1.1526808738708496
stage3,duplex,16,Car-TurLft,7.242269039154053
stage3,duplex,17,Car-TurRht,5.445402145385742
stage3,duplex,18,Car-MovRht,1.3363962173461914
stage3,duplex,19,Car-MovLft,0.8795338869094849
stage3,duplex,20,Car-XingFmLft,18.28197479248047
stage3,duplex,21,Car-XingFmRht,13.86594009399414
stage3,duplex,22,Cyc-MovAway,0.27466046810150146
stage3,duplex,23,Cyc-MovTow,0.17999598383903503
stage3,duplex,24,Cyc-Stop,0.043200261890888214
stage3,duplex,25,Mobike-Stop,14.671551704406738
stage3,duplex,26,MedVeh-MovAway,15.524457931518555
stage3,duplex,27,MedVeh-MovTow,6.203005790710449
stage3,duplex,28,MedVeh-Brake,15.294815063476562
stage3,duplex,29,MedVeh-Stop,17.451908111572266
stage3,duplex,30,MedVeh-IncatLft,1.8635573387145996
stage3,duplex,31,MedVeh-IncatRht,1.4488775730133057
stage3,duplex,32,MedVeh-HazLit,4.963700294494629
stage3,duplex,33,MedVeh-TurRht,0.3096828758716583
stage3,duplex,34,MedVeh-XingFmLft,8.627664566040039
stage3,duplex,35,MedVeh-XingFmRht,13.535452842712402
stage3,duplex,36,LarVeh-MovAway,0.9797058701515198
stage3,duplex,37,LarVeh-MovTow,4.109072685241699
stage3,duplex,38,LarVeh-Stop,13.387843132019043
stage3,duplex,39,LarVeh-HazLit,12.052204132080078
stage3,duplex,40,Bus-MovAway,23.46006202697754
stage3,duplex,41,Bus-MovTow,17.995235443115234
stage3,duplex,42,Bus-Brake,18.158042907714844
stage3,duplex,43,Bus-Stop,10.786850929260254
stage3,duplex,44,Bus-HazLit,45.48827362060547
stage3,duplex,45,EmVeh-Stop,0.018417270854115486
stage3,duplex,46,TL-Red,62.56172180175781
stage3,duplex,47,TL-Amber,10.37221622467041
stage3,duplex,48,TL-Green,49.9500732421875
stage3,triplet,0,Ped-MovAway-LftPav,8.465747833251953
stage3,triplet,1,Ped-MovAway-RhtPav,17.432132720947266
stage3,triplet,2,Ped-MovAway-Jun,0.38315585255622864
stage3,triplet,3,Ped-MovTow-LftPav,18.07414436340332
stage3,triplet,4,Ped-MovTow-RhtPav,20.415361404418945
stage3,triplet,5,Ped-MovTow-Jun,1.3011666536331177
stage3,triplet,6,Ped-Mov-OutgoLane,1.1807466745376587
stage3,triplet,7,Ped-Mov-Pav,6.8007121086120605
stage3,triplet,8,Ped-Mov-RhtPav,2.4036126136779785
stage3,triplet,9,Ped-Stop-OutgoLane,10.879887580871582
stage3,triplet,10,Ped-Stop-Pav,3.443720579147339
stage3,triplet,11,Ped-Stop-LftPav,13.736526489257812
stage3,triplet,12,Ped-Stop-RhtPav,12.817461013793945
stage3,triplet,13,Ped-Stop-BusStop,1.1620324850082397
stage3,triplet,14,Ped-Wait2X-RhtPav,1.8166148662567139
stage3,triplet,15,Ped-Wait2X-Jun,16.889972686767578
stage3,triplet,16,Ped-XingFmLft-Jun,19.985126495361328
stage3,triplet,17,Ped-XingFmRht-Jun,24.466981887817383
stage3,triplet,18,Ped-XingFmRht-xing,3.894320249557495
stage3,triplet,19,Ped-Xing-Jun,16.894052505493164
stage3,triplet,20,Ped-PushObj-LftPav,0.04169122874736786
stage3,triplet,21,Ped-PushObj-RhtPav,0.478013277053833
stage3,triplet,22,Car-MovAway-VehLane,25.423437118530273
stage3,triplet,23,Car-MovAway-OutgoLane,40.080039978027344
stage3,triplet,24,Car-MovAway-Jun,11.649965286254883
stage3,triplet,25,Car-MovTow-VehLane,0.09864457696676254
stage3,triplet,26,Car-MovTow-IncomLane,36.07756805419922
stage3,triplet,27,Car-MovTow-Jun,7.431790351867676
stage3,triplet,28,Car-Brake-VehLane,35.52898025512695
stage3,triplet,29,Car-Brake-OutgoLane,36.43732452392578
stage3,triplet,30,Car-Brake-Jun,21.86561393737793
stage3,triplet,31,Car-Stop-VehLane,38.80118942260742
stage3,triplet,32,Car-Stop-OutgoLane,28.012861251831055
stage3,triplet,33,Car-Stop-IncomLane,19.762727737426758
stage3,triplet,34,Car-Stop-Jun,21.978866577148438
stage3,triplet,35,Car-Stop-parking,2.226278781890869
stage3,triplet,36,Car-IncatLft-VehLane,20.382125854492188
stage3,triplet,37,Car-IncatLft-OutgoLane,2.2871882915496826
stage3,triplet,38,Car-IncatLft-IncomLane,2.4511544704437256
stage3,triplet,39,Car-IncatLft-Jun,4.085097789764404
stage3,triplet,40,Car-IncatRht-VehLane,1.3261288404464722
stage3,triplet,41,Car-IncatRht-OutgoLane,1.9379937648773193
stage3,triplet,42,Car-IncatRht-IncomLane,0.9426091313362122
stage3,triplet,43,Car-IncatRht-Jun,0.7157547473907471
stage3,triplet,44,Car-HazLit-IncomLane,0.06670472025871277
stage3,triplet,45,Car-TurLft-VehLane,0.4669248163700104
stage3,triplet,46,Car-TurLft-Jun,6.929658889770508
stage3,triplet,47,Car-TurRht-Jun,4.842684745788574
stage3,triplet,48,Car-MovRht-OutgoLane,0.7344717383384705
stage3,triplet,49,Car-MovLft-VehLane,0.047590773552656174
stage3,triplet,50,Car-MovLft-OutgoLane,1.026611566543579
stage3,triplet,51,Car-XingFmLft-Jun,18.390853881835938
stage3,triplet,52,Car-XingFmRht-Jun,13.988101959228516
stage3,triplet,53,Cyc-MovAway-OutgoCycLane,0.009086188860237598
stage3,triplet,54,Cyc-MovAway-RhtPav,0.013465438038110733
stage3,triplet,55,Cyc-MovTow-IncomLane,0.04196600988507271
stage3,triplet,56,Cyc-MovTow-RhtPav,0.0
stage3,triplet,57,MedVeh-MovAway-VehLane,10.888815879821777
stage3,triplet,58,MedVeh-MovAway-OutgoLane,10.511465072631836
stage3,triplet,59,MedVeh-MovAway-Jun,5.823492527008057
stage3,triplet,60,MedVeh-MovTow-IncomLane,6.787860870361328
stage3,triplet,61,MedVeh-MovTow-Jun,3.252753496170044
stage3,triplet,62,MedVeh-Brake-VehLane,7.951208591461182
stage3,triplet,63,MedVeh-Brake-OutgoLane,23.605588912963867
stage3,triplet,64,MedVeh-Brake-Jun,18.277843475341797
stage3,triplet,65,MedVeh-Stop-VehLane,8.093095779418945
stage3,triplet,66,MedVeh-Stop-OutgoLane,12.10055923461914
stage3,triplet,67,MedVeh-Stop-IncomLane,1.5795625448226929
stage3,triplet,68,MedVeh-Stop-Jun,12.242585182189941
stage3,triplet,69,MedVeh-Stop-parking,0.5203616619110107
stage3,triplet,70,MedVeh-IncatLft-IncomLane,0.11445308476686478
stage3,triplet,71,MedVeh-IncatRht-Jun,2.6073412895202637
stage3,triplet,72,MedVeh-TurRht-Jun,0.2881643772125244
stage3,triplet,73,MedVeh-XingFmLft-Jun,8.417587280273438
stage3,triplet,74,MedVeh-XingFmRht-Jun,13.447942733764648
stage3,triplet,75,LarVeh-MovAway-VehLane,0.27620479464530945
stage3,triplet,76,LarVeh-MovTow-IncomLane,5.446214199066162
stage3,triplet,77,LarVeh-Stop-VehLane,13.980700492858887
stage3,triplet,78,LarVeh-Stop-Jun,18.560754776000977
stage3,triplet,79,Bus-MovAway-OutgoLane,3.9372050762176514
stage3,triplet,80,Bus-MovTow-IncomLane,17.071096420288086
stage3,triplet,81,Bus-Stop-VehLane,11.789790153503418
stage3,triplet,82,Bus-Stop-OutgoLane,1.5728211402893066
stage3,triplet,83,Bus-Stop-IncomLane,1.779929518699646
stage3,triplet,84,Bus-Stop-Jun,2.384925365447998
stage3,triplet,85,Bus-HazLit-OutgoLane,4.564151763916016
