head,class,variant,mean_ap_percent,sample_sd,stage6_minus_stage5_seed0,stage6_minus_stage5_seed1,stage6_minus_stage5_seed2
agentness,agentness,head-flat,65.3644790649414,0.0,0.0,0.0,0.0
agentness,agentness,head-phrase,65.3644790649414,0.0,0.0,0.0,0.0
agentness,agentness,head-shuffled,65.3644790649414,0.0,0.0,0.0,0.0
agentness,agentness,stage5,65.3644790649414,0.0,0.0,0.0,0.0
agentness,agentness,stage6,65.3644790649414,0.0,0.0,0.0,0.0
agentness,agentness,fusion-flat-evidence,65.3644790649414,0.0,0.0,0.0,0.0
agentness,agentness,fusion-shuffled,65.3644790649414,0.0,0.0,0.0,0.0
agent,Ped,head-flat,65.67159271240234,0.0,0.0,0.0,0.0
agent,Ped,head-phrase,65.67159271240234,0.0,0.0,0.0,0.0
agent,Ped,head-shuffled,65.67159271240234,0.0,0.0,0.0,0.0
agent,Ped,stage5,65.67159271240234,0.0,0.0,0.0,0.0
agent,Ped,stage6,65.67159271240234,0.0,0.0,0.0,0.0
agent,Ped,fusion-flat-evidence,65.67159271240234,0.0,0.0,0.0,0.0
agent,Ped,fusion-shuffled,65.67159271240234,0.0,0.0,0.0,0.0
agent,Car,head-flat,62.94348907470703,0.0,0.0,0.0,0.0
agent,Car,head-phrase,62.94348907470703,0.0,0.0,0.0,0.0
agent,Car,head-shuffled,62.94348907470703,0.0,0.0,0.0,0.0
agent,Car,stage5,62.94348907470703,0.0,0.0,0.0,0.0
agent,Car,stage6,62.94348907470703,0.0,0.0,0.0,0.0
agent,Car,fusion-flat-evidence,62.94348907470703,0.0,0.0,0.0,0.0
agent,Car,fusion-shuffled,62.94348907470703,0.0,0.0,0.0,0.0
agent,Cyc,head-flat,13.659136772155762,0.0,0.0,0.0,0.0
agent,Cyc,head-phrase,13.659136772155762,0.0,0.0,0.0,0.0
agent,Cyc,head-shuffled,13.659136772155762,0.0,0.0,0.0,0.0
agent,Cyc,stage5,13.659136772155762,0.0,0.0,0.0,0.0
agent,Cyc,stage6,13.659136772155762,0.0,0.0,0.0,0.0
agent,Cyc,fusion-flat-evidence,13.659136772155762,0.0,0.0,0.0,0.0
agent,Cyc,fusion-shuffled,13.659136772155762,0.0,0.0,0.0,0.0
agent,Mobike,head-flat,41.83154296875,0.0,0.0,0.0,0.0
agent,Mobike,head-phrase,41.83154296875,0.0,0.0,0.0,0.0
agent,Mobike,head-shuffled,41.83154296875,0.0,0.0,0.0,0.0
agent,Mobike,stage5,41.83154296875,0.0,0.0,0.0,0.0
agent,Mobike,stage6,41.83154296875,0.0,0.0,0.0,0.0
agent,Mobike,fusion-flat-evidence,41.83154296875,0.0,0.0,0.0,0.0
agent,Mobike,fusion-shuffled,41.83154296875,0.0,0.0,0.0,0.0
agent,SmalVeh,head-flat,0.02811187319457531,0.0,0.0,0.0,0.0
agent,SmalVeh,head-phrase,0.02811187319457531,0.0,0.0,0.0,0.0
agent,SmalVeh,head-shuffled,0.02811187319457531,0.0,0.0,0.0,0.0
agent,SmalVeh,stage5,0.02811187319457531,0.0,0.0,0.0,0.0
agent,SmalVeh,stage6,0.02811187319457531,0.0,0.0,0.0,0.0
agent,SmalVeh,fusion-flat-evidence,0.02811187319457531,0.0,0.0,0.0,0.0
agent,SmalVeh,fusion-shuffled,0.02811187319457531,0.0,0.0,0.0,0.0
agent,MedVeh,head-flat,33.943809509277344,0.0,0.0,0.0,0.0
agent,MedVeh,head-phrase,33.943809509277344,0.0,0.0,0.0,0.0
agent,MedVeh,head-shuffled,33.943809509277344,0.0,0.0,0.0,0.0
agent,MedVeh,stage5,33.943809509277344,0.0,0.0,0.0,0.0
agent,MedVeh,stage6,33.943809509277344,0.0,0.0,0.0,0.0
agent,MedVeh,fusion-flat-evidence,33.943809509277344,0.0,0.0,0.0,0.0
agent,MedVeh,fusion-shuffled,33.943809509277344,0.0,0.0,0.0,0.0
agent,LarVeh,head-flat,22.92780113220215,0.0,0.0,0.0,0.0
agent,LarVeh,head-phrase,22.92780113220215,0.0,0.0,0.0,0.0
agent,LarVeh,head-shuffled,22.92780113220215,0.0,0.0,0.0,0.0
agent,LarVeh,stage5,22.92780113220215,0.0,0.0,0.0,0.0
agent,LarVeh,stage6,22.92780113220215,0.0,0.0,0.0,0.0
agent,LarVeh,fusion-flat-evidence,22.92780113220215,0.0,0.0,0.0,0.0
agent,LarVeh,fusion-shuffled,22.92780113220215,0.0,0.0,0.0,0.0
agent,Bus,head-flat,46.70212936401367,0.0,0.0,0.0,0.0
agent,Bus,head-phrase,46.70212936401367,0.0,0.0,0.0,0.0
agent,Bus,head-shuffled,46.70212936401367,0.0,0.0,0.0,0.0
agent,Bus,stage5,46.70212936401367,0.0,0.0,0.0,0.0
agent,Bus,stage6,46.70212936401367,0.0,0.0,0.0,0.0
agent,Bus,fusion-flat-evidence,46.70212936401367,0.0,0.0,0.0,0.0
agent,Bus,fusion-shuffled,46.70212936401367,0.0,0.0,0.0,0.0
agent,EmVeh,head-flat,0.005572479218244553,0.0,0.0,0.0,0.0
agent,EmVeh,head-phrase,0.005572479218244553,0.0,0.0,0.0,0.0
agent,EmVeh,head-shuffled,0.005572479218244553,0.0,0.0,0.0,0.0
agent,EmVeh,stage5,0.005572479218244553,0.0,0.0,0.0,0.0
agent,EmVeh,stage6,0.005572479218244553,0.0,0.0,0.0,0.0
agent,EmVeh,fusion-flat-evidence,0.005572479218244553,0.0,0.0,0.0,0.0
agent,EmVeh,fusion-shuffled,0.005572479218244553,0.0,0.0,0.0,0.0
agent,TL,head-flat,64.73817443847656,0.0,0.0,0.0,0.0
agent,TL,head-phrase,64.73817443847656,0.0,0.0,0.0,0.0
agent,TL,head-shuffled,64.73817443847656,0.0,0.0,0.0,0.0
agent,TL,stage5,64.73817443847656,0.0,0.0,0.0,0.0
agent,TL,stage6,64.73817443847656,0.0,0.0,0.0,0.0
agent,TL,fusion-flat-evidence,64.73817443847656,0.0,0.0,0.0,0.0
agent,TL,fusion-shuffled,64.73817443847656,0.0,0.0,0.0,0.0
action,Red,head-flat,64.45056660970052,1.2239489232746332,0.0,0.0,0.0
action,Red,head-phrase,59.70520909627279,0.6964752749076868,0.0,0.0,0.0
action,Red,head-shuffled,52.73053995768229,1.3044615588694413,0.0,0.0,0.0
action,Red,stage5,64.45056660970052,1.2239489232746332,0.0,0.0,0.0
action,Red,stage6,64.45056660970052,1.2239489232746332,0.0,0.0,0.0
action,Red,fusion-flat-evidence,64.45056660970052,1.2239489232746332,0.0,0.0,0.0
action,Red,fusion-shuffled,64.45056660970052,1.2239489232746332,0.0,0.0,0.0
action,Amber,head-flat,17.858960787455242,8.535906334704464,0.0,0.0,0.0
action,Amber,head-phrase,5.404706001281738,0.874045342253617,0.0,0.0,0.0
action,Amber,head-shuffled,0.10028453171253204,0.034842332443408376,0.0,0.0,0.0
action,Amber,stage5,17.858960787455242,8.535906334704464,0.0,0.0,0.0
action,Amber,stage6,17.858960787455242,8.535906334704464,0.0,0.0,0.0
action,Amber,fusion-flat-evidence,17.858960787455242,8.535906334704464,0.0,0.0,0.0
action,Amber,fusion-shuffled,17.858960787455242,8.535906334704464,0.0,0.0,0.0
action,Green,head-flat,41.77599080403646,6.932569382849775,0.0,0.0,0.0
action,Green,head-phrase,38.868508656819664,2.190953533519174,0.0,0.0,0.0
action,Green,head-shuffled,33.61013158162435,1.3833923784499749,0.0,0.0,0.0
action,Green,stage5,41.77599080403646,6.932569382849775,0.0,0.0,0.0
action,Green,stage6,41.77599080403646,6.932569382849775,0.0,0.0,0.0
action,Green,fusion-flat-evidence,41.77599080403646,6.932569382849775,0.0,0.0,0.0
action,Green,fusion-shuffled,41.77599080403646,6.932569382849775,0.0,0.0,0.0
action,MovAway,head-flat,41.00417836507162,0.3462075760982787,0.0,0.0,0.0
action,MovAway,head-phrase,40.28737258911133,0.5192039050495707,0.0,0.0,0.0
action,MovAway,head-shuffled,36.58799616495768,0.4953675352875744,0.0,0.0,0.0
action,MovAway,stage5,41.00417836507162,0.3462075760982787,0.0,0.0,0.0
action,MovAway,stage6,41.00417836507162,0.3462075760982787,0.0,0.0,0.0
action,MovAway,fusion-flat-evidence,41.00417836507162,0.3462075760982787,0.0,0.0,0.0
action,MovAway,fusion-shuffled,41.00417836507162,0.3462075760982787,0.0,0.0,0.0
action,MovTow,head-flat,34.677206675211586,1.6023480611335925,0.0,0.0,0.0
action,MovTow,head-phrase,33.18066660563151,0.6551856411865852,0.0,0.0,0.0
action,MovTow,head-shuffled,31.04479471842448,1.262214593316379,0.0,0.0,0.0
action,MovTow,stage5,34.677206675211586,1.6023480611335925,0.0,0.0,0.0
action,MovTow,stage6,34.677206675211586,1.6023480611335925,0.0,0.0,0.0
action,MovTow,fusion-flat-evidence,34.677206675211586,1.6023480611335925,0.0,0.0,0.0
action,MovTow,fusion-shuffled,34.677206675211586,1.6023480611335925,0.0,0.0,0.0
action,Mov,head-flat,9.935516675313314,0.22410235020356858,0.0,0.0,0.0
action,Mov,head-phrase,10.35283120473226,0.3193161828654932,0.0,0.0,0.0
action,Mov,head-shuffled,4.074944257736206,1.174414210674422,0.0,0.0,0.0
action,Mov,stage5,9.935516675313314,0.22410235020356858,0.0,0.0,0.0
action,Mov,stage6,9.935516675313314,0.22410235020356858,0.0,0.0,0.0
action,Mov,fusion-flat-evidence,9.935516675313314,0.22410235020356858,0.0,0.0,0.0
action,Mov,fusion-shuffled,9.935516675313314,0.22410235020356858,0.0,0.0,0.0
action,Rev,head-flat,0.22380571564038595,0.17018777381482306,0.0,0.0,0.0
action,Rev,head-phrase,0.3397400379180908,0.03126476271277989,0.0,0.0,0.0
action,Rev,head-shuffled,0.1790797064701716,0.01691330439158663,0.0,0.0,0.0
action,Rev,stage5,0.22380571564038595,0.17018777381482306,0.0,0.0,0.0
action,Rev,stage6,0.22380571564038595,0.17018777381482306,0.0,0.0,0.0
action,Rev,fusion-flat-evidence,0.22380571564038595,0.17018777381482306,0.0,0.0,0.0
action,Rev,fusion-shuffled,0.22380571564038595,0.17018777381482306,0.0,0.0,0.0
action,Brake,head-flat,44.550331115722656,1.3645475369966384,0.0,0.0,0.0
action,Brake,head-phrase,46.462991078694664,0.5982413980368023,0.0,0.0,0.0
action,Brake,head-shuffled,43.784165700276695,0.9554192689757068,0.0,0.0,0.0
action,Brake,stage5,44.550331115722656,1.3645475369966384,0.0,0.0,0.0
action,Brake,stage6,44.550331115722656,1.3645475369966384,0.0,0.0,0.0
action,Brake,fusion-flat-evidence,44.550331115722656,1.3645475369966384,0.0,0.0,0.0
action,Brake,fusion-shuffled,44.550331115722656,1.3645475369966384,0.0,0.0,0.0
action,Stop,head-flat,54.18435414632162,0.7555321581149383,0.0,0.0,0.0
action,Stop,head-phrase,54.72850799560547,0.16441476166418292,0.0,0.0,0.0
action,Stop,head-shuffled,52.34259923299154,0.39439897264894647,0.0,0.0,0.0
action,Stop,stage5,54.18435414632162,0.7555321581149383,0.0,0.0,0.0
action,Stop,stage6,54.18435414632162,0.7555321581149383,0.0,0.0,0.0
action,Stop,fusion-flat-evidence,54.18435414632162,0.7555321581149383,0.0,0.0,0.0
action,Stop,fusion-shuffled,54.18435414632162,0.7555321581149383,0.0,0.0,0.0
action,IncatLft,head-flat,5.690235296885173,1.1903303324444263,0.0,0.0,0.0
action,IncatLft,head-phrase,4.78195842107137,0.06711169710407608,0.0,0.0,0.0
action,IncatLft,head-shuffled,3.335685888926188,0.05166121358836758,0.0,0.0,0.0
action,IncatLft,stage5,5.690235296885173,1.1903303324444263,0.0,0.0,0.0
action,IncatLft,stage6,5.690235296885173,1.1903303324444263,0.0,0.0,0.0
action,IncatLft,fusion-flat-evidence,5.690235296885173,1.1903303324444263,0.0,0.0,0.0
action,IncatLft,fusion-shuffled,5.690235296885173,1.1903303324444263,0.0,0.0,0.0
action,IncatRht,head-flat,2.5075501600901284,0.3911545033467979,0.0,0.0,0.0
action,IncatRht,head-phrase,2.609015385309855,0.05699326174386511,0.0,0.0,0.0
action,IncatRht,head-shuffled,1.8725162744522095,0.34065731666884497,0.0,0.0,0.0
action,IncatRht,stage5,2.5075501600901284,0.3911545033467979,0.0,0.0,0.0
action,IncatRht,stage6,2.5075501600901284,0.3911545033467979,0.0,0.0,0.0
action,IncatRht,fusion-flat-evidence,2.5075501600901284,0.3911545033467979,0.0,0.0,0.0
action,IncatRht,fusion-shuffled,2.5075501600901284,0.3911545033467979,0.0,0.0,0.0
action,HazLit,head-flat,5.551229159037272,0.4399548293247175,0.0,0.0,0.0
action,HazLit,head-phrase,7.520357131958008,0.12542975019348326,0.0,0.0,0.0
action,HazLit,head-shuffled,7.2953254381815595,0.8349305136068592,0.0,0.0,0.0
action,HazLit,stage5,5.551229159037272,0.4399548293247175,0.0,0.0,0.0
action,HazLit,stage6,5.551229159037272,0.4399548293247175,0.0,0.0,0.0
action,HazLit,fusion-flat-evidence,5.551229159037272,0.4399548293247175,0.0,0.0,0.0
action,HazLit,fusion-shuffled,5.551229159037272,0.4399548293247175,0.0,0.0,0.0
action,TurLft,head-flat,6.274093468983968,0.24391436122033355,0.0,0.0,0.0
action,TurLft,head-phrase,5.694793065388997,0.07175171272486915,0.0,0.0,0.0
action,TurLft,head-shuffled,2.126142422358195,0.5210351813922913,0.0,0.0,0.0
action,TurLft,stage5,6.274093468983968,0.24391436122033355,0.0,0.0,0.0
action,TurLft,stage6,6.274093468983968,0.24391436122033355,0.0,0.0,0.0
action,TurLft,fusion-flat-evidence,6.274093468983968,0.24391436122033355,0.0,0.0,0.0
action,TurLft,fusion-shuffled,6.274093468983968,0.24391436122033355,0.0,0.0,0.0
action,TurRht,head-flat,5.518488883972168,0.5154766303502931,0.0,0.0,0.0
action,TurRht,head-phrase,7.079441388448079,0.16185906388806567,0.0,0.0,0.0
action,TurRht,head-shuffled,2.3311349550882974,0.7378013750985845,0.0,0.0,0.0
action,TurRht,stage5,5.518488883972168,0.5154766303502931,0.0,0.0,0.0
action,TurRht,stage6,5.518488883972168,0.5154766303502931,0.0,0.0,0.0
action,TurRht,fusion-flat-evidence,5.518488883972168,0.5154766303502931,0.0,0.0,0.0
action,TurRht,fusion-shuffled,5.518488883972168,0.5154766303502931,0.0,0.0,0.0
action,MovRht,head-flat,0.8222734332084656,0.04946971353874145,0.0,0.0,0.0
action,MovRht,head-phrase,1.0758203665415447,0.022111159220797868,0.0,0.0,0.0
action,MovRht,head-shuffled,0.2904636065165202,0.018119718619585848,0.0,0.0,0.0
action,MovRht,stage5,0.8222734332084656,0.04946971353874145,0.0,0.0,0.0
action,MovRht,stage6,0.8222734332084656,0.04946971353874145,0.0,0.0,0.0
action,MovRht,fusion-flat-evidence,0.8222734332084656,0.04946971353874145,0.0,0.0,0.0
action,MovRht,fusion-shuffled,0.8222734332084656,0.04946971353874145,0.0,0.0,0.0
action,MovLft,head-flat,0.866383949915568,0.14963026561831036,0.0,0.0,0.0
action,MovLft,head-phrase,1.3722860018412273,0.050321796219847816,0.0,0.0,0.0
action,MovLft,head-shuffled,0.29498644669850665,0.017972586690311352,0.0,0.0,0.0
action,MovLft,stage5,0.866383949915568,0.14963026561831036,0.0,0.0,0.0
action,MovLft,stage6,0.866383949915568,0.14963026561831036,0.0,0.0,0.0
action,MovLft,fusion-flat-evidence,0.866383949915568,0.14963026561831036,0.0,0.0,0.0
action,MovLft,fusion-shuffled,0.866383949915568,0.14963026561831036,0.0,0.0,0.0
action,Ovtak,head-flat,0.18919382244348526,0.17083207978976567,0.0,0.0,0.0
action,Ovtak,head-phrase,0.35077465573946637,0.030925573952519655,0.0,0.0,0.0
action,Ovtak,head-shuffled,0.11335782210032146,0.017049152713479503,0.0,0.0,0.0
action,Ovtak,stage5,0.18919382244348526,0.17083207978976567,0.0,0.0,0.0
action,Ovtak,stage6,0.18919382244348526,0.17083207978976567,0.0,0.0,0.0
action,Ovtak,fusion-flat-evidence,0.18919382244348526,0.17083207978976567,0.0,0.0,0.0
action,Ovtak,fusion-shuffled,0.18919382244348526,0.17083207978976567,0.0,0.0,0.0
action,Wait2X,head-flat,19.486066182454426,0.21635456282715615,0.0,0.0,0.0
action,Wait2X,head-phrase,21.031290690104168,0.1629901973692933,0.0,0.0,0.0
action,Wait2X,head-shuffled,12.147052764892578,2.456768510672842,0.0,0.0,0.0
action,Wait2X,stage5,19.486066182454426,0.21635456282715615,0.0,0.0,0.0
action,Wait2X,stage6,19.486066182454426,0.21635456282715615,0.0,0.0,0.0
action,Wait2X,fusion-flat-evidence,19.486066182454426,0.21635456282715615,0.0,0.0,0.0
action,Wait2X,fusion-shuffled,19.486066182454426,0.21635456282715615,0.0,0.0,0.0
action,XingFmLft,head-flat,14.477782567342123,0.872556209266145,0.0,0.0,0.0
action,XingFmLft,head-phrase,14.719854036966959,0.22003939121990057,0.0,0.0,0.0
action,XingFmLft,head-shuffled,10.04075845082601,0.22234191470052234,0.0,0.0,0.0
action,XingFmLft,stage5,14.477782567342123,0.872556209266145,0.0,0.0,0.0
action,XingFmLft,stage6,14.477782567342123,0.872556209266145,0.0,0.0,0.0
action,XingFmLft,fusion-flat-evidence,14.477782567342123,0.872556209266145,0.0,0.0,0.0
action,XingFmLft,fusion-shuffled,14.477782567342123,0.872556209266145,0.0,0.0,0.0
action,XingFmRht,head-flat,17.252430597941082,1.3504768746496831,0.0,0.0,0.0
action,XingFmRht,head-phrase,17.21417490641276,0.1856947711507571,0.0,0.0,0.0
action,XingFmRht,head-shuffled,10.54658031463623,0.35084544819739166,0.0,0.0,0.0
action,XingFmRht,stage5,17.252430597941082,1.3504768746496831,0.0,0.0,0.0
action,XingFmRht,stage6,17.252430597941082,1.3504768746496831,0.0,0.0,0.0
action,XingFmRht,fusion-flat-evidence,17.252430597941082,1.3504768746496831,0.0,0.0,0.0
action,XingFmRht,fusion-shuffled,17.252430597941082,1.3504768746496831,0.0,0.0,0.0
action,Xing,head-flat,23.666220982869465,1.1266787561363618,0.0,0.0,0.0
action,Xing,head-phrase,22.376686096191406,0.05095900715244239,0.0,0.0,0.0
action,Xing,head-shuffled,9.707491874694824,3.400710255276049,0.0,0.0,0.0
action,Xing,stage5,23.666220982869465,1.1266787561363618,0.0,0.0,0.0
action,Xing,stage6,23.666220982869465,1.1266787561363618,0.0,0.0,0.0
action,Xing,fusion-flat-evidence,23.666220982869465,1.1266787561363618,0.0,0.0,0.0
action,Xing,fusion-shuffled,23.666220982869465,1.1266787561363618,0.0,0.0,0.0
action,PushObj,head-flat,3.0879573822021484,0.4536304205806037,0.0,0.0,0.0
action,PushObj,head-phrase,6.07650629679362,0.27609054863866317,0.0,0.0,0.0
action,PushObj,head-shuffled,5.652605215708415,0.3551626760613695,0.0,0.0,0.0
action,PushObj,stage5,3.0879573822021484,0.4536304205806037,0.0,0.0,0.0
action,PushObj,stage6,3.0879573822021484,0.4536304205806037,0.0,0.0,0.0
action,PushObj,fusion-flat-evidence,3.0879573822021484,0.4536304205806037,0.0,0.0,0.0
action,PushObj,fusion-shuffled,3.0879573822021484,0.4536304205806037,0.0,0.0,0.0
loc,VehLane,head-flat,34.02146593729655,2.748092181117536,0.0,0.0,0.0
loc,VehLane,head-phrase,34.74746068318685,0.49932657764600247,0.0,0.0,0.0
loc,VehLane,head-shuffled,31.153186162312824,1.2833426613053829,0.0,0.0,0.0
loc,VehLane,stage5,34.02146593729655,2.748092181117536,0.0,0.0,0.0
loc,VehLane,stage6,34.02146593729655,2.748092181117536,0.0,0.0,0.0
loc,VehLane,fusion-flat-evidence,34.02146593729655,2.748092181117536,0.0,0.0,0.0
loc,VehLane,fusion-shuffled,34.02146593729655,2.748092181117536,0.0,0.0,0.0
loc,OutgoLane,head-flat,41.22659683227539,1.002745526648629,0.0,0.0,0.0
loc,OutgoLane,head-phrase,41.179028828938804,0.5268037796287185,0.0,0.0,0.0
loc,OutgoLane,head-shuffled,36.12945683797201,1.1195211962579503,0.0,0.0,0.0
loc,OutgoLane,stage5,41.22659683227539,1.002745526648629,0.0,0.0,0.0
loc,OutgoLane,stage6,41.22659683227539,1.002745526648629,0.0,0.0,0.0
loc,OutgoLane,fusion-flat-evidence,41.22659683227539,1.002745526648629,0.0,0.0,0.0
loc,OutgoLane,fusion-shuffled,41.22659683227539,1.002745526648629,0.0,0.0,0.0
loc,OutgoCycLane,head-flat,0.24417987714211145,0.148883793775348,0.0,0.0,0.0
loc,OutgoCycLane,head-phrase,0.5688110490640005,0.07392086608497668,0.0,0.0,0.0
loc,OutgoCycLane,head-shuffled,0.02224682147304217,0.000604900916367523,0.0,0.0,0.0
loc,OutgoCycLane,stage5,0.24417987714211145,0.148883793775348,0.0,0.0,0.0
loc,OutgoCycLane,stage6,0.24417987714211145,0.148883793775348,0.0,0.0,0.0
loc,OutgoCycLane,fusion-flat-evidence,0.24417987714211145,0.148883793775348,0.0,0.0,0.0
loc,OutgoCycLane,fusion-shuffled,0.24417987714211145,0.148883793775348,0.0,0.0,0.0
loc,OutgoBusLane,head-flat,3.104477564493815,1.2020158330314614,0.0,0.0,0.0
loc,OutgoBusLane,head-phrase,3.1357075373331704,0.0389088634131192,0.0,0.0,0.0
loc,OutgoBusLane,head-shuffled,0.6985324819882711,0.1720590093806201,0.0,0.0,0.0
loc,OutgoBusLane,stage5,3.104477564493815,1.2020158330314614,0.0,0.0,0.0
loc,OutgoBusLane,stage6,3.104477564493815,1.2020158330314614,0.0,0.0,0.0
loc,OutgoBusLane,fusion-flat-evidence,3.104477564493815,1.2020158330314614,0.0,0.0,0.0
loc,OutgoBusLane,fusion-shuffled,3.104477564493815,1.2020158330314614,0.0,0.0,0.0
loc,IncomLane,head-flat,38.25688552856445,1.9029826264860605,0.0,0.0,0.0
loc,IncomLane,head-phrase,40.134281158447266,0.4372466000065644,0.0,0.0,0.0
loc,IncomLane,head-shuffled,33.95934168497721,0.8992582339032942,0.0,0.0,0.0
loc,IncomLane,stage5,38.25688552856445,1.9029826264860605,0.0,0.0,0.0
loc,IncomLane,stage6,38.25688552856445,1.9029826264860605,0.0,0.0,0.0
loc,IncomLane,fusion-flat-evidence,38.25688552856445,1.9029826264860605,0.0,0.0,0.0
loc,IncomLane,fusion-shuffled,38.25688552856445,1.9029826264860605,0.0,0.0,0.0
loc,IncomCycLane,head-flat,1.2027726968129475,0.5821041385644807,0.0,0.0,0.0
loc,IncomCycLane,head-phrase,0.7970162828763326,0.1355571210938296,0.0,0.0,0.0
loc,IncomCycLane,head-shuffled,0.017948162431518238,0.0001362717121450492,0.0,0.0,0.0
loc,IncomCycLane,stage5,1.2027726968129475,0.5821041385644807,0.0,0.0,0.0
loc,IncomCycLane,stage6,1.2027726968129475,0.5821041385644807,0.0,0.0,0.0
loc,IncomCycLane,fusion-flat-evidence,1.2027726968129475,0.5821041385644807,0.0,0.0,0.0
loc,IncomCycLane,fusion-shuffled,1.2027726968129475,0.5821041385644807,0.0,0.0,0.0
loc,IncomBusLane,head-flat,16.811475435892742,3.154257993881351,0.0,0.0,0.0
loc,IncomBusLane,head-phrase,6.673799196879069,0.20073728147219408,0.0,0.0,0.0
loc,IncomBusLane,head-shuffled,2.7037145694096885,0.9833750872303585,0.0,0.0,0.0
loc,IncomBusLane,stage5,16.811475435892742,3.154257993881351,0.0,0.0,0.0
loc,IncomBusLane,stage6,16.811475435892742,3.154257993881351,0.0,0.0,0.0
loc,IncomBusLane,fusion-flat-evidence,16.811475435892742,3.154257993881351,0.0,0.0,0.0
loc,IncomBusLane,fusion-shuffled,16.811475435892742,3.154257993881351,0.0,0.0,0.0
loc,Pav,head-flat,10.36567211151123,0.784349549834616,0.0,0.0,0.0
loc,Pav,head-phrase,8.165148735046387,0.20802894597114951,0.0,0.0,0.0
loc,Pav,head-shuffled,7.177421569824219,0.39676705696376147,0.0,0.0,0.0
loc,Pav,stage5,10.36567211151123,0.784349549834616,0.0,0.0,0.0
loc,Pav,stage6,10.36567211151123,0.784349549834616,0.0,0.0,0.0
loc,Pav,fusion-flat-evidence,10.36567211151123,0.784349549834616,0.0,0.0,0.0
loc,Pav,fusion-shuffled,10.36567211151123,0.784349549834616,0.0,0.0,0.0
loc,LftPav,head-flat,34.59406534830729,1.6722297380475442,0.0,0.0,0.0
loc,LftPav,head-phrase,23.933598200480144,0.3551050909544484,0.0,0.0,0.0
loc,LftPav,head-shuffled,22.699042002360027,1.3983182039574857,0.0,0.0,0.0
loc,LftPav,stage5,34.59406534830729,1.6722297380475442,0.0,0.0,0.0
loc,LftPav,stage6,34.59406534830729,1.6722297380475442,0.0,0.0,0.0
loc,LftPav,fusion-flat-evidence,34.59406534830729,1.6722297380475442,0.0,0.0,0.0
loc,LftPav,fusion-shuffled,34.59406534830729,1.6722297380475442,0.0,0.0,0.0
loc,RhtPav,head-flat,40.980916341145836,0.9720260819054897,0.0,0.0,0.0
loc,RhtPav,head-phrase,34.59012985229492,0.22930883736174718,0.0,0.0,0.0
loc,RhtPav,head-shuffled,29.530039469401043,1.0957693278072274,0.0,0.0,0.0
loc,RhtPav,stage5,40.980916341145836,0.9720260819054897,0.0,0.0,0.0
loc,RhtPav,stage6,40.980916341145836,0.9720260819054897,0.0,0.0,0.0
loc,RhtPav,fusion-flat-evidence,40.980916341145836,0.9720260819054897,0.0,0.0,0.0
loc,RhtPav,fusion-shuffled,40.980916341145836,0.9720260819054897,0.0,0.0,0.0
loc,Jun,head-flat,32.183850606282554,2.643521323546426,0.0,0.0,0.0
loc,Jun,head-phrase,34.92738723754883,0.18099722541297023,0.0,0.0,0.0
loc,Jun,head-shuffled,34.22871398925781,0.1861248835233183,0.0,0.0,0.0
loc,Jun,stage5,32.183850606282554,2.643521323546426,0.0,0.0,0.0
loc,Jun,stage6,32.183850606282554,2.643521323546426,0.0,0.0,0.0
loc,Jun,fusion-flat-evidence,32.183850606282554,2.643521323546426,0.0,0.0,0.0
loc,Jun,fusion-shuffled,32.183850606282554,2.643521323546426,0.0,0.0,0.0
loc,xing,head-flat,14.068869272867838,1.322626235174416,0.0,0.0,0.0
loc,xing,head-phrase,10.4058837890625,0.18313530530083433,0.0,0.0,0.0
loc,xing,head-shuffled,8.661339124043783,0.5565436735441913,0.0,0.0,0.0
loc,xing,stage5,14.068869272867838,1.322626235174416,0.0,0.0,0.0
loc,xing,stage6,14.068869272867838,1.322626235174416,0.0,0.0,0.0
loc,xing,fusion-flat-evidence,14.068869272867838,1.322626235174416,0.0,0.0,0.0
loc,xing,fusion-shuffled,14.068869272867838,1.322626235174416,0.0,0.0,0.0
loc,BusStop,head-flat,5.3182768026987715,3.7058043587305045,0.0,0.0,0.0
loc,BusStop,head-phrase,10.327609380086264,0.05976800308863562,0.0,0.0,0.0
loc,BusStop,head-shuffled,1.4435019890467327,0.03342232519695695,0.0,0.0,0.0
loc,BusStop,stage5,5.3182768026987715,3.7058043587305045,0.0,0.0,0.0
loc,BusStop,stage6,5.3182768026987715,3.7058043587305045,0.0,0.0,0.0
loc,BusStop,fusion-flat-evidence,5.3182768026987715,3.7058043587305045,0.0,0.0,0.0
loc,BusStop,fusion-shuffled,5.3182768026987715,3.7058043587305045,0.0,0.0,0.0
loc,parking,head-flat,3.1551173528035483,0.19610878174739663,0.0,0.0,0.0
loc,parking,head-phrase,2.63661519686381,0.27457437172218074,0.0,0.0,0.0
loc,parking,head-shuffled,0.8224334518114725,0.023217014963388943,0.0,0.0,0.0
loc,parking,stage5,3.1551173528035483,0.19610878174739663,0.0,0.0,0.0
loc,parking,stage6,3.1551173528035483,0.19610878174739663,0.0,0.0,0.0
loc,parking,fusion-flat-evidence,3.1551173528035483,0.19610878174739663,0.0,0.0,0.0
loc,parking,fusion-shuffled,3.1551173528035483,0.19610878174739663,0.0,0.0,0.0
loc,LftParking,head-flat,42.250073750813804,0.6188109278127745,0.0,0.0,0.0
loc,LftParking,head-phrase,31.636533737182617,0.7788638491469726,0.0,0.0,0.0
loc,LftParking,head-shuffled,38.786965688069664,0.3402942323733871,0.0,0.0,0.0
loc,LftParking,stage5,42.250073750813804,0.6188109278127745,0.0,0.0,0.0
loc,LftParking,stage6,42.250073750813804,0.6188109278127745,0.0,0.0,0.0
loc,LftParking,fusion-flat-evidence,42.250073750813804,0.6188109278127745,0.0,0.0,0.0
loc,LftParking,fusion-shuffled,42.250073750813804,0.6188109278127745,0.0,0.0,0.0
loc,rightParking,head-flat,42.28030776977539,0.54423440958888,0.0,0.0,0.0
loc,rightParking,head-phrase,30.388768513997395,0.28432964957755896,0.0,0.0,0.0
loc,rightParking,head-shuffled,34.01452382405599,1.4991309955344148,0.0,0.0,0.0
loc,rightParking,stage5,42.28030776977539,0.54423440958888,0.0,0.0,0.0
loc,rightParking,stage6,42.28030776977539,0.54423440958888,0.0,0.0,0.0
loc,rightParking,fusion-flat-evidence,42.28030776977539,0.54423440958888,0.0,0.0,0.0
loc,rightParking,fusion-shuffled,42.28030776977539,0.54423440958888,0.0,0.0,0.0
duplex,Ped-MovAway,head-flat,25.91348711649577,0.7968149278162048,-1.628866195678711,0.8462924957275391,-0.019521713256835938
duplex,Ped-MovAway,head-phrase,22.342241287231445,0.5804857176476048,-1.628866195678711,0.8462924957275391,-0.019521713256835938
duplex,Ped-MovAway,head-shuffled,17.614866256713867,0.0817440694572026,-1.628866195678711,0.8462924957275391,-0.019521713256835938
duplex,Ped-MovAway,stage5,28.676979700724285,0.9334790021917584,-1.628866195678711,0.8462924957275391,-0.019521713256835938
duplex,Ped-MovAway,stage6,28.40961456298828,0.5993629379499178,-1.628866195678711,0.8462924957275391,-0.019521713256835938
duplex,Ped-MovAway,fusion-flat-evidence,29.531064987182617,0.9871906788228271,-1.628866195678711,0.8462924957275391,-0.019521713256835938
duplex,Ped-MovAway,fusion-shuffled,28.81255276997884,0.7852856986396504,-1.628866195678711,0.8462924957275391,-0.019521713256835938
duplex,Ped-MovTow,head-flat,30.929049173990887,1.5008400987739954,1.2829132080078125,0.14844512939453125,1.7335281372070312
duplex,Ped-MovTow,head-phrase,26.84326108296712,0.6787860957828249,1.2829132080078125,0.14844512939453125,1.7335281372070312
duplex,Ped-MovTow,head-shuffled,15.84777800242106,0.7805740353922117,1.2829132080078125,0.14844512939453125,1.7335281372070312
duplex,Ped-MovTow,stage5,33.27380625406901,1.3610810434643943,1.2829132080078125,0.14844512939453125,1.7335281372070312
duplex,Ped-MovTow,stage6,34.32876841227213,0.5938990000524014,1.2829132080078125,0.14844512939453125,1.7335281372070312
duplex,Ped-MovTow,fusion-flat-evidence,34.38429387410482,0.5626114953783553,1.2829132080078125,0.14844512939453125,1.7335281372070312
duplex,Ped-MovTow,fusion-shuffled,34.38080851236979,0.4024285411384807,1.2829132080078125,0.14844512939453125,1.7335281372070312
duplex,Ped-Mov,head-flat,11.640634218851725,0.4009990602519592,-0.8039131164550781,-0.031099319458007812,-1.7390823364257812
duplex,Ped-Mov,head-phrase,9.981064478556315,0.12450714227580935,-0.8039131164550781,-0.031099319458007812,-1.7390823364257812
duplex,Ped-Mov,head-shuffled,4.04068390528361,1.420010045054537,-0.8039131164550781,-0.031099319458007812,-1.7390823364257812
duplex,Ped-Mov,stage5,14.959126154581705,0.1651962790903898,-0.8039131164550781,-0.031099319458007812,-1.7390823364257812
duplex,Ped-Mov,stage6,14.101094563802084,0.7187720781407189,-0.8039131164550781,-0.031099319458007812,-1.7390823364257812
duplex,Ped-Mov,fusion-flat-evidence,14.721234957377115,0.6716479668644545,-0.8039131164550781,-0.031099319458007812,-1.7390823364257812
duplex,Ped-Mov,fusion-shuffled,14.885773340861002,0.6703083124432456,-0.8039131164550781,-0.031099319458007812,-1.7390823364257812
duplex,Ped-Stop,head-flat,25.994072596232098,1.0665310729941844,-0.2556953430175781,-0.5238437652587891,1.033834457397461
duplex,Ped-Stop,head-phrase,25.041816075642902,0.30867983350946515,-0.2556953430175781,-0.5238437652587891,1.033834457397461
duplex,Ped-Stop,head-shuffled,21.906415939331055,0.33675242128483607,-0.2556953430175781,-0.5238437652587891,1.033834457397461
duplex,Ped-Stop,stage5,30.381582895914715,0.6858524235935176,-0.2556953430175781,-0.5238437652587891,1.033834457397461
duplex,Ped-Stop,stage6,30.46634801228841,0.47424150888516436,-0.2556953430175781,-0.5238437652587891,1.033834457397461
duplex,Ped-Stop,fusion-flat-evidence,30.36469014485677,0.5317700244498575,-0.2556953430175781,-0.5238437652587891,1.033834457397461
duplex,Ped-Stop,fusion-shuffled,30.453861236572266,0.5427634880915554,-0.2556953430175781,-0.5238437652587891,1.033834457397461
duplex,Ped-Wait2X,head-flat,23.10024642944336,0.6879627520493488,-2.3999710083007812,0.9981632232666016,4.479555130004883
duplex,Ped-Wait2X,head-phrase,25.41958236694336,0.26169110330641765,-2.3999710083007812,0.9981632232666016,4.479555130004883
duplex,Ped-Wait2X,head-shuffled,7.406890233357747,0.8192534467976155,-2.3999710083007812,0.9981632232666016,4.479555130004883
duplex,Ped-Wait2X,stage5,28.506994247436523,2.518642874261471,-2.3999710083007812,0.9981632232666016,4.479555130004883
duplex,Ped-Wait2X,stage6,29.532910029093426,0.9282871954863822,-2.3999710083007812,0.9981632232666016,4.479555130004883
duplex,Ped-Wait2X,fusion-flat-evidence,28.94601058959961,1.2413052652725989,-2.3999710083007812,0.9981632232666016,4.479555130004883
duplex,Ped-Wait2X,fusion-shuffled,30.293887456258137,1.304677081466536,-2.3999710083007812,0.9981632232666016,4.479555130004883
duplex,Ped-XingFmLft,head-flat,16.919373512268066,1.185652979739537,0.07017707824707031,-0.6335163116455078,0.5479297637939453
duplex,Ped-XingFmLft,head-phrase,17.539620717366535,0.15405712793901177,0.07017707824707031,-0.6335163116455078,0.5479297637939453
duplex,Ped-XingFmLft,head-shuffled,13.778696695963541,1.4738027121105683,0.07017707824707031,-0.6335163116455078,0.5479297637939453
duplex,Ped-XingFmLft,stage5,19.072824478149414,1.026935936418366,0.07017707824707031,-0.6335163116455078,0.5479297637939453
duplex,Ped-XingFmLft,stage6,19.06768798828125,1.0518630223152399,0.07017707824707031,-0.6335163116455078,0.5479297637939453
duplex,Ped-XingFmLft,fusion-flat-evidence,19.023249944051106,1.182486158268928,0.07017707824707031,-0.6335163116455078,0.5479297637939453
duplex,Ped-XingFmLft,fusion-shuffled,19.726277669270832,1.158015792294039,0.07017707824707031,-0.6335163116455078,0.5479297637939453
duplex,Ped-XingFmRht,head-flat,23.334087371826172,0.2283660621106895,1.5608978271484375,0.012361526489257812,-0.18024826049804688
duplex,Ped-XingFmRht,head-phrase,21.88060760498047,0.12680969424699068,1.5608978271484375,0.012361526489257812,-0.18024826049804688
duplex,Ped-XingFmRht,head-shuffled,22.154774347941082,0.4077292282489303,1.5608978271484375,0.012361526489257812,-0.18024826049804688
duplex,Ped-XingFmRht,stage5,24.979702631632488,1.6487214828833148,1.5608978271484375,0.012361526489257812,-0.18024826049804688
duplex,Ped-XingFmRht,stage6,25.444039662679035,1.9907339000035817,1.5608978271484375,0.012361526489257812,-0.18024826049804688
duplex,Ped-XingFmRht,fusion-flat-evidence,25.894927978515625,0.9612057911997656,1.5608978271484375,0.012361526489257812,-0.18024826049804688
duplex,Ped-XingFmRht,fusion-shuffled,24.907492955525715,1.7340859423239354,1.5608978271484375,0.012361526489257812,-0.18024826049804688
duplex,Ped-Xing,head-flat,22.928149541219074,2.427351879980209,-0.41201019287109375,1.0584945678710938,-1.5709857940673828
duplex,Ped-Xing,head-phrase,21.49837366739909,0.21336264977952443,-0.41201019287109375,1.0584945678710938,-1.5709857940673828
duplex,Ped-Xing,head-shuffled,20.033437093098957,0.9006876507580501,-0.41201019287109375,1.0584945678710938,-1.5709857940673828
duplex,Ped-Xing,stage5,27.563622792561848,0.9274518848580933,-0.41201019287109375,1.0584945678710938,-1.5709857940673828
duplex,Ped-Xing,stage6,27.255455652872723,1.8382866353707308,-0.41201019287109375,1.0584945678710938,-1.5709857940673828
duplex,Ped-Xing,fusion-flat-evidence,27.366435368855793,1.4368573671103975,-0.41201019287109375,1.0584945678710938,-1.5709857940673828
duplex,Ped-Xing,fusion-shuffled,28.53327814737956,1.4670309209033074,-0.41201019287109375,1.0584945678710938,-1.5709857940673828
duplex,Ped-PushObj,head-flat,2.9352165857950845,0.5296345163521794,0.9167969226837158,1.033555030822754,-1.8077256679534912
duplex,Ped-PushObj,head-phrase,5.86362091700236,0.18270914128432317,0.9167969226837158,1.033555030822754,-1.8077256679534912
duplex,Ped-PushObj,head-shuffled,3.7134130795796714,0.616937921193839,0.9167969226837158,1.033555030822754,-1.8077256679534912
duplex,Ped-PushObj,stage5,4.742152611414592,0.8979571439671126,0.9167969226837158,1.033555030822754,-1.8077256679534912
duplex,Ped-PushObj,stage6,4.789694706598918,0.8730609454475491,0.9167969226837158,1.033555030822754,-1.8077256679534912
duplex,Ped-PushObj,fusion-flat-evidence,5.019492944081624,0.8032404600170261,0.9167969226837158,1.033555030822754,-1.8077256679534912
duplex,Ped-PushObj,fusion-shuffled,4.495849609375,0.9757982794725555,0.9167969226837158,1.033555030822754,-1.8077256679534912
duplex,Car-MovAway,head-flat,42.36758041381836,1.5852203558013835,-0.13773345947265625,-0.245819091796875,-0.5637054443359375
duplex,Car-MovAway,head-phrase,40.6944580078125,0.971941609647879,-0.13773345947265625,-0.245819091796875,-0.5637054443359375
duplex,Car-MovAway,head-shuffled,37.52105840047201,0.40846989585088217,-0.13773345947265625,-0.245819091796875,-0.5637054443359375
duplex,Car-MovAway,stage5,46.473585764567055,0.46808297987949005,-0.13773345947265625,-0.245819091796875,-0.5637054443359375
duplex,Car-MovAway,stage6,46.157833099365234,0.6490778249443011,-0.13773345947265625,-0.245819091796875,-0.5637054443359375
duplex,Car-MovAway,fusion-flat-evidence,46.28453826904297,0.47778615729201307,-0.13773345947265625,-0.245819091796875,-0.5637054443359375
duplex,Car-MovAway,fusion-shuffled,46.31199391682943,0.6174029858735972,-0.13773345947265625,-0.245819091796875,-0.5637054443359375
duplex,Car-MovTow,head-flat,30.422955830891926,3.464746171295705,0.3605842590332031,-0.3785591125488281,-1.4807090759277344
duplex,Car-MovTow,head-phrase,27.83687400817871,1.3143132125204982,0.3605842590332031,-0.3785591125488281,-1.4807090759277344
duplex,Car-MovTow,head-shuffled,31.562157948811848,0.41603525549334003,0.3605842590332031,-0.3785591125488281,-1.4807090759277344
duplex,Car-MovTow,stage5,35.89853286743164,0.5914000516656467,0.3605842590332031,-0.3785591125488281,-1.4807090759277344
duplex,Car-MovTow,stage6,35.39897155761719,0.3648632324377778,0.3605842590332031,-0.3785591125488281,-1.4807090759277344
duplex,Car-MovTow,fusion-flat-evidence,35.73174540201823,0.35980795762600776,0.3605842590332031,-0.3785591125488281,-1.4807090759277344
duplex,Car-MovTow,fusion-shuffled,36.07060750325521,0.18121347038433336,0.3605842590332031,-0.3785591125488281,-1.4807090759277344
duplex,Car-Brake,head-flat,28.845850626627605,7.844151455698486,0.954864501953125,1.1470756530761719,1.3423118591308594
duplex,Car-Brake,head-phrase,39.19520060221354,0.7533353814119631,0.954864501953125,1.1470756530761719,1.3423118591308594
duplex,Car-Brake,head-shuffled,32.89781824747721,0.34213860306155686,0.954864501953125,1.1470756530761719,1.3423118591308594
duplex,Car-Brake,stage5,39.86316808064779,1.4087827410817348,0.954864501953125,1.1470756530761719,1.3423118591308594
duplex,Car-Brake,stage6,41.011252085367836,1.3713452758738618,0.954864501953125,1.1470756530761719,1.3423118591308594
duplex,Car-Brake,fusion-flat-evidence,40.497973124186196,1.0729792037849246,0.954864501953125,1.1470756530761719,1.3423118591308594
duplex,Car-Brake,fusion-shuffled,40.15600077311198,0.9299229974601463,0.954864501953125,1.1470756530761719,1.3423118591308594
duplex,Car-Stop,head-flat,50.47468058268229,0.32504765326969437,-0.1145477294921875,0.10683441162109375,-0.4427452087402344
duplex,Car-Stop,head-phrase,50.05758412679037,0.6304703717383416,-0.1145477294921875,0.10683441162109375,-0.4427452087402344
duplex,Car-Stop,head-shuffled,43.486464182535805,0.8216536339967236,-0.1145477294921875,0.10683441162109375,-0.4427452087402344
duplex,Car-Stop,stage5,53.05952835083008,0.6417537336993471,-0.1145477294921875,0.10683441162109375,-0.4427452087402344
duplex,Car-Stop,stage6,52.909375508626304,0.41612700545778286,-0.1145477294921875,0.10683441162109375,-0.4427452087402344
duplex,Car-Stop,fusion-flat-evidence,52.77151107788086,0.34144134650961133,-0.1145477294921875,0.10683441162109375,-0.4427452087402344
duplex,Car-Stop,fusion-shuffled,53.00256093343099,0.5128741179942393,-0.1145477294921875,0.10683441162109375,-0.4427452087402344
duplex,Car-IncatLft,head-flat,5.037585258483887,2.1724335475046535,2.403776168823242,-1.3563075065612793,-0.6425952911376953
duplex,Car-IncatLft,head-phrase,7.255545298258464,0.3497398465344929,2.403776168823242,-1.3563075065612793,-0.6425952911376953
duplex,Car-IncatLft,head-shuffled,5.423407077789307,0.3836623337314074,2.403776168823242,-1.3563075065612793,-0.6425952911376953
duplex,Car-IncatLft,stage5,9.062270482381185,1.057131361908756,2.403776168823242,-1.3563075065612793,-0.6425952911376953
duplex,Car-IncatLft,stage6,9.197228272755941,1.4999232627233106,2.403776168823242,-1.3563075065612793,-0.6425952911376953
duplex,Car-IncatLft,fusion-flat-evidence,9.199175834655762,1.4787926280189254,2.403776168823242,-1.3563075065612793,-0.6425952911376953
duplex,Car-IncatLft,fusion-shuffled,9.490444819132486,2.2523297826158486,2.403776168823242,-1.3563075065612793,-0.6425952911376953
duplex,Car-IncatRht,head-flat,2.3059473037719727,0.19588828002105127,0.1063845157623291,-0.6268339157104492,-0.25092101097106934
duplex,Car-IncatRht,head-phrase,2.641533692677816,0.056523540694879484,0.1063845157623291,-0.6268339157104492,-0.25092101097106934
duplex,Car-IncatRht,head-shuffled,1.7764254013697307,0.10822631284609967,0.1063845157623291,-0.6268339157104492,-0.25092101097106934
duplex,Car-IncatRht,stage5,3.6312172412872314,0.49070374706848013,0.1063845157623291,-0.6268339157104492,-0.25092101097106934
duplex,Car-IncatRht,stage6,3.374093770980835,0.1363816256021109,0.1063845157623291,-0.6268339157104492,-0.25092101097106934
duplex,Car-IncatRht,fusion-flat-evidence,3.4931184450785318,0.1884119930988147,0.1063845157623291,-0.6268339157104492,-0.25092101097106934
duplex,Car-IncatRht,fusion-shuffled,3.331937630971273,0.3266439115340013,0.1063845157623291,-0.6268339157104492,-0.25092101097106934
duplex,Car-HazLit,head-flat,0.7522660692532858,0.1252703928315679,0.17238759994506836,0.03439021110534668,-0.2746853828430176
duplex,Car-HazLit,head-phrase,1.6815955638885498,0.0422337147954011,0.17238759994506836,0.03439021110534668,-0.2746853828430176
duplex,Car-HazLit,head-shuffled,0.595859169960022,0.034852350016446196,0.17238759994506836,0.03439021110534668,-0.2746853828430176
duplex,Car-HazLit,stage5,1.5867701768875122,0.3702565991577026,0.17238759994506836,0.03439021110534668,-0.2746853828430176
duplex,Car-HazLit,stage6,1.5641343196233113,0.21451470483223983,0.17238759994506836,0.03439021110534668,-0.2746853828430176
duplex,Car-HazLit,fusion-flat-evidence,1.7818506558736165,0.586225747150145,0.17238759994506836,0.03439021110534668,-0.2746853828430176
duplex,Car-HazLit,fusion-shuffled,1.3805984258651733,0.44929967091294165,0.17238759994506836,0.03439021110534668,-0.2746853828430176
duplex,Car-TurLft,head-flat,6.252822717030843,0.8004935070036863,0.475557804107666,-0.7392592430114746,0.641728401184082
duplex,Car-TurLft,head-phrase,6.042873541514079,0.15307978262969868,0.475557804107666,-0.7392592430114746,0.641728401184082
duplex,Car-TurLft,head-shuffled,2.1727734009424844,0.5299113578008744,0.475557804107666,-0.7392592430114746,0.641728401184082
duplex,Car-TurLft,stage5,7.487754185994466,0.6212017606943039,0.475557804107666,-0.7392592430114746,0.641728401184082
duplex,Car-TurLft,stage6,7.613763173421224,0.17306803348477448,0.475557804107666,-0.7392592430114746,0.641728401184082
duplex,Car-TurLft,fusion-flat-evidence,8.351462682088217,0.27523732501391934,0.475557804107666,-0.7392592430114746,0.641728401184082
duplex,Car-TurLft,fusion-shuffled,7.478463172912598,0.7254377179508307,0.475557804107666,-0.7392592430114746,0.641728401184082
duplex,Car-TurRht,head-flat,5.654660542805989,0.36200563488138293,0.5485734939575195,0.9532022476196289,-0.19382953643798828
duplex,Car-TurRht,head-phrase,6.415872573852539,0.24259848880392887,0.5485734939575195,0.9532022476196289,-0.19382953643798828
duplex,Car-TurRht,head-shuffled,3.721030076344808,0.5151111169708559,0.5485734939575195,0.9532022476196289,-0.19382953643798828
duplex,Car-TurRht,stage5,7.761715412139893,0.8302174291107959,0.5485734939575195,0.9532022476196289,-0.19382953643798828
duplex,Car-TurRht,stage6,8.197697480519613,0.323258615671955,0.5485734939575195,0.9532022476196289,-0.19382953643798828
duplex,Car-TurRht,fusion-flat-evidence,8.30533742904663,0.8350639339832315,0.5485734939575195,0.9532022476196289,-0.19382953643798828
duplex,Car-TurRht,fusion-shuffled,7.8480814297993975,0.931390284613752,0.5485734939575195,0.9532022476196289,-0.19382953643798828
duplex,Car-MovRht,head-flat,0.8039029439290365,0.06332569491503406,0.30457210540771484,0.25459301471710205,-0.6859488487243652
duplex,Car-MovRht,head-phrase,1.0110514362653096,0.04499391336758414,0.30457210540771484,0.25459301471710205,-0.6859488487243652
duplex,Car-MovRht,head-shuffled,0.21306881308555603,0.00716069189309976,0.30457210540771484,0.25459301471710205,-0.6859488487243652
duplex,Car-MovRht,stage5,1.358424464861552,0.30184671850580747,0.30457210540771484,0.25459301471710205,-0.6859488487243652
duplex,Car-MovRht,stage6,1.3161632219950359,0.26756633985857337,0.30457210540771484,0.25459301471710205,-0.6859488487243652
duplex,Car-MovRht,fusion-flat-evidence,1.1985710859298706,0.20939884817044058,0.30457210540771484,0.25459301471710205,-0.6859488487243652
duplex,Car-MovRht,fusion-shuffled,1.2470182577768962,0.0566818395280979,0.30457210540771484,0.25459301471710205,-0.6859488487243652
duplex,Car-MovLft,head-flat,1.0781456033388774,0.1948200115059584,-2.1870877742767334,-0.383947491645813,0.4659254550933838
duplex,Car-MovLft,head-phrase,0.8899411956469218,0.0888983329408317,-2.1870877742767334,-0.383947491645813,0.4659254550933838
duplex,Car-MovLft,head-shuffled,0.6437599658966064,0.007484950866761585,-2.1870877742767334,-0.383947491645813,0.4659254550933838
duplex,Car-MovLft,stage5,2.5157978534698486,1.0978109666635696,-2.1870877742767334,-0.383947491645813,0.4659254550933838
duplex,Car-MovLft,stage6,1.8140945831934612,0.668173693682414,-2.1870877742767334,-0.383947491645813,0.4659254550933838
duplex,Car-MovLft,fusion-flat-evidence,1.2794139782587688,0.19423696469078086,-2.1870877742767334,-0.383947491645813,0.4659254550933838
duplex,Car-MovLft,fusion-shuffled,1.6479227542877197,0.7184564851285452,-2.1870877742767334,-0.383947491645813,0.4659254550933838
duplex,Car-XingFmLft,head-flat,11.292153040568033,1.7954135791599568,-0.4022865295410156,-1.4483661651611328,-0.03192424774169922
duplex,Car-XingFmLft,head-phrase,10.372145970662435,0.04033407168435425,-0.4022865295410156,-1.4483661651611328,-0.03192424774169922
duplex,Car-XingFmLft,head-shuffled,2.76224684715271,0.4062467127478786,-0.4022865295410156,-1.4483661651611328,-0.03192424774169922
duplex,Car-XingFmLft,stage5,13.165426890055338,1.0056833375210765,-0.4022865295410156,-1.4483661651611328,-0.03192424774169922
duplex,Car-XingFmLft,stage6,12.537901242574057,0.6524685973814525,-0.4022865295410156,-1.4483661651611328,-0.03192424774169922
duplex,Car-XingFmLft,fusion-flat-evidence,12.439597447713217,0.5769832170255438,-0.4022865295410156,-1.4483661651611328,-0.03192424774169922
duplex,Car-XingFmLft,fusion-shuffled,12.886646270751953,0.10753907499616962,-0.4022865295410156,-1.4483661651611328,-0.03192424774169922
duplex,Car-XingFmRht,head-flat,9.44653574625651,1.6103305099015282,0.4016580581665039,-0.36876583099365234,1.5180253982543945
duplex,Car-XingFmRht,head-phrase,10.722198486328125,0.3057974238786293,0.4016580581665039,-0.36876583099365234,1.5180253982543945
duplex,Car-XingFmRht,head-shuffled,1.7016334533691406,0.01332126272129213,0.4016580581665039,-0.36876583099365234,1.5180253982543945
duplex,Car-XingFmRht,stage5,11.859078089396158,0.6667446229058802,0.4016580581665039,-0.36876583099365234,1.5180253982543945
duplex,Car-XingFmRht,stage6,12.37605063120524,0.36775239033527124,0.4016580581665039,-0.36876583099365234,1.5180253982543945
duplex,Car-XingFmRht,fusion-flat-evidence,11.634767532348633,0.1696053365579705,0.4016580581665039,-0.36876583099365234,1.5180253982543945
duplex,Car-XingFmRht,fusion-shuffled,12.448854128519693,0.09468320075934744,0.4016580581665039,-0.36876583099365234,1.5180253982543945
duplex,Cyc-MovAway,head-flat,3.9341882864634194,1.455075016680326,-3.8476033210754395,4.183948755264282,1.2843246459960938
duplex,Cyc-MovAway,head-phrase,6.273950894673665,0.8162286238037562,-3.8476033210754395,4.183948755264282,1.2843246459960938
duplex,Cyc-MovAway,head-shuffled,0.25777286291122437,0.0521098039797227,-3.8476033210754395,4.183948755264282,1.2843246459960938
duplex,Cyc-MovAway,stage5,5.25289003054301,1.8701312050054903,-3.8476033210754395,4.183948755264282,1.2843246459960938
duplex,Cyc-MovAway,stage6,5.793113390604655,2.9525549600458394,-3.8476033210754395,4.183948755264282,1.2843246459960938
duplex,Cyc-MovAway,fusion-flat-evidence,6.237947305043538,0.826359649593697,-3.8476033210754395,4.183948755264282,1.2843246459960938
duplex,Cyc-MovAway,fusion-shuffled,7.190514882405599,2.719336108307714,-3.8476033210754395,4.183948755264282,1.2843246459960938
duplex,Cyc-MovTow,head-flat,1.5626349449157715,0.6513179463090366,-0.6020362377166748,0.041541099548339844,-0.48512232303619385
duplex,Cyc-MovTow,head-phrase,1.597612778345744,0.22725679269844054,-0.6020362377166748,0.041541099548339844,-0.48512232303619385
duplex,Cyc-MovTow,head-shuffled,0.033431276679039,0.001743024664765476,-0.6020362377166748,0.041541099548339844,-0.48512232303619385
duplex,Cyc-MovTow,stage5,2.176422953605652,0.8411289547837549,-0.6020362377166748,0.041541099548339844,-0.48512232303619385
duplex,Cyc-MovTow,stage6,1.8278837998708088,0.7652371383660224,-0.6020362377166748,0.041541099548339844,-0.48512232303619385
duplex,Cyc-MovTow,fusion-flat-evidence,1.9958432515462239,0.5855878098486328,-0.6020362377166748,0.041541099548339844,-0.48512232303619385
duplex,Cyc-MovTow,fusion-shuffled,1.840318997701009,0.6359574525019095,-0.6020362377166748,0.041541099548339844,-0.48512232303619385
duplex,Cyc-Stop,head-flat,1.5874782800674438,1.2052811402503427,-0.18749138712882996,1.4510853290557861,0.0006127357482910156
duplex,Cyc-Stop,head-phrase,0.8366475303967794,0.054280517087033,-0.18749138712882996,1.4510853290557861,0.0006127357482910156
duplex,Cyc-Stop,head-shuffled,0.36809905370076496,0.023876874515784862,-0.18749138712882996,1.4510853290557861,0.0006127357482910156
duplex,Cyc-Stop,stage5,0.580103208621343,0.19637033890178116,-0.18749138712882996,1.4510853290557861,0.0006127357482910156
duplex,Cyc-Stop,stage6,1.001505434513092,1.0288916536029369,-0.18749138712882996,1.4510853290557861,0.0006127357482910156
duplex,Cyc-Stop,fusion-flat-evidence,0.6395021229982376,0.5008094910314703,-0.18749138712882996,1.4510853290557861,0.0006127357482910156
duplex,Cyc-Stop,fusion-shuffled,0.9139865885178248,0.7366486808710373,-0.18749138712882996,1.4510853290557861,0.0006127357482910156
duplex,Mobike-Stop,head-flat,18.58233706156413,0.591362687859826,-0.8485565185546875,1.1798381805419922,-1.9840221405029297
duplex,Mobike-Stop,head-phrase,24.836482365926106,0.41086472550403935,-0.8485565185546875,1.1798381805419922,-1.9840221405029297
duplex,Mobike-Stop,head-shuffled,9.264404296875,0.5441953931231148,-0.8485565185546875,1.1798381805419922,-1.9840221405029297
duplex,Mobike-Stop,stage5,24.66590627034505,0.7541447008402712,-0.8485565185546875,1.1798381805419922,-1.9840221405029297
duplex,Mobike-Stop,stage6,24.11499277750651,1.2198943961747757,-0.8485565185546875,1.1798381805419922,-1.9840221405029297
duplex,Mobike-Stop,fusion-flat-evidence,24.211267471313477,1.3656756102575367,-0.8485565185546875,1.1798381805419922,-1.9840221405029297
duplex,Mobike-Stop,fusion-shuffled,23.57361094156901,2.6160525915469126,-0.8485565185546875,1.1798381805419922,-1.9840221405029297
duplex,MedVeh-MovAway,head-flat,11.888958295186361,1.7946360444357206,3.142435073852539,1.3289508819580078,1.9586868286132812
duplex,MedVeh-MovAway,head-phrase,13.633058230082193,1.2373602367827838,3.142435073852539,1.3289508819580078,1.9586868286132812
duplex,MedVeh-MovAway,head-shuffled,6.547632217407227,0.46057242182803865,3.142435073852539,1.3289508819580078,1.9586868286132812
duplex,MedVeh-MovAway,stage5,16.490116755167644,0.5356050184140079,3.142435073852539,1.3289508819580078,1.9586868286132812
duplex,MedVeh-MovAway,stage6,18.633474349975586,0.7475074003547536,3.142435073852539,1.3289508819580078,1.9586868286132812
duplex,MedVeh-MovAway,fusion-flat-evidence,19.29145050048828,1.7904068973382248,3.142435073852539,1.3289508819580078,1.9586868286132812
duplex,MedVeh-MovAway,fusion-shuffled,19.292339324951172,1.0243549037376594,3.142435073852539,1.3289508819580078,1.9586868286132812
duplex,MedVeh-MovTow,head-flat,5.597789764404297,0.6415095504203843,0.8552751541137695,-0.8640117645263672,1.1132731437683105
duplex,MedVeh-MovTow,head-phrase,5.526443799336751,0.6659100185776187,0.8552751541137695,-0.8640117645263672,1.1132731437683105
duplex,MedVeh-MovTow,head-shuffled,2.5311532020568848,0.208039385651645,0.8552751541137695,-0.8640117645263672,1.1132731437683105
duplex,MedVeh-MovTow,stage5,8.007779280344645,0.8854765108293405,0.8552751541137695,-0.8640117645263672,1.1132731437683105
duplex,MedVeh-MovTow,stage6,8.375958124796549,0.19006763383892222,0.8552751541137695,-0.8640117645263672,1.1132731437683105
duplex,MedVeh-MovTow,fusion-flat-evidence,8.433356602986654,0.43415894198588084,0.8552751541137695,-0.8640117645263672,1.1132731437683105
duplex,MedVeh-MovTow,fusion-shuffled,8.632401466369629,0.3165222651263549,0.8552751541137695,-0.8640117645263672,1.1132731437683105
duplex,MedVeh-Brake,head-flat,9.395000457763672,1.1256928162493347,6.013236045837402,1.6417980194091797,-0.2940397262573242
duplex,MedVeh-Brake,head-phrase,14.867218653361002,0.723736105563507,6.013236045837402,1.6417980194091797,-0.2940397262573242
duplex,MedVeh-Brake,head-shuffled,5.024035294850667,0.7069210498909186,6.013236045837402,1.6417980194091797,-0.2940397262573242
duplex,MedVeh-Brake,stage5,13.651649475097656,2.6046873808302275,6.013236045837402,1.6417980194091797,-0.2940397262573242
duplex,MedVeh-Brake,stage6,16.105314254760742,0.6295380498048705,6.013236045837402,1.6417980194091797,-0.2940397262573242
duplex,MedVeh-Brake,fusion-flat-evidence,14.444241841634115,1.486639441808093,6.013236045837402,1.6417980194091797,-0.2940397262573242
duplex,MedVeh-Brake,fusion-shuffled,14.896435737609863,3.462124819998683,6.013236045837402,1.6417980194091797,-0.2940397262573242
duplex,MedVeh-Stop,head-flat,16.060892422993977,1.4811188193266551,-0.6734962463378906,2.2154674530029297,-0.493621826171875
duplex,MedVeh-Stop,head-phrase,18.18929926554362,0.6519392821488599,-0.6734962463378906,2.2154674530029297,-0.493621826171875
duplex,MedVeh-Stop,head-shuffled,9.191787878672281,1.6440096648438065,-0.6734962463378906,2.2154674530029297,-0.493621826171875
duplex,MedVeh-Stop,stage5,18.58516565958659,0.6387731058120717,-0.6734962463378906,2.2154674530029297,-0.493621826171875
duplex,MedVeh-Stop,stage6,18.93461545308431,1.185213891357244,-0.6734962463378906,2.2154674530029297,-0.493621826171875
duplex,MedVeh-Stop,fusion-flat-evidence,18.869903564453125,0.8500397273687083,-0.6734962463378906,2.2154674530029297,-0.493621826171875
duplex,MedVeh-Stop,fusion-shuffled,19.238737106323242,0.7435762515316028,-0.6734962463378906,2.2154674530029297,-0.493621826171875
duplex,MedVeh-IncatLft,head-flat,2.8398818969726562,1.3500343556932022,1.0091285705566406,-1.5195698738098145,-1.7154316902160645
duplex,MedVeh-IncatLft,head-phrase,0.8861581484476725,0.025357289464131468,1.0091285705566406,-1.5195698738098145,-1.7154316902160645
duplex,MedVeh-IncatLft,head-shuffled,0.3150145709514618,0.021527105124720152,1.0091285705566406,-1.5195698738098145,-1.7154316902160645
duplex,MedVeh-IncatLft,stage5,4.0707212289174395,0.7364447450516972,1.0091285705566406,-1.5195698738098145,-1.7154316902160645
duplex,MedVeh-IncatLft,stage6,3.328763564427694,1.3928232155158788,1.0091285705566406,-1.5195698738098145,-1.7154316902160645
duplex,MedVeh-IncatLft,fusion-flat-evidence,3.7724084854125977,0.5330952298178682,1.0091285705566406,-1.5195698738098145,-1.7154316902160645
duplex,MedVeh-IncatLft,fusion-shuffled,2.8389825026194253,0.44767883447969614,1.0091285705566406,-1.5195698738098145,-1.7154316902160645
duplex,MedVeh-IncatRht,head-flat,0.37870410084724426,0.03424672139760297,-0.10059285163879395,-0.24803441762924194,1.6180884540081024
duplex,MedVeh-IncatRht,head-phrase,0.980443020661672,0.0531798603669196,-0.10059285163879395,-0.24803441762924194,1.6180884540081024
duplex,MedVeh-IncatRht,head-shuffled,0.05938323959708214,0.002953623239727278,-0.10059285163879395,-0.24803441762924194,1.6180884540081024
duplex,MedVeh-IncatRht,stage5,0.9259572128454844,0.43941353503819214,-0.10059285163879395,-0.24803441762924194,1.6180884540081024
duplex,MedVeh-IncatRht,stage6,1.3491109410921733,0.6994592326513941,-0.10059285163879395,-0.24803441762924194,1.6180884540081024
duplex,MedVeh-IncatRht,fusion-flat-evidence,2.3680935303370156,2.461884436105055,-0.10059285163879395,-0.24803441762924194,1.6180884540081024
duplex,MedVeh-IncatRht,fusion-shuffled,1.131434440612793,0.6988691282667175,-0.10059285163879395,-0.24803441762924194,1.6180884540081024
duplex,MedVeh-HazLit,head-flat,2.916745642820994,1.7234225512988612,-0.03123760223388672,2.5380101203918457,-0.37814807891845703
duplex,MedVeh-HazLit,head-phrase,3.8250808715820312,0.43868254863963063,-0.03123760223388672,2.5380101203918457,-0.37814807891845703
duplex,MedVeh-HazLit,head-shuffled,2.387164036432902,0.2864960082227689,-0.03123760223388672,2.5380101203918457,-0.37814807891845703
duplex,MedVeh-HazLit,stage5,3.9764421780904136,1.1620248424709076,-0.03123760223388672,2.5380101203918457,-0.37814807891845703
duplex,MedVeh-HazLit,stage6,4.685983657836914,2.6320457567868965,-0.03123760223388672,2.5380101203918457,-0.37814807891845703
duplex,MedVeh-HazLit,fusion-flat-evidence,3.5698630809783936,1.6184526997141162,-0.03123760223388672,2.5380101203918457,-0.37814807891845703
duplex,MedVeh-HazLit,fusion-shuffled,6.7222113609313965,1.675337970288452,-0.03123760223388672,2.5380101203918457,-0.37814807891845703
duplex,MedVeh-TurRht,head-flat,1.4529205560684204,1.2075020279001336,4.44120728969574,-3.0907559394836426,0.39448082447052
duplex,MedVeh-TurRht,head-phrase,2.8393468062082925,0.41636492139008463,4.44120728969574,-3.0907559394836426,0.39448082447052
duplex,MedVeh-TurRht,head-shuffled,0.1076606089870135,0.02123865621291184,4.44120728969574,-3.0907559394836426,0.39448082447052
duplex,MedVeh-TurRht,stage5,2.0889378786087036,2.8686972112273756,4.44120728969574,-3.0907559394836426,0.39448082447052
duplex,MedVeh-TurRht,stage6,2.6705819368362427,2.3153322394088596,4.44120728969574,-3.0907559394836426,0.39448082447052
duplex,MedVeh-TurRht,fusion-flat-evidence,3.1253515481948853,3.0721864824535543,4.44120728969574,-3.0907559394836426,0.39448082447052
duplex,MedVeh-TurRht,fusion-shuffled,1.501109540462494,0.7244240502136652,4.44120728969574,-3.0907559394836426,0.39448082447052
duplex,MedVeh-XingFmLft,head-flat,6.013843695322673,1.1072495068996102,4.896488189697266,1.397857666015625,-3.9448390007019043
duplex,MedVeh-XingFmLft,head-phrase,9.202012379964193,0.3148841164220665,4.896488189697266,1.397857666015625,-3.9448390007019043
duplex,MedVeh-XingFmLft,head-shuffled,0.18970712025960287,0.038764827192291504,4.896488189697266,1.397857666015625,-3.9448390007019043
duplex,MedVeh-XingFmLft,stage5,10.064700762430826,1.5976748199644937,4.896488189697266,1.397857666015625,-3.9448390007019043
duplex,MedVeh-XingFmLft,stage6,10.847869714101156,3.1154118202930983,4.896488189697266,1.397857666015625,-3.9448390007019043
duplex,MedVeh-XingFmLft,fusion-flat-evidence,10.825126965840658,1.5149512422922866,4.896488189697266,1.397857666015625,-3.9448390007019043
duplex,MedVeh-XingFmLft,fusion-shuffled,9.914594968159994,1.2807974447916881,4.896488189697266,1.397857666015625,-3.9448390007019043
duplex,MedVeh-XingFmRht,head-flat,5.360998630523682,0.03675624246989769,-1.4507312774658203,2.908291816711426,0.14614391326904297
duplex,MedVeh-XingFmRht,head-phrase,8.883371035257975,0.246347025933198,-1.4507312774658203,2.908291816711426,0.14614391326904297
duplex,MedVeh-XingFmRht,head-shuffled,2.509629805882772,0.2454244961875134,-1.4507312774658203,2.908291816711426,0.14614391326904297
duplex,MedVeh-XingFmRht,stage5,9.955178578694662,1.7488026116489714,-1.4507312774658203,2.908291816711426,0.14614391326904297
duplex,MedVeh-XingFmRht,stage6,10.489746729532877,0.4691200432367723,-1.4507312774658203,2.908291816711426,0.14614391326904297
duplex,MedVeh-XingFmRht,fusion-flat-evidence,9.606245358784994,0.5242856582158084,-1.4507312774658203,2.908291816711426,0.14614391326904297
duplex,MedVeh-XingFmRht,fusion-shuffled,10.07723585764567,2.3650152471274613,-1.4507312774658203,2.908291816711426,0.14614391326904297
duplex,LarVeh-MovAway,head-flat,2.2323347330093384,0.8041629858172169,-2.604813814163208,-0.821136474609375,-3.0891499519348145
duplex,LarVeh-MovAway,head-phrase,1.4695851802825928,0.076589118725549,-2.604813814163208,-0.821136474609375,-3.0891499519348145
duplex,LarVeh-MovAway,head-shuffled,0.05693496515353521,0.001049936518922044,-2.604813814163208,-0.821136474609375,-3.0891499519348145
duplex,LarVeh-MovAway,stage5,4.539961179097493,1.6717674515079088,-2.604813814163208,-0.821136474609375,-3.0891499519348145
duplex,LarVeh-MovAway,stage6,2.3682610988616943,0.5342475984088338,-2.604813814163208,-0.821136474609375,-3.0891499519348145
duplex,LarVeh-MovAway,fusion-flat-evidence,2.9851644039154053,1.311405356188575,-2.604813814163208,-0.821136474609375,-3.0891499519348145
duplex,LarVeh-MovAway,fusion-shuffled,1.914064645767212,0.42736238513637737,-2.604813814163208,-0.821136474609375,-3.0891499519348145
duplex,LarVeh-MovTow,head-flat,4.378460983435313,3.9198686530127183,1.5849332809448242,-0.7556450366973877,-2.8107188940048218
duplex,LarVeh-MovTow,head-phrase,9.011665344238281,1.8337727415609704,1.5849332809448242,-0.7556450366973877,-2.8107188940048218
duplex,LarVeh-MovTow,head-shuffled,2.2532831827799478,0.1709128489098569,1.5849332809448242,-0.7556450366973877,-2.8107188940048218
duplex,LarVeh-MovTow,stage5,4.091298262278239,0.09169236494471321,1.5849332809448242,-0.7556450366973877,-2.8107188940048218
duplex,LarVeh-MovTow,stage6,3.4308213790257773,2.27015404242474,1.5849332809448242,-0.7556450366973877,-2.8107188940048218
duplex,LarVeh-MovTow,fusion-flat-evidence,4.756036440531413,3.187880977476607,1.5849332809448242,-0.7556450366973877,-2.8107188940048218
duplex,LarVeh-MovTow,fusion-shuffled,4.846858461697896,3.2202699323664934,1.5849332809448242,-0.7556450366973877,-2.8107188940048218
duplex,LarVeh-Stop,head-flat,15.841103235880533,2.4620825827376316,2.5588302612304688,-2.492382049560547,-1.1546955108642578
duplex,LarVeh-Stop,head-phrase,16.901065826416016,0.23450850111723587,2.5588302612304688,-2.492382049560547,-1.1546955108642578
duplex,LarVeh-Stop,head-shuffled,12.13967227935791,1.380051825771915,2.5588302612304688,-2.492382049560547,-1.1546955108642578
duplex,LarVeh-Stop,stage5,18.644039154052734,2.2804793369796075,2.5588302612304688,-2.492382049560547,-1.1546955108642578
duplex,LarVeh-Stop,stage6,18.28129005432129,0.347927367206004,2.5588302612304688,-2.492382049560547,-1.1546955108642578
duplex,LarVeh-Stop,fusion-flat-evidence,17.554392496744793,1.0114656795734571,2.5588302612304688,-2.492382049560547,-1.1546955108642578
duplex,LarVeh-Stop,fusion-shuffled,17.37693977355957,0.25191643186453716,2.5588302612304688,-2.492382049560547,-1.1546955108642578
duplex,LarVeh-HazLit,head-flat,10.294370651245117,6.020643759735431,1.9862089157104492,11.781687259674072,0.7298648357391357
duplex,LarVeh-HazLit,head-phrase,4.597854296366374,0.2915273470907545,1.9862089157104492,11.781687259674072,0.7298648357391357
duplex,LarVeh-HazLit,head-shuffled,16.217113812764484,0.9004899729397486,1.9862089157104492,11.781687259674072,0.7298648357391357
duplex,LarVeh-HazLit,stage5,7.1583889325459795,6.309426727056497,1.9862089157104492,11.781687259674072,0.7298648357391357
duplex,LarVeh-HazLit,stage6,11.990975936253866,8.252765828077415,1.9862089157104492,11.781687259674072,0.7298648357391357
duplex,LarVeh-HazLit,fusion-flat-evidence,11.183851559956869,8.02515089917464,1.9862089157104492,11.781687259674072,0.7298648357391357
duplex,LarVeh-HazLit,fusion-shuffled,16.194749355316162,11.016508277392314,1.9862089157104492,11.781687259674072,0.7298648357391357
duplex,Bus-MovAway,head-flat,25.165643056233723,3.363221312968712,16.336341857910156,5.125785827636719,-3.0842227935791016
duplex,Bus-MovAway,head-phrase,27.762365976969402,1.4312162021760437,16.336341857910156,5.125785827636719,-3.0842227935791016
duplex,Bus-MovAway,head-shuffled,3.0810736815134683,0.582571352234038,16.336341857910156,5.125785827636719,-3.0842227935791016
duplex,Bus-MovAway,stage5,23.269355138142902,4.049051353759516,16.336341857910156,5.125785827636719,-3.0842227935791016
duplex,Bus-MovAway,stage6,29.395323435465496,5.775798906638891,16.336341857910156,5.125785827636719,-3.0842227935791016
duplex,Bus-MovAway,fusion-flat-evidence,25.703205108642578,3.886319045121294,16.336341857910156,5.125785827636719,-3.0842227935791016
duplex,Bus-MovAway,fusion-shuffled,26.947996775309246,2.7553422045699545,16.336341857910156,5.125785827636719,-3.0842227935791016
duplex,Bus-MovTow,head-flat,22.080925623575848,1.738367281818398,-8.924787521362305,-8.094123840332031,2.485292434692383
duplex,Bus-MovTow,head-phrase,21.85674476623535,1.2360040037367706,-8.924787521362305,-8.094123840332031,2.485292434692383
duplex,Bus-MovTow,head-shuffled,3.147231101989746,1.820583015988779,-8.924787521362305,-8.094123840332031,2.485292434692383
duplex,Bus-MovTow,stage5,30.438126881917317,9.098727825317129,-8.924787521362305,-8.094123840332031,2.485292434692383
duplex,Bus-MovTow,stage6,25.593587239583332,6.2858740366843575,-8.924787521362305,-8.094123840332031,2.485292434692383
duplex,Bus-MovTow,fusion-flat-evidence,26.86741828918457,7.058183277025137,-8.924787521362305,-8.094123840332031,2.485292434692383
duplex,Bus-MovTow,fusion-shuffled,25.273169199625652,4.385664147371211,-8.924787521362305,-8.094123840332031,2.485292434692383
duplex,Bus-Brake,head-flat,22.96475346883138,4.522055087611102,13.939249038696289,3.8699169158935547,7.666290283203125
duplex,Bus-Brake,head-phrase,32.48268508911133,0.06022247821386021,13.939249038696289,3.8699169158935547,7.666290283203125
duplex,Bus-Brake,head-shuffled,1.3311593135197957,0.5520553213280072,13.939249038696289,3.8699169158935547,7.666290283203125
duplex,Bus-Brake,stage5,25.391144434611004,4.6260468110819835,13.939249038696289,3.8699169158935547,7.666290283203125
duplex,Bus-Brake,stage6,33.88296318054199,6.093739927955639,13.939249038696289,3.8699169158935547,7.666290283203125
duplex,Bus-Brake,fusion-flat-evidence,28.934022267659504,3.6547582021987854,13.939249038696289,3.8699169158935547,7.666290283203125
duplex,Bus-Brake,fusion-shuffled,30.554161707560223,7.675894104060771,13.939249038696289,3.8699169158935547,7.666290283203125
duplex,Bus-Stop,head-flat,22.302558263142902,2.71998608224774,6.037809371948242,5.297752380371094,-2.430906295776367
duplex,Bus-Stop,head-phrase,18.9161376953125,0.3310794375079703,6.037809371948242,5.297752380371094,-2.430906295776367
duplex,Bus-Stop,head-shuffled,10.10718568166097,1.6024548552744358,6.037809371948242,5.297752380371094,-2.430906295776367
duplex,Bus-Stop,stage5,19.41843541463216,2.4182815967123092,6.037809371948242,5.297752380371094,-2.430906295776367
duplex,Bus-Stop,stage6,22.386653900146484,2.3714535099286373,6.037809371948242,5.297752380371094,-2.430906295776367
duplex,Bus-Stop,fusion-flat-evidence,20.596469243367512,0.49133178630942587,6.037809371948242,5.297752380371094,-2.430906295776367
duplex,Bus-Stop,fusion-shuffled,21.066731135050457,1.287144344601323,6.037809371948242,5.297752380371094,-2.430906295776367
duplex,Bus-HazLit,head-flat,28.60846201578776,1.9579177049158145,-1.213470458984375,3.756753921508789,-17.4476261138916
duplex,Bus-HazLit,head-phrase,33.49430720011393,2.77597133464125,-1.213470458984375,3.756753921508789,-17.4476261138916
duplex,Bus-HazLit,head-shuffled,9.533473332722982,5.3086731493810495,-1.213470458984375,3.756753921508789,-17.4476261138916
duplex,Bus-HazLit,stage5,34.72490628560384,4.702237818380982,-1.213470458984375,3.756753921508789,-17.4476261138916
duplex,Bus-HazLit,stage6,29.756792068481445,7.28082835578909,-1.213470458984375,3.756753921508789,-17.4476261138916
duplex,Bus-HazLit,fusion-flat-evidence,25.69367281595866,7.130111318605018,-1.213470458984375,3.756753921508789,-17.4476261138916
duplex,Bus-HazLit,fusion-shuffled,29.687775293986004,10.184553874823205,-1.213470458984375,3.756753921508789,-17.4476261138916
duplex,EmVeh-Stop,head-flat,0.13311559210220972,0.19012150779066206,0.012096483958885074,-0.0015643665101379156,0.014642731752246618
duplex,EmVeh-Stop,head-phrase,0.06892707074681918,0.010556123044108592,0.012096483958885074,-0.0015643665101379156,0.014642731752246618
duplex,EmVeh-Stop,head-shuffled,0.02325776902337869,0.0026012354897092566,0.012096483958885074,-0.0015643665101379156,0.014642731752246618
duplex,EmVeh-Stop,stage5,0.004059620201587677,0.0023823453091036738,0.012096483958885074,-0.0015643665101379156,0.014642731752246618
duplex,EmVeh-Stop,stage6,0.012451236601918936,0.009557798790758363,0.012096483958885074,-0.0015643665101379156,0.014642731752246618
duplex,EmVeh-Stop,fusion-flat-evidence,0.007776370272040367,0.004278016627017281,0.012096483958885074,-0.0015643665101379156,0.014642731752246618
duplex,EmVeh-Stop,fusion-shuffled,0.006346519376772146,0.006659130264880137,0.012096483958885074,-0.0015643665101379156,0.014642731752246618
duplex,TL-Red,head-flat,63.260206858317055,1.275847669921996,1.1867141723632812,-0.08921432495117188,-0.8511695861816406
duplex,TL-Red,head-phrase,58.44544219970703,0.7107571040524029,1.1867141723632812,-0.08921432495117188,-0.8511695861816406
duplex,TL-Red,head-shuffled,58.066558837890625,0.7349573170161776,1.1867141723632812,-0.08921432495117188,-0.8511695861816406
duplex,TL-Red,stage5,61.702447255452476,1.0324853157037301,1.1867141723632812,-0.08921432495117188,-0.8511695861816406
duplex,TL-Red,stage6,61.7845573425293,0.49642015092770414,1.1867141723632812,-0.08921432495117188,-0.8511695861816406
duplex,TL-Red,fusion-flat-evidence,62.597652435302734,0.11200530825850323,1.1867141723632812,-0.08921432495117188,-0.8511695861816406
duplex,TL-Red,fusion-shuffled,61.8778444925944,0.6466044447598276,1.1867141723632812,-0.08921432495117188,-0.8511695861816406
duplex,TL-Amber,head-flat,16.322974522908527,2.7638755539511095,-2.752126693725586,3.0733585357666016,9.578070640563965
duplex,TL-Amber,head-phrase,2.372507333755493,0.12579605521297188,-2.752126693725586,3.0733585357666016,9.578070640563965
duplex,TL-Amber,head-shuffled,0.13176607837279639,0.016833959435413517,-2.752126693725586,3.0733585357666016,9.578070640563965
duplex,TL-Amber,stage5,22.828299522399902,10.419506474670756,-2.752126693725586,3.0733585357666016,9.578070640563965
duplex,TL-Amber,stage6,26.128067016601562,4.252149307283944,-2.752126693725586,3.0733585357666016,9.578070640563965
duplex,TL-Amber,fusion-flat-evidence,21.2092227935791,3.739746178744888,-2.752126693725586,3.0733585357666016,9.578070640563965
duplex,TL-Amber,fusion-shuffled,20.694671630859375,5.199306807502291,-2.752126693725586,3.0733585357666016,9.578070640563965
duplex,TL-Green,head-flat,43.27505429585775,10.452775207394053,-1.483795166015625,2.8520660400390625,-2.772857666015625
duplex,TL-Green,head-phrase,30.60482406616211,2.3580664676094285,-1.483795166015625,2.8520660400390625,-2.772857666015625
duplex,TL-Green,head-shuffled,21.396600405375164,6.114017131779471,-1.483795166015625,2.8520660400390625,-2.772857666015625
duplex,TL-Green,stage5,48.3936653137207,2.6961282348623485,-1.483795166015625,2.8520660400390625,-2.772857666015625
duplex,TL-Green,stage6,47.925469716389976,3.384659608038107,-1.483795166015625,2.8520660400390625,-2.772857666015625
duplex,TL-Green,fusion-flat-evidence,46.85295740763346,1.5498603031207183,-1.483795166015625,2.8520660400390625,-2.772857666015625
duplex,TL-Green,fusion-shuffled,45.2928835550944,1.8981004252227553,-1.483795166015625,2.8520660400390625,-2.772857666015625
triplet,Ped-MovAway-LftPav,head-flat,13.474853515625,1.035773292491987,-2.537468910217285,0.051792144775390625,-0.5533046722412109
triplet,Ped-MovAway-LftPav,head-phrase,7.427708148956299,0.07554943743511058,-2.537468910217285,0.051792144775390625,-0.5533046722412109
triplet,Ped-MovAway-LftPav,head-shuffled,1.0959973335266113,0.0976251744994688,-2.537468910217285,0.051792144775390625,-0.5533046722412109
triplet,Ped-MovAway-LftPav,stage5,17.32008425394694,0.4220508126948509,-2.537468910217285,0.051792144775390625,-0.5533046722412109
triplet,Ped-MovAway-LftPav,stage6,16.307090441385906,1.4673038155998084,-2.537468910217285,0.051792144775390625,-0.5533046722412109
triplet,Ped-MovAway-LftPav,fusion-flat-evidence,18.499027887980144,1.5342158547888607,-2.537468910217285,0.051792144775390625,-0.5533046722412109
triplet,Ped-MovAway-LftPav,fusion-shuffled,17.44353739420573,1.272504591950547,-2.537468910217285,0.051792144775390625,-0.5533046722412109
triplet,Ped-MovAway-RhtPav,head-flat,21.9113032023112,0.3028173028580954,-2.361644744873047,0.28525733947753906,1.5983104705810547
triplet,Ped-MovAway-RhtPav,head-phrase,15.765130996704102,0.45294547013620445,-2.361644744873047,0.28525733947753906,1.5983104705810547
triplet,Ped-MovAway-RhtPav,head-shuffled,18.927568435668945,0.8955628561588728,-2.361644744873047,0.28525733947753906,1.5983104705810547
triplet,Ped-MovAway-RhtPav,stage5,25.241356531778973,1.2826964440849835,-2.361644744873047,0.28525733947753906,1.5983104705810547
triplet,Ped-MovAway-RhtPav,stage6,25.081997553507488,0.8247405316626499,-2.361644744873047,0.28525733947753906,1.5983104705810547
triplet,Ped-MovAway-RhtPav,fusion-flat-evidence,25.91158930460612,1.3382078334631846,-2.361644744873047,0.28525733947753906,1.5983104705810547
triplet,Ped-MovAway-RhtPav,fusion-shuffled,25.532690048217773,1.088986417486451,-2.361644744873047,0.28525733947753906,1.5983104705810547
triplet,Ped-MovAway-Jun,head-flat,0.3331987050672372,0.4636399614699584,0.4117724895477295,-0.0006984472274780273,-0.09896031022071838
triplet,Ped-MovAway-Jun,head-phrase,0.6638317704200745,0.04210786094836237,0.4117724895477295,-0.0006984472274780273,-0.09896031022071838
triplet,Ped-MovAway-Jun,head-shuffled,0.2747863332430522,0.05121624698156653,0.4117724895477295,-0.0006984472274780273,-0.09896031022071838
triplet,Ped-MovAway-Jun,stage5,0.4199037452538808,0.09181528241278655,0.4117724895477295,-0.0006984472274780273,-0.09896031022071838
triplet,Ped-MovAway-Jun,stage6,0.5239416559537252,0.25217814553059914,0.4117724895477295,-0.0006984472274780273,-0.09896031022071838
triplet,Ped-MovAway-Jun,fusion-flat-evidence,0.4790586332480113,0.1931786024882497,0.4117724895477295,-0.0006984472274780273,-0.09896031022071838
triplet,Ped-MovAway-Jun,fusion-shuffled,0.38933296004931134,0.10782557471630191,0.4117724895477295,-0.0006984472274780273,-0.09896031022071838
triplet,Ped-MovTow-LftPav,head-flat,21.317819595336914,0.4288787858252991,2.6721420288085938,-0.9775638580322266,0.13677215576171875
triplet,Ped-MovTow-LftPav,head-phrase,10.897086461385092,0.32017534090405003,2.6721420288085938,-0.9775638580322266,0.13677215576171875
triplet,Ped-MovTow-LftPav,head-shuffled,18.23103904724121,0.5212985957944374,2.6721420288085938,-0.9775638580322266,0.13677215576171875
triplet,Ped-MovTow-LftPav,stage5,23.891372044881184,1.9340073999845215,2.6721420288085938,-0.9775638580322266,0.13677215576171875
triplet,Ped-MovTow-LftPav,stage6,24.501822153727215,0.7808793699491777,2.6721420288085938,-0.9775638580322266,0.13677215576171875
triplet,Ped-MovTow-LftPav,fusion-flat-evidence,24.936724344889324,0.40303508626578904,2.6721420288085938,-0.9775638580322266,0.13677215576171875
triplet,Ped-MovTow-LftPav,fusion-shuffled,23.715981165568035,0.9730639072866233,2.6721420288085938,-0.9775638580322266,0.13677215576171875
triplet,Ped-MovTow-RhtPav,head-flat,25.618106842041016,1.4122435432454166,2.1737289428710938,1.1525344848632812,-0.22947120666503906
triplet,Ped-MovTow-RhtPav,head-phrase,17.052534739176433,0.3232398711058175,2.1737289428710938,1.1525344848632812,-0.22947120666503906
triplet,Ped-MovTow-RhtPav,head-shuffled,9.059117635091146,1.4742238278157298,2.1737289428710938,1.1525344848632812,-0.22947120666503906
triplet,Ped-MovTow-RhtPav,stage5,26.827512741088867,0.46357191444402457,2.1737289428710938,1.1525344848632812,-0.22947120666503906
triplet,Ped-MovTow-RhtPav,stage6,27.859776814778645,0.9088538112640736,2.1737289428710938,1.1525344848632812,-0.22947120666503906
triplet,Ped-MovTow-RhtPav,fusion-flat-evidence,28.119780858357746,0.24165460281575593,2.1737289428710938,1.1525344848632812,-0.22947120666503906
triplet,Ped-MovTow-RhtPav,fusion-shuffled,28.180018107096355,0.28375908900488267,2.1737289428710938,1.1525344848632812,-0.22947120666503906
triplet,Ped-MovTow-Jun,head-flat,4.029518127441406,1.515424257103211,-0.7601991891860962,1.9855120182037354,5.708993077278137
triplet,Ped-MovTow-Jun,head-phrase,0.8685392737388611,0.18639080372245564,-0.7601991891860962,1.9855120182037354,5.708993077278137
triplet,Ped-MovTow-Jun,head-shuffled,0.7428832252820333,0.059352894702893275,-0.7601991891860962,1.9855120182037354,5.708993077278137
triplet,Ped-MovTow-Jun,stage5,1.815671722094218,0.9039382218670388,-0.7601991891860962,1.9855120182037354,5.708993077278137
triplet,Ped-MovTow-Jun,stage6,4.12710702419281,3.123077907212973,-0.7601991891860962,1.9855120182037354,5.708993077278137
triplet,Ped-MovTow-Jun,fusion-flat-evidence,3.0908155043919883,3.182779246428465,-0.7601991891860962,1.9855120182037354,5.708993077278137
triplet,Ped-MovTow-Jun,fusion-shuffled,2.6312389771143594,0.5846018156071835,-0.7601991891860962,1.9855120182037354,5.708993077278137
triplet,Ped-Mov-OutgoLane,head-flat,1.5015699466069539,0.34087774180616215,2.9162988662719727,-4.5375895500183105,-6.140875816345215
triplet,Ped-Mov-OutgoLane,head-phrase,6.116247177124023,0.5741682643571043,2.9162988662719727,-4.5375895500183105,-6.140875816345215
triplet,Ped-Mov-OutgoLane,head-shuffled,0.2327901174624761,0.05686882487760185,2.9162988662719727,-4.5375895500183105,-6.140875816345215
triplet,Ped-Mov-OutgoLane,stage5,6.693836847941081,2.1402206088479105,2.9162988662719727,-4.5375895500183105,-6.140875816345215
triplet,Ped-Mov-OutgoLane,stage6,4.1064480145772295,4.115161887661922,2.9162988662719727,-4.5375895500183105,-6.140875816345215
triplet,Ped-Mov-OutgoLane,fusion-flat-evidence,4.207215666770935,4.446313462183785,2.9162988662719727,-4.5375895500183105,-6.140875816345215
triplet,Ped-Mov-OutgoLane,fusion-shuffled,2.2779391010602317,1.7588230895052768,2.9162988662719727,-4.5375895500183105,-6.140875816345215
triplet,Ped-Mov-Pav,head-flat,9.166884422302246,0.5350776379963565,-0.7512416839599609,-0.13462066650390625,-1.5986957550048828
triplet,Ped-Mov-Pav,head-phrase,7.151113986968994,0.11857950218722721,-0.7512416839599609,-0.13462066650390625,-1.5986957550048828
triplet,Ped-Mov-Pav,head-shuffled,2.956698020299276,0.5083651557903179,-0.7512416839599609,-0.13462066650390625,-1.5986957550048828
triplet,Ped-Mov-Pav,stage5,10.837966918945312,0.7136843896197985,-0.7512416839599609,-0.13462066650390625,-1.5986957550048828
triplet,Ped-Mov-Pav,stage6,10.009780883789062,0.5944870321631845,-0.7512416839599609,-0.13462066650390625,-1.5986957550048828
triplet,Ped-Mov-Pav,fusion-flat-evidence,10.664823214213053,0.14725687547305572,-0.7512416839599609,-0.13462066650390625,-1.5986957550048828
triplet,Ped-Mov-Pav,fusion-shuffled,10.4912478129069,0.15539298451018413,-0.7512416839599609,-0.13462066650390625,-1.5986957550048828
triplet,Ped-Mov-RhtPav,head-flat,2.424159367879232,0.4467330182187507,1.0282351970672607,0.08942890167236328,0.9887204170227051
triplet,Ped-Mov-RhtPav,head-phrase,2.7768356800079346,0.10998252239579319,1.0282351970672607,0.08942890167236328,0.9887204170227051
triplet,Ped-Mov-RhtPav,head-shuffled,0.42566168308258057,0.07858424607009838,1.0282351970672607,0.08942890167236328,0.9887204170227051
triplet,Ped-Mov-RhtPav,stage5,3.3153343200683594,0.1557950091940929,1.0282351970672607,0.08942890167236328,0.9887204170227051
triplet,Ped-Mov-RhtPav,stage6,4.017462491989136,0.5948118197708008,1.0282351970672607,0.08942890167236328,0.9887204170227051
triplet,Ped-Mov-RhtPav,fusion-flat-evidence,4.059110164642334,0.5895437575976288,1.0282351970672607,0.08942890167236328,0.9887204170227051
triplet,Ped-Mov-RhtPav,fusion-shuffled,3.8865439097086587,0.3103692106895727,1.0282351970672607,0.08942890167236328,0.9887204170227051
triplet,Ped-Stop-OutgoLane,head-flat,6.42672077814738,1.5031639173377878,-1.3271093368530273,-11.024443626403809,3.1013383865356445
triplet,Ped-Stop-OutgoLane,head-phrase,9.953629811604818,1.673211545418984,-1.3271093368530273,-11.024443626403809,3.1013383865356445
triplet,Ped-Stop-OutgoLane,head-shuffled,0.2813616991043091,0.067082627958568,-1.3271093368530273,-11.024443626403809,3.1013383865356445
triplet,Ped-Stop-OutgoLane,stage5,11.907253583272299,4.2727726055763755,-1.3271093368530273,-11.024443626403809,3.1013383865356445
triplet,Ped-Stop-OutgoLane,stage6,8.823848724365234,2.956645240938386,-1.3271093368530273,-11.024443626403809,3.1013383865356445
triplet,Ped-Stop-OutgoLane,fusion-flat-evidence,8.064077059427897,3.2387674454532362,-1.3271093368530273,-11.024443626403809,3.1013383865356445
triplet,Ped-Stop-OutgoLane,fusion-shuffled,7.351445992787679,1.822148845907032,-1.3271093368530273,-11.024443626403809,3.1013383865356445
triplet,Ped-Stop-Pav,head-flat,3.7442760467529297,0.596372042433501,-0.7303421497344971,-0.7234499454498291,0.5337648391723633
triplet,Ped-Stop-Pav,head-phrase,3.3003126780192056,0.21602561757739372,-0.7303421497344971,-0.7234499454498291,0.5337648391723633
triplet,Ped-Stop-Pav,head-shuffled,1.3804161945978801,0.23461155380843154,-0.7303421497344971,-0.7234499454498291,0.5337648391723633
triplet,Ped-Stop-Pav,stage5,3.9027748902638755,0.6341682578117206,-0.7303421497344971,-0.7234499454498291,0.5337648391723633
triplet,Ped-Stop-Pav,stage6,3.5960991382598877,0.106151937901251,-0.7303421497344971,-0.7234499454498291,0.5337648391723633
triplet,Ped-Stop-Pav,fusion-flat-evidence,3.9611467520395913,0.2761611882856387,-0.7303421497344971,-0.7234499454498291,0.5337648391723633
triplet,Ped-Stop-Pav,fusion-shuffled,3.83820907274882,0.03681882862469801,-0.7303421497344971,-0.7234499454498291,0.5337648391723633
triplet,Ped-Stop-LftPav,head-flat,19.927993774414062,2.707733393651227,0.9687366485595703,0.41840553283691406,1.0062522888183594
triplet,Ped-Stop-LftPav,head-phrase,11.788287480672201,0.39278526605927916,0.9687366485595703,0.41840553283691406,1.0062522888183594
triplet,Ped-Stop-LftPav,head-shuffled,13.623863538106283,0.5636478099907299,0.9687366485595703,0.41840553283691406,1.0062522888183594
triplet,Ped-Stop-LftPav,stage5,22.154560089111328,0.7340034784508402,0.9687366485595703,0.41840553283691406,1.0062522888183594
triplet,Ped-Stop-LftPav,stage6,22.95235824584961,0.439618207911345,0.9687366485595703,0.41840553283691406,1.0062522888183594
triplet,Ped-Stop-LftPav,fusion-flat-evidence,23.302324295043945,0.9987738584044094,0.9687366485595703,0.41840553283691406,1.0062522888183594
triplet,Ped-Stop-LftPav,fusion-shuffled,22.75647226969401,0.4095622329393528,0.9687366485595703,0.41840553283691406,1.0062522888183594
triplet,Ped-Stop-RhtPav,head-flat,14.760085741678873,0.33683869689316304,0.1604166030883789,-0.5961904525756836,1.1271629333496094
triplet,Ped-Stop-RhtPav,head-phrase,9.89733091990153,0.06623797971085749,0.1604166030883789,-0.5961904525756836,1.1271629333496094
triplet,Ped-Stop-RhtPav,head-shuffled,5.714266141255696,0.9097995167702432,0.1604166030883789,-0.5961904525756836,1.1271629333496094
triplet,Ped-Stop-RhtPav,stage5,15.563543955485025,0.7212186103240431,0.1604166030883789,-0.5961904525756836,1.1271629333496094
triplet,Ped-Stop-RhtPav,stage6,15.794006983439127,0.14435439935609265,0.1604166030883789,-0.5961904525756836,1.1271629333496094
triplet,Ped-Stop-RhtPav,fusion-flat-evidence,16.255332946777344,0.19250277153221362,0.1604166030883789,-0.5961904525756836,1.1271629333496094
triplet,Ped-Stop-RhtPav,fusion-shuffled,15.274215698242188,0.5231506994852306,0.1604166030883789,-0.5961904525756836,1.1271629333496094
triplet,Ped-Stop-BusStop,head-flat,4.165175120035808,0.6154337212400296,0.7689728736877441,0.3709449768066406,-0.4081387519836426
triplet,Ped-Stop-BusStop,head-phrase,3.325794299443563,0.05794114587013125,0.7689728736877441,0.3709449768066406,-0.4081387519836426
triplet,Ped-Stop-BusStop,head-shuffled,0.26811547577381134,0.1632834993216239,0.7689728736877441,0.3709449768066406,-0.4081387519836426
triplet,Ped-Stop-BusStop,stage5,4.87485392888387,1.331666056885791,0.7689728736877441,0.3709449768066406,-0.4081387519836426
triplet,Ped-Stop-BusStop,stage6,5.118780295054118,1.4741874023942996,0.7689728736877441,0.3709449768066406,-0.4081387519836426
triplet,Ped-Stop-BusStop,fusion-flat-evidence,5.298007408777873,2.407268777581154,0.7689728736877441,0.3709449768066406,-0.4081387519836426
triplet,Ped-Stop-BusStop,fusion-shuffled,4.531398216883342,2.217584530870511,0.7689728736877441,0.3709449768066406,-0.4081387519836426
triplet,Ped-Wait2X-RhtPav,head-flat,1.8381085395812988,0.36667957926985745,2.660146713256836,2.2645230293273926,-0.20860528945922852
triplet,Ped-Wait2X-RhtPav,head-phrase,3.233474016189575,0.13434089144804018,2.660146713256836,2.2645230293273926,-0.20860528945922852
triplet,Ped-Wait2X-RhtPav,head-shuffled,0.8510335087776184,0.09717965313264962,2.660146713256836,2.2645230293273926,-0.20860528945922852
triplet,Ped-Wait2X-RhtPav,stage5,3.6406057675679526,0.8962014298058727,2.660146713256836,2.2645230293273926,-0.20860528945922852
triplet,Ped-Wait2X-RhtPav,stage6,5.212627251942952,1.2967395598994262,2.660146713256836,2.2645230293273926,-0.20860528945922852
triplet,Ped-Wait2X-RhtPav,fusion-flat-evidence,5.628424882888794,1.7311647446681364,2.660146713256836,2.2645230293273926,-0.20860528945922852
triplet,Ped-Wait2X-RhtPav,fusion-shuffled,6.5197726885477705,2.382277335531476,2.660146713256836,2.2645230293273926,-0.20860528945922852
triplet,Ped-Wait2X-Jun,head-flat,17.835049947102863,1.2754657341199316,-2.603670120239258,1.5646305084228516,1.1396846771240234
triplet,Ped-Wait2X-Jun,head-phrase,21.503976821899414,0.27948043675826956,-2.603670120239258,1.5646305084228516,1.1396846771240234
triplet,Ped-Wait2X-Jun,head-shuffled,11.06192684173584,1.6196376290695533,-2.603670120239258,1.5646305084228516,1.1396846771240234
triplet,Ped-Wait2X-Jun,stage5,23.857882817586262,1.7023876698183198,-2.603670120239258,1.5646305084228516,1.1396846771240234
triplet,Ped-Wait2X-Jun,stage6,23.8914311726888,0.6602744965387612,-2.603670120239258,1.5646305084228516,1.1396846771240234
triplet,Ped-Wait2X-Jun,fusion-flat-evidence,23.743208567301433,0.831375907677064,-2.603670120239258,1.5646305084228516,1.1396846771240234
triplet,Ped-Wait2X-Jun,fusion-shuffled,24.886271794637043,1.373033347827128,-2.603670120239258,1.5646305084228516,1.1396846771240234
triplet,Ped-XingFmLft-Jun,head-flat,16.86418883005778,1.8353265445078406,-0.3950939178466797,1.2377071380615234,0.7499160766601562
triplet,Ped-XingFmLft-Jun,head-phrase,14.75097401936849,0.10198867980501462,-0.3950939178466797,1.2377071380615234,0.7499160766601562
triplet,Ped-XingFmLft-Jun,head-shuffled,12.82936986287435,1.4396353316367478,-0.3950939178466797,1.2377071380615234,0.7499160766601562
triplet,Ped-XingFmLft-Jun,stage5,18.308300654093426,1.0491038645375483,-0.3950939178466797,1.2377071380615234,0.7499160766601562
triplet,Ped-XingFmLft-Jun,stage6,18.839143753051758,0.44949251578364324,-0.3950939178466797,1.2377071380615234,0.7499160766601562
triplet,Ped-XingFmLft-Jun,fusion-flat-evidence,19.048302968343098,0.23774001292599725,-0.3950939178466797,1.2377071380615234,0.7499160766601562
triplet,Ped-XingFmLft-Jun,fusion-shuffled,19.44477717081706,0.9155223089642632,-0.3950939178466797,1.2377071380615234,0.7499160766601562
triplet,Ped-XingFmRht-Jun,head-flat,21.615550994873047,0.026498905621798824,-0.46512603759765625,0.24094200134277344,-0.4545440673828125
triplet,Ped-XingFmRht-Jun,head-phrase,19.059446334838867,0.15762419999249197,-0.46512603759765625,0.24094200134277344,-0.4545440673828125
triplet,Ped-XingFmRht-Jun,head-shuffled,20.469009399414062,0.04579868873126194,-0.46512603759765625,0.24094200134277344,-0.4545440673828125
triplet,Ped-XingFmRht-Jun,stage5,23.88901710510254,1.7112187956983547,-0.46512603759765625,0.24094200134277344,-0.4545440673828125
triplet,Ped-XingFmRht-Jun,stage6,23.662774403889973,1.8785849143154312,-0.46512603759765625,0.24094200134277344,-0.4545440673828125
triplet,Ped-XingFmRht-Jun,fusion-flat-evidence,23.574810028076172,1.0884506610247198,-0.46512603759765625,0.24094200134277344,-0.4545440673828125
triplet,Ped-XingFmRht-Jun,fusion-shuffled,23.593008041381836,1.6339095729479596,-0.46512603759765625,0.24094200134277344,-0.4545440673828125
triplet,Ped-XingFmRht-xing,head-flat,0.9032489558060964,0.43556542395240583,-11.698275566101074,-1.7771639823913574,-9.575429677963257
triplet,Ped-XingFmRht-xing,head-phrase,3.6594619750976562,0.32273556651394153,-11.698275566101074,-1.7771639823913574,-9.575429677963257
triplet,Ped-XingFmRht-xing,head-shuffled,0.8754082173109055,0.7364286498899828,-11.698275566101074,-1.7771639823913574,-9.575429677963257
triplet,Ped-XingFmRht-xing,stage5,12.92652448018392,4.426222043962171,-11.698275566101074,-1.7771639823913574,-9.575429677963257
triplet,Ped-XingFmRht-xing,stage6,5.2429014046986895,1.3459393521962715,-11.698275566101074,-1.7771639823913574,-9.575429677963257
triplet,Ped-XingFmRht-xing,fusion-flat-evidence,8.926687558492025,0.806654531702442,-11.698275566101074,-1.7771639823913574,-9.575429677963257
triplet,Ped-XingFmRht-xing,fusion-shuffled,10.956502437591553,7.326653464847475,-11.698275566101074,-1.7771639823913574,-9.575429677963257
triplet,Ped-Xing-Jun,head-flat,18.085646947224934,0.1983389571664677,-0.42896270751953125,-0.7814159393310547,-4.147439956665039
triplet,Ped-Xing-Jun,head-phrase,13.178255399068197,0.3744063515382234,-0.42896270751953125,-0.7814159393310547,-4.147439956665039
triplet,Ped-Xing-Jun,head-shuffled,8.734866460164389,2.0821736872115046,-0.42896270751953125,-0.7814159393310547,-4.147439956665039
triplet,Ped-Xing-Jun,stage5,21.940018971761067,0.5092315396650654,-0.42896270751953125,-0.7814159393310547,-4.147439956665039
triplet,Ped-Xing-Jun,stage6,20.15407943725586,1.5827559485771845,-0.42896270751953125,-0.7814159393310547,-4.147439956665039
triplet,Ped-Xing-Jun,fusion-flat-evidence,19.266525268554688,1.4600467408334963,-0.42896270751953125,-0.7814159393310547,-4.147439956665039
triplet,Ped-Xing-Jun,fusion-shuffled,21.00289026896159,0.8058701612493948,-0.42896270751953125,-0.7814159393310547,-4.147439956665039
triplet,Ped-PushObj-LftPav,head-flat,0.02163902452836434,0.015196465605757511,0.002430759370326996,0.058187395334243774,0.0318561103194952
triplet,Ped-PushObj-LftPav,head-phrase,0.04744641607006391,0.003999186789572171,0.002430759370326996,0.058187395334243774,0.0318561103194952
triplet,Ped-PushObj-LftPav,head-shuffled,0.0072078028072913485,0.0008933372234255386,0.002430759370326996,0.058187395334243774,0.0318561103194952
triplet,Ped-PushObj-LftPav,stage5,0.04345303835968176,0.017304127340966827,0.002430759370326996,0.058187395334243774,0.0318561103194952
triplet,Ped-PushObj-LftPav,stage6,0.07427779336770375,0.023641574711074028,0.002430759370326996,0.058187395334243774,0.0318561103194952
triplet,Ped-PushObj-LftPav,fusion-flat-evidence,0.08955635378758113,0.02669786921573582,0.002430759370326996,0.058187395334243774,0.0318561103194952
triplet,Ped-PushObj-LftPav,fusion-shuffled,0.06561437373359998,0.005102515419252741,0.002430759370326996,0.058187395334243774,0.0318561103194952
triplet,Ped-PushObj-RhtPav,head-flat,0.5675706565380096,0.2682833001474896,-0.4411999583244324,0.6138842105865479,-0.41645312309265137
triplet,Ped-PushObj-RhtPav,head-phrase,1.3384379943211873,0.034813949627805325,-0.4411999583244324,0.6138842105865479,-0.41645312309265137
triplet,Ped-PushObj-RhtPav,head-shuffled,0.0557356725136439,0.0036995116283949666,-0.4411999583244324,0.6138842105865479,-0.41645312309265137
triplet,Ped-PushObj-RhtPav,stage5,1.043811559677124,0.3833469978926106,-0.4411999583244324,0.6138842105865479,-0.41645312309265137
triplet,Ped-PushObj-RhtPav,stage6,0.9625552694002787,0.22975447394696602,-0.4411999583244324,0.6138842105865479,-0.41645312309265137
triplet,Ped-PushObj-RhtPav,fusion-flat-evidence,1.352207620938619,0.23803646617757745,-0.4411999583244324,0.6138842105865479,-0.41645312309265137
triplet,Ped-PushObj-RhtPav,fusion-shuffled,0.9683629671732584,0.13497798496974725,-0.4411999583244324,0.6138842105865479,-0.41645312309265137
triplet,Car-MovAway-VehLane,head-flat,19.449957529703777,1.282748880938834,-0.08131790161132812,1.0232467651367188,-0.13142776489257812
triplet,Car-MovAway-VehLane,head-phrase,18.148122787475586,1.3537206330205627,-0.08131790161132812,1.0232467651367188,-0.13142776489257812
triplet,Car-MovAway-VehLane,head-shuffled,14.275789260864258,0.8501628142519714,-0.08131790161132812,1.0232467651367188,-0.13142776489257812
triplet,Car-MovAway-VehLane,stage5,24.284085591634113,0.9493393605021418,-0.08131790161132812,1.0232467651367188,-0.13142776489257812
triplet,Car-MovAway-VehLane,stage6,24.55425262451172,1.5982035707226745,-0.08131790161132812,1.0232467651367188,-0.13142776489257812
triplet,Car-MovAway-VehLane,fusion-flat-evidence,24.436190287272137,1.8566699501284039,-0.08131790161132812,1.0232467651367188,-0.13142776489257812
triplet,Car-MovAway-VehLane,fusion-shuffled,24.640347162882488,1.8226491450229285,-0.08131790161132812,1.0232467651367188,-0.13142776489257812
triplet,Car-MovAway-OutgoLane,head-flat,35.20791880289713,0.47269430305262516,0.8737068176269531,0.17671966552734375,0.01384735107421875
triplet,Car-MovAway-OutgoLane,head-phrase,34.69764709472656,0.4889291444542412,0.8737068176269531,0.17671966552734375,0.01384735107421875
triplet,Car-MovAway-OutgoLane,head-shuffled,27.930516560872395,0.4671673993358604,0.8737068176269531,0.17671966552734375,0.01384735107421875
triplet,Car-MovAway-OutgoLane,stage5,39.75469207763672,0.08679194088222097,0.8737068176269531,0.17671966552734375,0.01384735107421875
triplet,Car-MovAway-OutgoLane,stage6,40.109450022379555,0.4990350061249184,0.8737068176269531,0.17671966552734375,0.01384735107421875
triplet,Car-MovAway-OutgoLane,fusion-flat-evidence,40.22548166910807,0.36965386228042135,0.8737068176269531,0.17671966552734375,0.01384735107421875
triplet,Car-MovAway-OutgoLane,fusion-shuffled,40.06711959838867,0.3679467951328436,0.8737068176269531,0.17671966552734375,0.01384735107421875
triplet,Car-MovAway-Jun,head-flat,10.46191660563151,0.7406979822771301,-0.6310596466064453,-0.627833366394043,-0.968440055847168
triplet,Car-MovAway-Jun,head-phrase,9.519887288411459,0.09380763321052583,-0.6310596466064453,-0.627833366394043,-0.968440055847168
triplet,Car-MovAway-Jun,head-shuffled,5.307132562001546,0.5506550638435039,-0.6310596466064453,-0.627833366394043,-0.968440055847168
triplet,Car-MovAway-Jun,stage5,12.424779574076334,0.2520828303540275,-0.6310596466064453,-0.627833366394043,-0.968440055847168
triplet,Car-MovAway-Jun,stage6,11.682335217793783,0.2247083389602448,-0.6310596466064453,-0.627833366394043,-0.968440055847168
triplet,Car-MovAway-Jun,fusion-flat-evidence,12.015982309977213,0.029434285448864023,-0.6310596466064453,-0.627833366394043,-0.968440055847168
triplet,Car-MovAway-Jun,fusion-shuffled,11.679244995117188,0.2630282869375085,-0.6310596466064453,-0.627833366394043,-0.968440055847168
triplet,Car-MovTow-VehLane,head-flat,0.02462637486557166,0.006991936477635831,0.014164954423904419,0.038613028824329376,0.011207997798919678
triplet,Car-MovTow-VehLane,head-phrase,0.18602254490057626,0.0048238198508720985,0.014164954423904419,0.038613028824329376,0.011207997798919678
triplet,Car-MovTow-VehLane,head-shuffled,0.0323816624780496,0.002183930464685085,0.014164954423904419,0.038613028824329376,0.011207997798919678
triplet,Car-MovTow-VehLane,stage5,0.095550703505675,0.004300816307518825,0.014164954423904419,0.038613028824329376,0.011207997798919678
triplet,Car-MovTow-VehLane,stage6,0.11687936385472615,0.01758219825376953,0.014164954423904419,0.038613028824329376,0.011207997798919678
triplet,Car-MovTow-VehLane,fusion-flat-evidence,0.09510123978058498,0.022071412560912412,0.014164954423904419,0.038613028824329376,0.011207997798919678
triplet,Car-MovTow-VehLane,fusion-shuffled,0.11180990437666576,0.02508671239417133,0.014164954423904419,0.038613028824329376,0.011207997798919678
triplet,Car-MovTow-IncomLane,head-flat,31.950773239135742,4.229713636233116,0.6570167541503906,-0.5168991088867188,-2.326007843017578
triplet,Car-MovTow-IncomLane,head-phrase,32.441609700520836,0.9615409312569848,0.6570167541503906,-0.5168991088867188,-2.326007843017578
triplet,Car-MovTow-IncomLane,head-shuffled,33.06672350565592,1.0359206856881242,0.6570167541503906,-0.5168991088867188,-2.326007843017578
triplet,Car-MovTow-IncomLane,stage5,38.11972173055013,0.6761359973932469,0.6570167541503906,-0.5168991088867188,-2.326007843017578
triplet,Car-MovTow-IncomLane,stage6,37.391091664632164,0.8740877522609993,0.6570167541503906,-0.5168991088867188,-2.326007843017578
triplet,Car-MovTow-IncomLane,fusion-flat-evidence,37.92072041829427,0.33540009798362364,0.6570167541503906,-0.5168991088867188,-2.326007843017578
triplet,Car-MovTow-IncomLane,fusion-shuffled,38.2069206237793,0.3855812498493629,0.6570167541503906,-0.5168991088867188,-2.326007843017578
triplet,Car-MovTow-Jun,head-flat,6.992489496866862,0.30000139304023177,0.8336801528930664,-0.03056812286376953,-1.181147575378418
triplet,Car-MovTow-Jun,head-phrase,7.046287377675374,0.228366543541611,0.8336801528930664,-0.03056812286376953,-1.181147575378418
triplet,Car-MovTow-Jun,head-shuffled,4.3314032554626465,0.22982992139081504,0.8336801528930664,-0.03056812286376953,-1.181147575378418
triplet,Car-MovTow-Jun,stage5,8.739535967508951,0.5899099701411524,0.8336801528930664,-0.03056812286376953,-1.181147575378418
triplet,Car-MovTow-Jun,stage6,8.613524119059244,0.42275588600844005,0.8336801528930664,-0.03056812286376953,-1.181147575378418
triplet,Car-MovTow-Jun,fusion-flat-evidence,8.619990666707357,0.35970890135511335,0.8336801528930664,-0.03056812286376953,-1.181147575378418
triplet,Car-MovTow-Jun,fusion-shuffled,9.052043914794922,0.12711169105655556,0.8336801528930664,-0.03056812286376953,-1.181147575378418
triplet,Car-Brake-VehLane,head-flat,31.869971593221027,4.281374384998991,1.8014373779296875,0.334747314453125,0.764251708984375
triplet,Car-Brake-VehLane,head-phrase,34.882694244384766,0.44269603500773863,1.8014373779296875,0.334747314453125,0.764251708984375
triplet,Car-Brake-VehLane,head-shuffled,26.008169809977215,0.8714085858306779,1.8014373779296875,0.334747314453125,0.764251708984375
triplet,Car-Brake-VehLane,stage5,36.88664118448893,0.7050933520198682,1.8014373779296875,0.334747314453125,0.764251708984375
triplet,Car-Brake-VehLane,stage6,37.85345331827799,0.2354521395935114,1.8014373779296875,0.334747314453125,0.764251708984375
triplet,Car-Brake-VehLane,fusion-flat-evidence,37.6828244527181,0.556267013702706,1.8014373779296875,0.334747314453125,0.764251708984375
triplet,Car-Brake-VehLane,fusion-shuffled,36.62789662679037,0.7080407748517135,1.8014373779296875,0.334747314453125,0.764251708984375
triplet,Car-Brake-OutgoLane,head-flat,28.682607014973957,1.5378721002550413,0.6626701354980469,-0.5656661987304688,1.8173751831054688
triplet,Car-Brake-OutgoLane,head-phrase,27.977222442626953,0.783130279710544,0.6626701354980469,-0.5656661987304688,1.8173751831054688
triplet,Car-Brake-OutgoLane,head-shuffled,24.36680793762207,1.416718190114414,0.6626701354980469,-0.5656661987304688,1.8173751831054688
triplet,Car-Brake-OutgoLane,stage5,33.45603688557943,1.5743830074237137,0.6626701354980469,-0.5656661987304688,1.8173751831054688
triplet,Car-Brake-OutgoLane,stage6,34.094163258870445,0.8819873046079,0.6626701354980469,-0.5656661987304688,1.8173751831054688
triplet,Car-Brake-OutgoLane,fusion-flat-evidence,33.482872009277344,0.6846431400708934,0.6626701354980469,-0.5656661987304688,1.8173751831054688
triplet,Car-Brake-OutgoLane,fusion-shuffled,33.30333582560221,0.24000822418744477,0.6626701354980469,-0.5656661987304688,1.8173751831054688
triplet,Car-Brake-Jun,head-flat,15.830827077229818,1.8808839971831037,-1.2818984985351562,-2.1196937561035156,-0.07345771789550781
triplet,Car-Brake-Jun,head-phrase,18.832330067952473,0.15820162799344253,-1.2818984985351562,-2.1196937561035156,-0.07345771789550781
triplet,Car-Brake-Jun,head-shuffled,7.059078375498454,1.270524872728411,-1.2818984985351562,-2.1196937561035156,-0.07345771789550781
triplet,Car-Brake-Jun,stage5,22.249270757039387,1.7765409920164108,-1.2818984985351562,-2.1196937561035156,-0.07345771789550781
triplet,Car-Brake-Jun,stage6,21.09092076619466,0.8733251281373571,-1.2818984985351562,-2.1196937561035156,-0.07345771789550781
triplet,Car-Brake-Jun,fusion-flat-evidence,21.505415598551433,0.7418775696121861,-1.2818984985351562,-2.1196937561035156,-0.07345771789550781
triplet,Car-Brake-Jun,fusion-shuffled,21.365136464436848,0.7032797111042726,-1.2818984985351562,-2.1196937561035156,-0.07345771789550781
triplet,Car-Stop-VehLane,head-flat,34.411581675211586,0.684837474477835,0.2538261413574219,2.3838272094726562,1.2028007507324219
triplet,Car-Stop-VehLane,head-phrase,33.074832916259766,0.6377075423681541,0.2538261413574219,2.3838272094726562,1.2028007507324219
triplet,Car-Stop-VehLane,head-shuffled,27.502696355183918,0.2401804243332035,0.2538261413574219,2.3838272094726562,1.2028007507324219
triplet,Car-Stop-VehLane,stage5,36.64189020792643,0.5619715866689218,0.2538261413574219,2.3838272094726562,1.2028007507324219
triplet,Car-Stop-VehLane,stage6,37.92204157511393,0.5123733079436487,0.2538261413574219,2.3838272094726562,1.2028007507324219
triplet,Car-Stop-VehLane,fusion-flat-evidence,38.07549158732096,0.5554768985607645,0.2538261413574219,2.3838272094726562,1.2028007507324219
triplet,Car-Stop-VehLane,fusion-shuffled,37.662166595458984,0.2746500572745039,0.2538261413574219,2.3838272094726562,1.2028007507324219
triplet,Car-Stop-OutgoLane,head-flat,20.815186818440754,1.0109538455696927,2.3435802459716797,0.8934364318847656,1.7718868255615234
triplet,Car-Stop-OutgoLane,head-phrase,19.69963264465332,0.6661111546852011,2.3435802459716797,0.8934364318847656,1.7718868255615234
triplet,Car-Stop-OutgoLane,head-shuffled,11.230010986328125,0.9749708225225793,2.3435802459716797,0.8934364318847656,1.7718868255615234
triplet,Car-Stop-OutgoLane,stage5,26.426740646362305,0.29135705862906475,2.3435802459716797,0.8934364318847656,1.7718868255615234
triplet,Car-Stop-OutgoLane,stage6,28.09637514750163,0.4929081917256011,2.3435802459716797,0.8934364318847656,1.7718868255615234
triplet,Car-Stop-OutgoLane,fusion-flat-evidence,27.633106867472332,1.2369240421343533,2.3435802459716797,0.8934364318847656,1.7718868255615234
triplet,Car-Stop-OutgoLane,fusion-shuffled,28.285921732584637,0.44117401880584206,2.3435802459716797,0.8934364318847656,1.7718868255615234
triplet,Car-Stop-IncomLane,head-flat,16.833477020263672,0.47951823544484273,0.7086658477783203,1.1009387969970703,0.48400115966796875
triplet,Car-Stop-IncomLane,head-phrase,16.617038091023762,0.11731151039870037,0.7086658477783203,1.1009387969970703,0.48400115966796875
triplet,Car-Stop-IncomLane,head-shuffled,10.937645276387533,0.32080331799586653,0.7086658477783203,1.1009387969970703,0.48400115966796875
triplet,Car-Stop-IncomLane,stage5,23.142385482788086,0.29733923964631165,0.7086658477783203,1.1009387969970703,0.48400115966796875
triplet,Car-Stop-IncomLane,stage6,23.90692075093587,0.47139367518080016,0.7086658477783203,1.1009387969970703,0.48400115966796875
triplet,Car-Stop-IncomLane,fusion-flat-evidence,24.43453534444173,0.2148299202387268,0.7086658477783203,1.1009387969970703,0.48400115966796875
triplet,Car-Stop-IncomLane,fusion-shuffled,24.61928367614746,0.18566434594991954,0.7086658477783203,1.1009387969970703,0.48400115966796875
triplet,Car-Stop-Jun,head-flat,19.908976236979168,1.1149612721276188,-1.2210960388183594,-0.34869384765625,-0.5950126647949219
triplet,Car-Stop-Jun,head-phrase,20.141011555989582,0.21663475037740637,-1.2210960388183594,-0.34869384765625,-0.5950126647949219
triplet,Car-Stop-Jun,head-shuffled,19.173901240030926,0.8509291778866637,-1.2210960388183594,-0.34869384765625,-0.5950126647949219
triplet,Car-Stop-Jun,stage5,25.392183303833008,0.6410570648838845,-1.2210960388183594,-0.34869384765625,-0.5950126647949219
triplet,Car-Stop-Jun,stage6,24.670582453409832,0.8319016817399707,-1.2210960388183594,-0.34869384765625,-0.5950126647949219
triplet,Car-Stop-Jun,fusion-flat-evidence,24.835847854614258,0.2624708090895936,-1.2210960388183594,-0.34869384765625,-0.5950126647949219
triplet,Car-Stop-Jun,fusion-shuffled,24.527594248453777,0.9674672556108,-1.2210960388183594,-0.34869384765625,-0.5950126647949219
triplet,Car-Stop-parking,head-flat,2.040039380391439,0.09512468998580148,0.06792545318603516,-0.39271044731140137,0.05696749687194824
triplet,Car-Stop-parking,head-phrase,1.6290963490804036,0.04010358509684366,0.06792545318603516,-0.39271044731140137,0.05696749687194824
triplet,Car-Stop-parking,head-shuffled,0.9427900711695353,0.05193703994665241,0.06792545318603516,-0.39271044731140137,0.05696749687194824
triplet,Car-Stop-parking,stage5,2.1227289040883384,0.07013881300689154,0.06792545318603516,-0.39271044731140137,0.05696749687194824
triplet,Car-Stop-parking,stage6,2.0334564050038657,0.3121019120378871,0.06792545318603516,-0.39271044731140137,0.05696749687194824
triplet,Car-Stop-parking,fusion-flat-evidence,2.0344879627227783,0.15919858369676032,0.06792545318603516,-0.39271044731140137,0.05696749687194824
triplet,Car-Stop-parking,fusion-shuffled,1.9814544916152954,0.17112684169496636,0.06792545318603516,-0.39271044731140137,0.05696749687194824
triplet,Car-IncatLft-VehLane,head-flat,11.489494800567627,4.707488343453643,3.429414749145508,1.7222461700439453,-0.607670783996582
triplet,Car-IncatLft-VehLane,head-phrase,12.218894004821777,1.0648303810789626,3.429414749145508,1.7222461700439453,-0.607670783996582
triplet,Car-IncatLft-VehLane,head-shuffled,1.2297354539235432,0.3594721663818608,3.429414749145508,1.7222461700439453,-0.607670783996582
triplet,Car-IncatLft-VehLane,stage5,14.453841845194498,0.8600499143382085,3.429414749145508,1.7222461700439453,-0.607670783996582
triplet,Car-IncatLft-VehLane,stage6,15.968505223592123,2.4508592348907277,3.429414749145508,1.7222461700439453,-0.607670783996582
triplet,Car-IncatLft-VehLane,fusion-flat-evidence,15.260786374409994,2.9124622933638173,3.429414749145508,1.7222461700439453,-0.607670783996582
triplet,Car-IncatLft-VehLane,fusion-shuffled,14.950509389241537,3.863626138871369,3.429414749145508,1.7222461700439453,-0.607670783996582
triplet,Car-IncatLft-OutgoLane,head-flat,1.5192933082580566,0.24680124801287348,-1.1212661266326904,-0.2374134063720703,-1.693028211593628
triplet,Car-IncatLft-OutgoLane,head-phrase,2.898305575052897,0.09796601062731396,-1.1212661266326904,-0.2374134063720703,-1.693028211593628
triplet,Car-IncatLft-OutgoLane,head-shuffled,4.9781874020894366,0.6522516249808041,-1.1212661266326904,-0.2374134063720703,-1.693028211593628
triplet,Car-IncatLft-OutgoLane,stage5,3.31105367342631,0.4729989288513279,-1.1212661266326904,-0.2374134063720703,-1.693028211593628
triplet,Car-IncatLft-OutgoLane,stage6,2.2938177585601807,0.2663404236575952,-1.1212661266326904,-0.2374134063720703,-1.693028211593628
triplet,Car-IncatLft-OutgoLane,fusion-flat-evidence,3.143407106399536,0.6868956033811213,-1.1212661266326904,-0.2374134063720703,-1.693028211593628
triplet,Car-IncatLft-OutgoLane,fusion-shuffled,2.807328542073568,0.6078358344102895,-1.1212661266326904,-0.2374134063720703,-1.693028211593628
triplet,Car-IncatLft-IncomLane,head-flat,5.977149645487468,0.6447241880201956,-0.7023954391479492,-0.9355273246765137,-1.849212646484375
triplet,Car-IncatLft-IncomLane,head-phrase,3.2142066955566406,0.03640947877203997,-0.7023954391479492,-0.9355273246765137,-1.849212646484375
triplet,Car-IncatLft-IncomLane,head-shuffled,0.9061436057090759,0.046154195607389356,-0.7023954391479492,-0.9355273246765137,-1.849212646484375
triplet,Car-IncatLft-IncomLane,stage5,5.6557297706604,0.5746581356440006,-0.7023954391479492,-0.9355273246765137,-1.849212646484375
triplet,Car-IncatLft-IncomLane,stage6,4.493351300557454,1.1178781159675806,-0.7023954391479492,-0.9355273246765137,-1.849212646484375
triplet,Car-IncatLft-IncomLane,fusion-flat-evidence,5.812626997629802,0.693771469864984,-0.7023954391479492,-0.9355273246765137,-1.849212646484375
triplet,Car-IncatLft-IncomLane,fusion-shuffled,5.278524160385132,1.3353534626448051,-0.7023954391479492,-0.9355273246765137,-1.849212646484375
triplet,Car-IncatLft-Jun,head-flat,3.29676087697347,0.845081617432405,-1.163062572479248,0.13601922988891602,0.26374053955078125
triplet,Car-IncatLft-Jun,head-phrase,4.8813473383585615,0.18535250057215044,-1.163062572479248,0.13601922988891602,0.26374053955078125
triplet,Car-IncatLft-Jun,head-shuffled,1.93852961063385,0.25210120165225963,-1.163062572479248,0.13601922988891602,0.26374053955078125
triplet,Car-IncatLft-Jun,stage5,5.126052538553874,1.351699039636713,-1.163062572479248,0.13601922988891602,0.26374053955078125
triplet,Car-IncatLft-Jun,stage6,4.871618270874023,0.5956210872036778,-1.163062572479248,0.13601922988891602,0.26374053955078125
triplet,Car-IncatLft-Jun,fusion-flat-evidence,6.258975664774577,1.2127553057730145,-1.163062572479248,0.13601922988891602,0.26374053955078125
triplet,Car-IncatLft-Jun,fusion-shuffled,4.854797760645549,1.2055372741882913,-1.163062572479248,0.13601922988891602,0.26374053955078125
triplet,Car-IncatRht-VehLane,head-flat,1.3310271104176838,0.2858142807246187,0.10618901252746582,-0.20854341983795166,0.12303996086120605
triplet,Car-IncatRht-VehLane,head-phrase,1.2617002328236897,0.1576765331334383,0.10618901252746582,-0.20854341983795166,0.12303996086120605
triplet,Car-IncatRht-VehLane,head-shuffled,0.3484963874022166,0.08750637917915675,0.10618901252746582,-0.20854341983795166,0.12303996086120605
triplet,Car-IncatRht-VehLane,stage5,1.5691139698028564,0.5396513981610918,0.10618901252746582,-0.20854341983795166,0.12303996086120605
triplet,Car-IncatRht-VehLane,stage6,1.5760091543197632,0.3544431801493056,0.10618901252746582,-0.20854341983795166,0.12303996086120605
triplet,Car-IncatRht-VehLane,fusion-flat-evidence,1.7083499431610107,0.38524820409229055,0.10618901252746582,-0.20854341983795166,0.12303996086120605
triplet,Car-IncatRht-VehLane,fusion-shuffled,1.795548915863037,0.5197683169406747,0.10618901252746582,-0.20854341983795166,0.12303996086120605
triplet,Car-IncatRht-OutgoLane,head-flat,1.4218156337738037,0.11208367686082515,0.08694124221801758,-1.807208776473999,0.12098407745361328
triplet,Car-IncatRht-OutgoLane,head-phrase,2.8287121454874673,0.2291053287540309,0.08694124221801758,-1.807208776473999,0.12098407745361328
triplet,Car-IncatRht-OutgoLane,head-shuffled,0.7418215672175089,0.007439400123625172,0.08694124221801758,-1.807208776473999,0.12098407745361328
triplet,Car-IncatRht-OutgoLane,stage5,2.804553985595703,0.7277674298957383,0.08694124221801758,-1.807208776473999,0.12098407745361328
triplet,Car-IncatRht-OutgoLane,stage6,2.2714594999949136,0.42894080042616944,0.08694124221801758,-1.807208776473999,0.12098407745361328
triplet,Car-IncatRht-OutgoLane,fusion-flat-evidence,2.2139174938201904,0.0733957047102972,0.08694124221801758,-1.807208776473999,0.12098407745361328
triplet,Car-IncatRht-OutgoLane,fusion-shuffled,2.0937625567118325,0.39093848800381426,0.08694124221801758,-1.807208776473999,0.12098407745361328
triplet,Car-IncatRht-IncomLane,head-flat,0.36279672880967456,0.18786544392568538,-1.1314774751663208,-0.29406940937042236,-1.487122893333435
triplet,Car-IncatRht-IncomLane,head-phrase,1.249956488609314,0.08996950922809785,-1.1314774751663208,-0.29406940937042236,-1.487122893333435
triplet,Car-IncatRht-IncomLane,head-shuffled,0.43760523200035095,0.06044750002810025,-1.1314774751663208,-0.29406940937042236,-1.487122893333435
triplet,Car-IncatRht-IncomLane,stage5,2.0882964928944907,0.42634386715113887,-1.1314774751663208,-0.29406940937042236,-1.487122893333435
triplet,Car-IncatRht-IncomLane,stage6,1.1174065669377644,0.19371726523509616,-1.1314774751663208,-0.29406940937042236,-1.487122893333435
triplet,Car-IncatRht-IncomLane,fusion-flat-evidence,0.929980993270874,0.10347403686551533,-1.1314774751663208,-0.29406940937042236,-1.487122893333435
triplet,Car-IncatRht-IncomLane,fusion-shuffled,0.940699944893519,0.5298458801045747,-1.1314774751663208,-0.29406940937042236,-1.487122893333435
triplet,Car-IncatRht-Jun,head-flat,1.223840554555257,0.24114047931393046,0.10780346393585205,-0.06534314155578613,-0.19193339347839355
triplet,Car-IncatRht-Jun,head-phrase,0.8881575266520182,0.02359841635338841,0.10780346393585205,-0.06534314155578613,-0.19193339347839355
triplet,Car-IncatRht-Jun,head-shuffled,0.4131791094938914,0.03861273752386253,0.10780346393585205,-0.06534314155578613,-0.19193339347839355
triplet,Car-IncatRht-Jun,stage5,1.454058051109314,0.14240109369545925,0.10780346393585205,-0.06534314155578613,-0.19193339347839355
triplet,Car-IncatRht-Jun,stage6,1.404233694076538,0.18872637953547497,0.10780346393585205,-0.06534314155578613,-0.19193339347839355
triplet,Car-IncatRht-Jun,fusion-flat-evidence,1.3667834997177124,0.1921054019259053,0.10780346393585205,-0.06534314155578613,-0.19193339347839355
triplet,Car-IncatRht-Jun,fusion-shuffled,1.3015230099360149,0.32459792066785736,0.10780346393585205,-0.06534314155578613,-0.19193339347839355
triplet,Car-HazLit-IncomLane,head-flat,0.004392605895797412,0.0003314969722519534,-0.111210853792727,0.021577559411525726,0.04759684577584267
triplet,Car-HazLit-IncomLane,head-phrase,0.26206327974796295,0.03826621384193482,-0.111210853792727,0.021577559411525726,0.04759684577584267
triplet,Car-HazLit-IncomLane,head-shuffled,0.039159443229436874,0.001718376705572034,-0.111210853792727,0.021577559411525726,0.04759684577584267
triplet,Car-HazLit-IncomLane,stage5,0.06282206997275352,0.0507171591258549,-0.111210853792727,0.021577559411525726,0.04759684577584267
triplet,Car-HazLit-IncomLane,stage6,0.04880992043763399,0.03511323951897181,-0.111210853792727,0.021577559411525726,0.04759684577584267
triplet,Car-HazLit-IncomLane,fusion-flat-evidence,0.0674657163520654,0.030902317558686623,-0.111210853792727,0.021577559411525726,0.04759684577584267
triplet,Car-HazLit-IncomLane,fusion-shuffled,0.06595249101519585,0.020907375298023608,-0.111210853792727,0.021577559411525726,0.04759684577584267
triplet,Car-TurLft-VehLane,head-flat,0.523398627837499,0.11940324449584397,0.2888813614845276,-0.5686778426170349,-0.7047269344329834
triplet,Car-TurLft-VehLane,head-phrase,0.5786985556284586,0.011939451898400405,0.2888813614845276,-0.5686778426170349,-0.7047269344329834
triplet,Car-TurLft-VehLane,head-shuffled,0.09658444921175639,0.005434726462675118,0.2888813614845276,-0.5686778426170349,-0.7047269344329834
triplet,Car-TurLft-VehLane,stage5,1.1378790338834126,0.3120867796474372,0.2888813614845276,-0.5686778426170349,-0.7047269344329834
triplet,Car-TurLft-VehLane,stage6,0.8097045620282491,0.24303028780594157,0.2888813614845276,-0.5686778426170349,-0.7047269344329834
triplet,Car-TurLft-VehLane,fusion-flat-evidence,0.8441609342892965,0.15945414112219713,0.2888813614845276,-0.5686778426170349,-0.7047269344329834
triplet,Car-TurLft-VehLane,fusion-shuffled,0.6734849214553833,0.14547176117549548,0.2888813614845276,-0.5686778426170349,-0.7047269344329834
triplet,Car-TurLft-Jun,head-flat,6.2466427485148115,0.9211293606511125,-0.36211585998535156,-0.5345816612243652,-0.09829330444335938
triplet,Car-TurLft-Jun,head-phrase,4.862776915232341,0.19180021858397445,-0.36211585998535156,-0.5345816612243652,-0.09829330444335938
triplet,Car-TurLft-Jun,head-shuffled,2.1471806367238364,0.2770554733104557,-0.36211585998535156,-0.5345816612243652,-0.09829330444335938
triplet,Car-TurLft-Jun,stage5,7.397216002146403,0.08324708395490206,-0.36211585998535156,-0.5345816612243652,-0.09829330444335938
triplet,Car-TurLft-Jun,stage6,7.065552393595378,0.2390354711738101,-0.36211585998535156,-0.5345816612243652,-0.09829330444335938
triplet,Car-TurLft-Jun,fusion-flat-evidence,8.022920926411947,0.09824250508406426,-0.36211585998535156,-0.5345816612243652,-0.09829330444335938
triplet,Car-TurLft-Jun,fusion-shuffled,6.912357489267985,0.4589217971930277,-0.36211585998535156,-0.5345816612243652,-0.09829330444335938
triplet,Car-TurRht-Jun,head-flat,5.030868212381999,0.18051489784242608,0.03429412841796875,0.46601343154907227,-0.0561375617980957
triplet,Car-TurRht-Jun,head-phrase,4.810622374216716,0.1361246829877774,0.03429412841796875,0.46601343154907227,-0.0561375617980957
triplet,Car-TurRht-Jun,head-shuffled,3.5313704013824463,0.9990255438575799,0.03429412841796875,0.46601343154907227,-0.0561375617980957
triplet,Car-TurRht-Jun,stage5,6.50911808013916,0.593187330146126,0.03429412841796875,0.46601343154907227,-0.0561375617980957
triplet,Car-TurRht-Jun,stage6,6.657174746195476,0.4558960056626033,0.03429412841796875,0.46601343154907227,-0.0561375617980957
triplet,Car-TurRht-Jun,fusion-flat-evidence,6.8925825754801435,0.6577810863259645,0.03429412841796875,0.46601343154907227,-0.0561375617980957
triplet,Car-TurRht-Jun,fusion-shuffled,6.333080927530925,0.6830734292296211,0.03429412841796875,0.46601343154907227,-0.0561375617980957
triplet,Car-MovRht-OutgoLane,head-flat,0.5517767171065012,0.1239803361815455,0.15408891439437866,0.2775907516479492,-0.1428239345550537
triplet,Car-MovRht-OutgoLane,head-phrase,0.5286736090977987,0.03609717571672591,0.15408891439437866,0.2775907516479492,-0.1428239345550537
triplet,Car-MovRht-OutgoLane,head-shuffled,0.09871363639831543,0.002758502991406799,0.15408891439437866,0.2775907516479492,-0.1428239345550537
triplet,Car-MovRht-OutgoLane,stage5,0.7242372433344523,0.07338739791920042,0.15408891439437866,0.2775907516479492,-0.1428239345550537
triplet,Car-MovRht-OutgoLane,stage6,0.8205224871635437,0.14457501539519063,0.15408891439437866,0.2775907516479492,-0.1428239345550537
triplet,Car-MovRht-OutgoLane,fusion-flat-evidence,0.8487980763117472,0.2784503680709364,0.15408891439437866,0.2775907516479492,-0.1428239345550537
triplet,Car-MovRht-OutgoLane,fusion-shuffled,0.7878372470537821,0.09910456320764677,0.15408891439437866,0.2775907516479492,-0.1428239345550537
triplet,Car-MovLft-VehLane,head-flat,0.30382489661375683,0.14926628903764574,-0.2421436607837677,-0.3701457977294922,0.3883684277534485
triplet,Car-MovLft-VehLane,head-phrase,0.4793502390384674,0.1255394088933027,-0.2421436607837677,-0.3701457977294922,0.3883684277534485
triplet,Car-MovLft-VehLane,head-shuffled,0.02145451990266641,0.002441436019586899,-0.2421436607837677,-0.3701457977294922,0.3883684277534485
triplet,Car-MovLft-VehLane,stage5,0.5994051098823547,0.09281706701391781,-0.2421436607837677,-0.3701457977294922,0.3883684277534485
triplet,Car-MovLft-VehLane,stage6,0.524764766295751,0.32169918938726777,-0.2421436607837677,-0.3701457977294922,0.3883684277534485
triplet,Car-MovLft-VehLane,fusion-flat-evidence,0.5521814127763113,0.26761568619072634,-0.2421436607837677,-0.3701457977294922,0.3883684277534485
triplet,Car-MovLft-VehLane,fusion-shuffled,1.2934236576159794,1.4722158183238079,-0.2421436607837677,-0.3701457977294922,0.3883684277534485
triplet,Car-MovLft-OutgoLane,head-flat,0.5572112202644348,0.11181716922529825,-1.8326009511947632,-0.09138059616088867,-0.3545570373535156
triplet,Car-MovLft-OutgoLane,head-phrase,0.9497654040654501,0.03516145149675078,-1.8326009511947632,-0.09138059616088867,-0.3545570373535156
triplet,Car-MovLft-OutgoLane,head-shuffled,0.6342278917630514,0.05383851513944512,-1.8326009511947632,-0.09138059616088867,-0.3545570373535156
triplet,Car-MovLft-OutgoLane,stage5,2.4589469035466514,1.02044882093498,-1.8326009511947632,-0.09138059616088867,-0.3545570373535156
triplet,Car-MovLft-OutgoLane,stage6,1.6994340419769287,0.5664952329042854,-1.8326009511947632,-0.09138059616088867,-0.3545570373535156
triplet,Car-MovLft-OutgoLane,fusion-flat-evidence,1.091561198234558,0.1210934542849473,-1.8326009511947632,-0.09138059616088867,-0.3545570373535156
triplet,Car-MovLft-OutgoLane,fusion-shuffled,1.5179275671641033,0.36373111904936006,-1.8326009511947632,-0.09138059616088867,-0.3545570373535156
triplet,Car-XingFmLft-Jun,head-flat,12.876003583272299,0.8286198740789619,0.040802001953125,-2.018054962158203,-0.2778329849243164
triplet,Car-XingFmLft-Jun,head-phrase,9.335118929545084,0.07558274417875736,0.040802001953125,-2.018054962158203,-0.2778329849243164
triplet,Car-XingFmLft-Jun,head-shuffled,3.686604658762614,0.12893693373617857,0.040802001953125,-2.018054962158203,-0.2778329849243164
triplet,Car-XingFmLft-Jun,stage5,13.4499298731486,0.8459052883104121,0.040802001953125,-2.018054962158203,-0.2778329849243164
triplet,Car-XingFmLft-Jun,stage6,12.698234558105469,0.8607323022386828,0.040802001953125,-2.018054962158203,-0.2778329849243164
triplet,Car-XingFmLft-Jun,fusion-flat-evidence,12.475098609924316,0.3355282056195919,0.040802001953125,-2.018054962158203,-0.2778329849243164
triplet,Car-XingFmLft-Jun,fusion-shuffled,12.926044146219889,0.18993127965543272,0.040802001953125,-2.018054962158203,-0.2778329849243164
triplet,Car-XingFmRht-Jun,head-flat,9.612773736317953,1.6739610402797283,0.21711254119873047,-0.4160013198852539,1.9117250442504883
triplet,Car-XingFmRht-Jun,head-phrase,9.899239857991537,0.2778566228167051,0.21711254119873047,-0.4160013198852539,1.9117250442504883
triplet,Car-XingFmRht-Jun,head-shuffled,1.9371668497721355,0.16858667981218362,0.21711254119873047,-0.4160013198852539,1.9117250442504883
triplet,Car-XingFmRht-Jun,stage5,11.82978375752767,1.0468153463689864,0.21711254119873047,-0.4160013198852539,1.9117250442504883
triplet,Car-XingFmRht-Jun,stage6,12.400729179382324,0.15998173852380773,0.21711254119873047,-0.4160013198852539,1.9117250442504883
triplet,Car-XingFmRht-Jun,fusion-flat-evidence,11.533751169840494,0.16440234073238336,0.21711254119873047,-0.4160013198852539,1.9117250442504883
triplet,Car-XingFmRht-Jun,fusion-shuffled,12.366347948710123,0.0731879631023572,0.21711254119873047,-0.4160013198852539,1.9117250442504883
triplet,Cyc-MovAway-OutgoCycLane,head-flat,0.015374417727192244,0.0054081085880806805,0.6487445831298828,-0.11541935056447983,0.10934494435787201
triplet,Cyc-MovAway-OutgoCycLane,head-phrase,0.4689799944559733,0.03250428986853435,0.6487445831298828,-0.11541935056447983,0.10934494435787201
triplet,Cyc-MovAway-OutgoCycLane,head-shuffled,0.010379936856528124,0.00017066087454588923,0.6487445831298828,-0.11541935056447983,0.10934494435787201
triplet,Cyc-MovAway-OutgoCycLane,stage5,0.1907782107591629,0.03183072834021812,0.6487445831298828,-0.11541935056447983,0.10934494435787201
triplet,Cyc-MovAway-OutgoCycLane,stage6,0.40500160306692123,0.40817904970618574,0.6487445831298828,-0.11541935056447983,0.10934494435787201
triplet,Cyc-MovAway-OutgoCycLane,fusion-flat-evidence,0.3747394805153211,0.2418083196364819,0.6487445831298828,-0.11541935056447983,0.10934494435787201
triplet,Cyc-MovAway-OutgoCycLane,fusion-shuffled,0.21048512309789658,0.19562030625698634,0.6487445831298828,-0.11541935056447983,0.10934494435787201
triplet,Cyc-MovAway-RhtPav,head-flat,0.0008845787184933821,0.00021594575397197821,0.0007796649006195366,-0.0002732768189162016,-0.00011934025678783655
triplet,Cyc-MovAway-RhtPav,head-phrase,0.21306332449118295,0.047642477018488984,0.0007796649006195366,-0.0002732768189162016,-0.00011934025678783655
triplet,Cyc-MovAway-RhtPav,head-shuffled,0.003913445553431909,0.000491242597071584,0.0007796649006195366,-0.0002732768189162016,-0.00011934025678783655
triplet,Cyc-MovAway-RhtPav,stage5,0.0015506454704639812,0.0008529559362513902,0.0007796649006195366,-0.0002732768189162016,-0.00011934025678783655
triplet,Cyc-MovAway-RhtPav,stage6,0.0016796614121024807,0.0002962320267206947,0.0007796649006195366,-0.0002732768189162016,-0.00011934025678783655
triplet,Cyc-MovAway-RhtPav,fusion-flat-evidence,0.002585586335044354,0.0019184473231771988,0.0007796649006195366,-0.0002732768189162016,-0.00011934025678783655
triplet,Cyc-MovAway-RhtPav,fusion-shuffled,0.0013552680999661486,0.0003522389153823579,0.0007796649006195366,-0.0002732768189162016,-0.00011934025678783655
triplet,Cyc-MovTow-IncomLane,head-flat,0.3808774749437968,0.2864080162583114,0.1871153712272644,0.3976721465587616,0.33253413438796997
triplet,Cyc-MovTow-IncomLane,head-phrase,1.1384832859039307,0.054590122935349865,0.1871153712272644,0.3976721465587616,0.33253413438796997
triplet,Cyc-MovTow-IncomLane,head-shuffled,0.01716422475874424,0.001024307475083832,0.1871153712272644,0.3976721465587616,0.33253413438796997
triplet,Cyc-MovTow-IncomLane,stage5,0.4610257645448049,0.08351571162515402,0.1871153712272644,0.3976721465587616,0.33253413438796997
triplet,Cyc-MovTow-IncomLane,stage6,0.7667996486028036,0.06292107713000947,0.1871153712272644,0.3976721465587616,0.33253413438796997
triplet,Cyc-MovTow-IncomLane,fusion-flat-evidence,0.8803001046180725,0.5457440509926216,0.1871153712272644,0.3976721465587616,0.33253413438796997
triplet,Cyc-MovTow-IncomLane,fusion-shuffled,0.7921382983525594,0.2593664181465759,0.1871153712272644,0.3976721465587616,0.33253413438796997
triplet,Cyc-MovTow-RhtPav,head-flat,0.0,0.0,0.0,0.0,0.0
triplet,Cyc-MovTow-RhtPav,head-phrase,0.0,0.0,0.0,0.0,0.0
triplet,Cyc-MovTow-RhtPav,head-shuffled,0.0,0.0,0.0,0.0,0.0
triplet,Cyc-MovTow-RhtPav,stage5,0.0,0.0,0.0,0.0,0.0
triplet,Cyc-MovTow-RhtPav,stage6,0.0,0.0,0.0,0.0,0.0
triplet,Cyc-MovTow-RhtPav,fusion-flat-evidence,0.0,0.0,0.0,0.0,0.0
triplet,Cyc-MovTow-RhtPav,fusion-shuffled,0.0,0.0,0.0,0.0,0.0
triplet,MedVeh-MovAway-VehLane,head-flat,7.212360143661499,3.722569699675039,3.3459596633911133,-3.275419235229492,-6.18243408203125
triplet,MedVeh-MovAway-VehLane,head-phrase,17.5826997756958,1.8482573338577204,3.3459596633911133,-3.275419235229492,-6.18243408203125
triplet,MedVeh-MovAway-VehLane,head-shuffled,2.854625622431437,0.32995167958587646,3.3459596633911133,-3.275419235229492,-6.18243408203125
triplet,MedVeh-MovAway-VehLane,stage5,16.776553471883137,4.872574162838947,3.3459596633911133,-3.275419235229492,-6.18243408203125
triplet,MedVeh-MovAway-VehLane,stage6,14.739255587259928,3.5671123174357127,3.3459596633911133,-3.275419235229492,-6.18243408203125
triplet,MedVeh-MovAway-VehLane,fusion-flat-evidence,18.651703516642254,3.1045068225205834,3.3459596633911133,-3.275419235229492,-6.18243408203125
triplet,MedVeh-MovAway-VehLane,fusion-shuffled,15.901206334431967,1.4596624933834348,3.3459596633911133,-3.275419235229492,-6.18243408203125
triplet,MedVeh-MovAway-OutgoLane,head-flat,7.940992037455241,0.9685012565957362,0.7340145111083984,1.2828760147094727,0.8779792785644531
triplet,MedVeh-MovAway-OutgoLane,head-phrase,7.482367197672526,0.2986990961882844,0.7340145111083984,1.2828760147094727,0.8779792785644531
triplet,MedVeh-MovAway-OutgoLane,head-shuffled,5.533889929453532,0.3037394503960964,0.7340145111083984,1.2828760147094727,0.8779792785644531
triplet,MedVeh-MovAway-OutgoLane,stage5,11.314489682515463,0.7402469744268099,0.7340145111083984,1.2828760147094727,0.8779792785644531
triplet,MedVeh-MovAway-OutgoLane,stage6,12.279446283976236,0.946942273186232,0.7340145111083984,1.2828760147094727,0.8779792785644531
triplet,MedVeh-MovAway-OutgoLane,fusion-flat-evidence,12.497831026713053,0.5080399970481131,0.7340145111083984,1.2828760147094727,0.8779792785644531
triplet,MedVeh-MovAway-OutgoLane,fusion-shuffled,12.98483657836914,0.4221255818818011,0.7340145111083984,1.2828760147094727,0.8779792785644531
triplet,MedVeh-MovAway-Jun,head-flat,1.0323461294174194,0.4359292394370122,3.0589070320129395,2.1025476455688477,-2.5404458045959473
triplet,MedVeh-MovAway-Jun,head-phrase,5.816043217976888,0.7227024091211909,3.0589070320129395,2.1025476455688477,-2.5404458045959473
triplet,MedVeh-MovAway-Jun,head-shuffled,0.12642408907413483,0.02007424207069282,3.0589070320129395,2.1025476455688477,-2.5404458045959473
triplet,MedVeh-MovAway-Jun,stage5,3.8413793245951333,1.9838489537771808,3.0589070320129395,2.1025476455688477,-2.5404458045959473
triplet,MedVeh-MovAway-Jun,stage6,4.715048948923747,1.7590562172312205,3.0589070320129395,2.1025476455688477,-2.5404458045959473
triplet,MedVeh-MovAway-Jun,fusion-flat-evidence,6.35573164621989,1.8695893141368953,3.0589070320129395,2.1025476455688477,-2.5404458045959473
triplet,MedVeh-MovAway-Jun,fusion-shuffled,4.9860466321309405,1.0172220480329641,3.0589070320129395,2.1025476455688477,-2.5404458045959473
triplet,MedVeh-MovTow-IncomLane,head-flat,5.447526613871257,0.8298905655047817,0.8856735229492188,-0.9812898635864258,1.2600946426391602
triplet,MedVeh-MovTow-IncomLane,head-phrase,6.673564434051514,0.5453090437404696,0.8856735229492188,-0.9812898635864258,1.2600946426391602
triplet,MedVeh-MovTow-IncomLane,head-shuffled,1.5652690728505452,0.16802443000731238,0.8856735229492188,-0.9812898635864258,1.2600946426391602
triplet,MedVeh-MovTow-IncomLane,stage5,8.617982228597006,0.8685043020867396,0.8856735229492188,-0.9812898635864258,1.2600946426391602
triplet,MedVeh-MovTow-IncomLane,stage6,9.006141662597656,0.33307292907076297,0.8856735229492188,-0.9812898635864258,1.2600946426391602
triplet,MedVeh-MovTow-IncomLane,fusion-flat-evidence,9.74185053507487,0.7342208766114133,0.8856735229492188,-0.9812898635864258,1.2600946426391602
triplet,MedVeh-MovTow-IncomLane,fusion-shuffled,9.725342750549316,0.19778896177399446,0.8856735229492188,-0.9812898635864258,1.2600946426391602
triplet,MedVeh-MovTow-Jun,head-flat,2.098291337490082,1.056774807670577,1.8616700172424316,-1.431403398513794,0.6049134731292725
triplet,MedVeh-MovTow-Jun,head-phrase,3.06074857711792,0.18311412016555012,1.8616700172424316,-1.431403398513794,0.6049134731292725
triplet,MedVeh-MovTow-Jun,head-shuffled,0.14098520080248514,0.0036685735814619,1.8616700172424316,-1.431403398513794,0.6049134731292725
triplet,MedVeh-MovTow-Jun,stage5,3.977529605229696,0.7116558805804523,1.8616700172424316,-1.431403398513794,0.6049134731292725
triplet,MedVeh-MovTow-Jun,stage6,4.322589635848999,1.1196302235333453,1.8616700172424316,-1.431403398513794,0.6049134731292725
triplet,MedVeh-MovTow-Jun,fusion-flat-evidence,4.461763064066569,0.6863756871774103,1.8616700172424316,-1.431403398513794,0.6049134731292725
triplet,MedVeh-MovTow-Jun,fusion-shuffled,4.867028554280599,1.0395572608676134,1.8616700172424316,-1.431403398513794,0.6049134731292725
triplet,MedVeh-Brake-VehLane,head-flat,6.521890322367351,1.025654643956091,-2.442593574523926,8.02883243560791,4.2345170974731445
triplet,MedVeh-Brake-VehLane,head-phrase,7.208091735839844,0.2810994190060015,-2.442593574523926,8.02883243560791,4.2345170974731445
triplet,MedVeh-Brake-VehLane,head-shuffled,1.7235081990559895,0.7889739896615832,-2.442593574523926,8.02883243560791,4.2345170974731445
triplet,MedVeh-Brake-VehLane,stage5,10.27105712890625,1.052575145257103,-2.442593574523926,8.02883243560791,4.2345170974731445
triplet,MedVeh-Brake-VehLane,stage6,13.544642448425293,4.435924355792793,-2.442593574523926,8.02883243560791,4.2345170974731445
triplet,MedVeh-Brake-VehLane,fusion-flat-evidence,11.00124422709147,6.255164076607191,-2.442593574523926,8.02883243560791,4.2345170974731445
triplet,MedVeh-Brake-VehLane,fusion-shuffled,11.274933179219564,2.0378258455444667,-2.442593574523926,8.02883243560791,4.2345170974731445
triplet,MedVeh-Brake-OutgoLane,head-flat,7.319154262542725,1.5417934176126116,9.885988235473633,2.152921676635742,1.4145689010620117
triplet,MedVeh-Brake-OutgoLane,head-phrase,10.108242988586426,0.2038552184564933,9.885988235473633,2.152921676635742,1.4145689010620117
triplet,MedVeh-Brake-OutgoLane,head-shuffled,2.99278191725413,1.5469240297861298,9.885988235473633,2.152921676635742,1.4145689010620117
triplet,MedVeh-Brake-OutgoLane,stage5,10.590814908345541,2.8220802909845335,9.885988235473633,2.152921676635742,1.4145689010620117
triplet,MedVeh-Brake-OutgoLane,stage6,15.075307846069336,1.8785424366335017,9.885988235473633,2.152921676635742,1.4145689010620117
triplet,MedVeh-Brake-OutgoLane,fusion-flat-evidence,12.416189511617025,2.5848247845195185,9.885988235473633,2.152921676635742,1.4145689010620117
triplet,MedVeh-Brake-OutgoLane,fusion-shuffled,13.087288538614908,4.209878457423512,9.885988235473633,2.152921676635742,1.4145689010620117
triplet,MedVeh-Brake-Jun,head-flat,10.784567515055338,3.9489883086876425,13.373086929321289,2.3853721618652344,-1.8242168426513672
triplet,MedVeh-Brake-Jun,head-phrase,16.05335235595703,2.0840114738693933,13.373086929321289,2.3853721618652344,-1.8242168426513672
triplet,MedVeh-Brake-Jun,head-shuffled,7.2157769203186035,0.24563542185273665,13.373086929321289,2.3853721618652344,-1.8242168426513672
triplet,MedVeh-Brake-Jun,stage5,18.200117111206055,7.172637614167767,13.373086929321289,2.3853721618652344,-1.8242168426513672
triplet,MedVeh-Brake-Jun,stage6,22.84486452738444,0.850899951846833,13.373086929321289,2.3853721618652344,-1.8242168426513672
triplet,MedVeh-Brake-Jun,fusion-flat-evidence,20.5714848836263,0.85691407305815,13.373086929321289,2.3853721618652344,-1.8242168426513672
triplet,MedVeh-Brake-Jun,fusion-shuffled,19.559363047281902,5.034923367806512,13.373086929321289,2.3853721618652344,-1.8242168426513672
triplet,MedVeh-Stop-VehLane,head-flat,1.1326603690783184,0.2621699460365262,0.9789652824401855,9.406843185424805,-1.0380477905273438
triplet,MedVeh-Stop-VehLane,head-phrase,15.045907338460287,1.3459866391262725,0.9789652824401855,9.406843185424805,-1.0380477905273438
triplet,MedVeh-Stop-VehLane,head-shuffled,0.5336999992529551,0.04101130145740283,0.9789652824401855,9.406843185424805,-1.0380477905273438
triplet,MedVeh-Stop-VehLane,stage5,14.778675238291422,7.329668474930742,0.9789652824401855,9.406843185424805,-1.0380477905273438
triplet,MedVeh-Stop-VehLane,stage6,17.894595464070637,11.180999981498715,0.9789652824401855,9.406843185424805,-1.0380477905273438
triplet,MedVeh-Stop-VehLane,fusion-flat-evidence,11.368364254633585,6.7754750192914415,0.9789652824401855,9.406843185424805,-1.0380477905273438
triplet,MedVeh-Stop-VehLane,fusion-shuffled,11.63803227742513,4.757974984595494,0.9789652824401855,9.406843185424805,-1.0380477905273438
triplet,MedVeh-Stop-OutgoLane,head-flat,4.6227043469746905,1.1034630483465337,1.8424062728881836,-5.108624458312988,-1.1996021270751953
triplet,MedVeh-Stop-OutgoLane,head-phrase,8.161425113677979,0.344578392476757,1.8424062728881836,-5.108624458312988,-1.1996021270751953
triplet,MedVeh-Stop-OutgoLane,head-shuffled,4.667610168457031,0.7686575511508268,1.8424062728881836,-5.108624458312988,-1.1996021270751953
triplet,MedVeh-Stop-OutgoLane,stage5,12.683686256408691,2.9283716524930155,1.8424062728881836,-5.108624458312988,-1.1996021270751953
triplet,MedVeh-Stop-OutgoLane,stage6,11.195079485575357,0.7748450336792683,1.8424062728881836,-5.108624458312988,-1.1996021270751953
triplet,MedVeh-Stop-OutgoLane,fusion-flat-evidence,10.01522715886434,2.384304453126658,1.8424062728881836,-5.108624458312988,-1.1996021270751953
triplet,MedVeh-Stop-OutgoLane,fusion-shuffled,11.104458808898926,0.6012856818287273,1.8424062728881836,-5.108624458312988,-1.1996021270751953
triplet,MedVeh-Stop-IncomLane,head-flat,1.8948147694269817,0.31781397048337734,0.7624722719192505,-0.5540761947631836,0.12247467041015625
triplet,MedVeh-Stop-IncomLane,head-phrase,1.1797984441121419,0.08000211452052768,0.7624722719192505,-0.5540761947631836,0.12247467041015625
triplet,MedVeh-Stop-IncomLane,head-shuffled,0.1891277680794398,0.0022562612857616802,0.7624722719192505,-0.5540761947631836,0.12247467041015625
triplet,MedVeh-Stop-IncomLane,stage5,1.8882532119750977,0.23552495091724893,0.7624722719192505,-0.5540761947631836,0.12247467041015625
triplet,MedVeh-Stop-IncomLane,stage6,1.9985434611638386,0.5586963457461682,0.7624722719192505,-0.5540761947631836,0.12247467041015625
triplet,MedVeh-Stop-IncomLane,fusion-flat-evidence,1.6738619804382324,0.4033120191346278,0.7624722719192505,-0.5540761947631836,0.12247467041015625
triplet,MedVeh-Stop-IncomLane,fusion-shuffled,1.9162247975667317,0.3899814591922199,0.7624722719192505,-0.5540761947631836,0.12247467041015625
triplet,MedVeh-Stop-Jun,head-flat,6.578321933746338,0.9687985814150134,0.3365001678466797,-2.48431396484375,-3.8506526947021484
triplet,MedVeh-Stop-Jun,head-phrase,7.331608295440674,0.06057181136133864,0.3365001678466797,-2.48431396484375,-3.8506526947021484
triplet,MedVeh-Stop-Jun,head-shuffled,1.1358983914057414,0.014230600662295612,0.3365001678466797,-2.48431396484375,-3.8506526947021484
triplet,MedVeh-Stop-Jun,stage5,13.318438847859701,1.358553264633383,0.3365001678466797,-2.48431396484375,-3.8506526947021484
triplet,MedVeh-Stop-Jun,stage6,11.318950017293295,0.9975463308022834,0.3365001678466797,-2.48431396484375,-3.8506526947021484
triplet,MedVeh-Stop-Jun,fusion-flat-evidence,12.953245480855307,1.6008357834785478,0.3365001678466797,-2.48431396484375,-3.8506526947021484
triplet,MedVeh-Stop-Jun,fusion-shuffled,11.980876922607422,2.087761025263238,0.3365001678466797,-2.48431396484375,-3.8506526947021484
triplet,MedVeh-Stop-parking,head-flat,0.11384174227714539,0.10196048328438695,-0.0822034552693367,-0.02227121591567993,0.09828479588031769
triplet,MedVeh-Stop-parking,head-phrase,0.08823330948750178,0.004031941831935061,-0.0822034552693367,-0.02227121591567993,0.09828479588031769
triplet,MedVeh-Stop-parking,head-shuffled,0.03817984585960706,0.0030789924029421037,-0.0822034552693367,-0.02227121591567993,0.09828479588031769
triplet,MedVeh-Stop-parking,stage5,0.19733262558778128,0.038726720026554945,-0.0822034552693367,-0.02227121591567993,0.09828479588031769
triplet,MedVeh-Stop-parking,stage6,0.19526933381954828,0.11889993708402051,-0.0822034552693367,-0.02227121591567993,0.09828479588031769
triplet,MedVeh-Stop-parking,fusion-flat-evidence,0.20636299004157385,0.10215983111468147,-0.0822034552693367,-0.02227121591567993,0.09828479588031769
triplet,MedVeh-Stop-parking,fusion-shuffled,0.3783194224039714,0.22858545320033893,-0.0822034552693367,-0.02227121591567993,0.09828479588031769
triplet,MedVeh-IncatLft-IncomLane,head-flat,0.16590255747238794,0.11022148396120925,-0.3446402996778488,1.3119255900382996,-0.5548039972782135
triplet,MedVeh-IncatLft-IncomLane,head-phrase,0.43868792057037354,0.08365027112161989,-0.3446402996778488,1.3119255900382996,-0.5548039972782135
triplet,MedVeh-IncatLft-IncomLane,head-shuffled,0.05179241423805555,0.003017460788394559,-0.3446402996778488,1.3119255900382996,-0.5548039972782135
triplet,MedVeh-IncatLft-IncomLane,stage5,0.580515185991923,0.22795458392307866,-0.3446402996778488,1.3119255900382996,-0.5548039972782135
triplet,MedVeh-IncatLft-IncomLane,stage6,0.7180089503526688,0.8414439082543643,-0.3446402996778488,1.3119255900382996,-0.5548039972782135
triplet,MedVeh-IncatLft-IncomLane,fusion-flat-evidence,0.6746667325496674,0.6743129836593338,-0.3446402996778488,1.3119255900382996,-0.5548039972782135
triplet,MedVeh-IncatLft-IncomLane,fusion-shuffled,0.5229570865631104,0.24354726230740537,-0.3446402996778488,1.3119255900382996,-0.5548039972782135
triplet,MedVeh-IncatRht-Jun,head-flat,0.03392253412554661,0.044557053995558905,-0.5031168758869171,0.0029168054461479187,0.04561002925038338
triplet,MedVeh-IncatRht-Jun,head-phrase,0.17717009286085764,0.018768923159555247,-0.5031168758869171,0.0029168054461479187,0.04561002925038338
triplet,MedVeh-IncatRht-Jun,head-shuffled,0.008041851222515106,0.0006824170270841155,-0.5031168758869171,0.0029168054461479187,0.04561002925038338
triplet,MedVeh-IncatRht-Jun,stage5,0.23838699981570244,0.33351094151118565,-0.5031168758869171,0.0029168054461479187,0.04561002925038338
triplet,MedVeh-IncatRht-Jun,stage6,0.08685698608557384,0.029175101065150144,-0.5031168758869171,0.0029168054461479187,0.04561002925038338
triplet,MedVeh-IncatRht-Jun,fusion-flat-evidence,0.3353134368856748,0.5085125410075275,-0.5031168758869171,0.0029168054461479187,0.04561002925038338
triplet,MedVeh-IncatRht-Jun,fusion-shuffled,0.06264484052856763,0.032771727124277006,-0.5031168758869171,0.0029168054461479187,0.04561002925038338
triplet,MedVeh-TurRht-Jun,head-flat,0.2995411654313405,0.02673301439847464,2.3650851249694824,-5.539827585220337,0.6249182969331741
triplet,MedVeh-TurRht-Jun,head-phrase,1.3106207450230916,0.09586916252785219,2.3650851249694824,-5.539827585220337,0.6249182969331741
triplet,MedVeh-TurRht-Jun,head-shuffled,0.037018621961275734,0.0020030273927880387,2.3650851249694824,-5.539827585220337,0.6249182969331741
triplet,MedVeh-TurRht-Jun,stage5,2.9799482772747674,4.618592491960702,2.3650851249694824,-5.539827585220337,0.6249182969331741
triplet,MedVeh-TurRht-Jun,stage6,2.1300068895022073,1.1495509534518014,2.3650851249694824,-5.539827585220337,0.6249182969331741
triplet,MedVeh-TurRht-Jun,fusion-flat-evidence,1.438797950744629,0.40809859554647265,2.3650851249694824,-5.539827585220337,0.6249182969331741
triplet,MedVeh-TurRht-Jun,fusion-shuffled,0.9984134236971537,0.11826100425307837,2.3650851249694824,-5.539827585220337,0.6249182969331741
triplet,MedVeh-XingFmLft-Jun,head-flat,5.387430032094319,0.817805604824879,4.237837791442871,0.8784236907958984,-3.4735851287841797
triplet,MedVeh-XingFmLft-Jun,head-phrase,8.684308369954428,0.11007223699615502,4.237837791442871,0.8784236907958984,-3.4735851287841797
triplet,MedVeh-XingFmLft-Jun,head-shuffled,2.3890435695648193,0.15233094082933413,4.237837791442871,0.8784236907958984,-3.4735851287841797
triplet,MedVeh-XingFmLft-Jun,stage5,10.36517365773519,1.3587585020344146,4.237837791442871,0.8784236907958984,-3.4735851287841797
triplet,MedVeh-XingFmLft-Jun,stage6,10.912732442220053,2.5171496168606358,4.237837791442871,0.8784236907958984,-3.4735851287841797
triplet,MedVeh-XingFmLft-Jun,fusion-flat-evidence,11.03527863820394,1.4574079987413464,4.237837791442871,0.8784236907958984,-3.4735851287841797
triplet,MedVeh-XingFmLft-Jun,fusion-shuffled,10.388650894165039,0.38811485902599424,4.237837791442871,0.8784236907958984,-3.4735851287841797
triplet,MedVeh-XingFmRht-Jun,head-flat,6.548971176147461,2.1586096189788884,0.26089000701904297,0.44563865661621094,1.732752799987793
triplet,MedVeh-XingFmRht-Jun,head-phrase,10.369990666707357,0.2909666634698378,0.26089000701904297,0.44563865661621094,1.732752799987793
triplet,MedVeh-XingFmRht-Jun,head-shuffled,0.11963887512683868,0.011087130148017165,0.26089000701904297,0.44563865661621094,1.732752799987793
triplet,MedVeh-XingFmRht-Jun,stage5,9.886186599731445,1.296877980416411,0.26089000701904297,0.44563865661621094,1.732752799987793
triplet,MedVeh-XingFmRht-Jun,stage6,10.699280420939127,1.095572991058538,0.26089000701904297,0.44563865661621094,1.732752799987793
triplet,MedVeh-XingFmRht-Jun,fusion-flat-evidence,9.246772766113281,0.8681715508433412,0.26089000701904297,0.44563865661621094,1.732752799987793
triplet,MedVeh-XingFmRht-Jun,fusion-shuffled,9.86574935913086,1.310438673825122,0.26089000701904297,0.44563865661621094,1.732752799987793
triplet,LarVeh-MovAway-VehLane,head-flat,0.06295009019474189,0.03253891176705632,-0.403975710272789,0.05363684892654419,0.02619001269340515
triplet,LarVeh-MovAway-VehLane,head-phrase,0.18334019680817923,0.008881284738486511,-0.403975710272789,0.05363684892654419,0.02619001269340515
triplet,LarVeh-MovAway-VehLane,head-shuffled,0.012586218925813833,0.0001535864270667128,-0.403975710272789,0.05363684892654419,0.02619001269340515
triplet,LarVeh-MovAway-VehLane,stage5,0.3194623589515686,0.19994628621228297,-0.403975710272789,0.05363684892654419,0.02619001269340515
triplet,LarVeh-MovAway-VehLane,stage6,0.21141274273395538,0.05884623894577228,-0.403975710272789,0.05363684892654419,0.02619001269340515
triplet,LarVeh-MovAway-VehLane,fusion-flat-evidence,0.4154599706331889,0.1952103211997274,-0.403975710272789,0.05363684892654419,0.02619001269340515
triplet,LarVeh-MovAway-VehLane,fusion-shuffled,0.3907862454652786,0.15348572291546525,-0.403975710272789,0.05363684892654419,0.02619001269340515
triplet,LarVeh-MovTow-IncomLane,head-flat,4.119346380233765,1.0636142628608933,-1.8811278343200684,-7.887879848480225,0.011075973510742188
triplet,LarVeh-MovTow-IncomLane,head-phrase,9.606090704600016,1.6226969499108361,-1.8811278343200684,-7.887879848480225,0.011075973510742188
triplet,LarVeh-MovTow-IncomLane,head-shuffled,0.38833194971084595,0.05362190171926715,-1.8811278343200684,-7.887879848480225,0.011075973510742188
triplet,LarVeh-MovTow-IncomLane,stage5,8.370223999023438,3.1585022257651465,-1.8811278343200684,-7.887879848480225,0.011075973510742188
triplet,LarVeh-MovTow-IncomLane,stage6,5.117580095926921,1.6259587473472688,-1.8811278343200684,-7.887879848480225,0.011075973510742188
triplet,LarVeh-MovTow-IncomLane,fusion-flat-evidence,5.244697570800781,2.3248457336310957,-1.8811278343200684,-7.887879848480225,0.011075973510742188
triplet,LarVeh-MovTow-IncomLane,fusion-shuffled,6.441029230753581,0.4899413363306727,-1.8811278343200684,-7.887879848480225,0.011075973510742188
triplet,LarVeh-Stop-VehLane,head-flat,0.6771345933278402,0.14673468303710507,1.2301090955734253,-3.4514760971069336,0.6728396415710449
triplet,LarVeh-Stop-VehLane,head-phrase,2.4007635911305747,0.4852544508402638,1.2301090955734253,-3.4514760971069336,0.6728396415710449
triplet,LarVeh-Stop-VehLane,head-shuffled,0.30443017681439716,0.017904148143440726,1.2301090955734253,-3.4514760971069336,0.6728396415710449
triplet,LarVeh-Stop-VehLane,stage5,4.585505286852519,3.3233512782861396,1.2301090955734253,-3.4514760971069336,0.6728396415710449
triplet,LarVeh-Stop-VehLane,stage6,4.069329500198364,1.1888943181805374,1.2301090955734253,-3.4514760971069336,0.6728396415710449
triplet,LarVeh-Stop-VehLane,fusion-flat-evidence,3.382462978363037,1.6841350865573723,1.2301090955734253,-3.4514760971069336,0.6728396415710449
triplet,LarVeh-Stop-VehLane,fusion-shuffled,7.194392601648967,4.879065252743159,1.2301090955734253,-3.4514760971069336,0.6728396415710449
triplet,LarVeh-Stop-Jun,head-flat,29.75873374938965,0.5301394221338952,18.00303864479065,-42.22478628158569,-21.31991958618164
triplet,LarVeh-Stop-Jun,head-phrase,41.636297861735024,0.28361255163970533,18.00303864479065,-42.22478628158569,-21.31991958618164
triplet,LarVeh-Stop-Jun,head-shuffled,0.8390166362126669,0.22800261514677816,18.00303864479065,-42.22478628158569,-21.31991958618164
triplet,LarVeh-Stop-Jun,stage5,26.562840064366657,21.638482427421025,18.00303864479065,-42.22478628158569,-21.31991958618164
triplet,LarVeh-Stop-Jun,stage6,11.38228432337443,9.000183229537981,18.00303864479065,-42.22478628158569,-21.31991958618164
triplet,LarVeh-Stop-Jun,fusion-flat-evidence,7.383824825286865,2.324333493513184,18.00303864479065,-42.22478628158569,-21.31991958618164
triplet,LarVeh-Stop-Jun,fusion-shuffled,13.032794952392578,5.263539830624993,18.00303864479065,-42.22478628158569,-21.31991958618164
triplet,Bus-MovAway-OutgoLane,head-flat,3.5122063159942627,0.5833333225103083,0.7264547348022461,4.58405876159668,5.626601219177246
triplet,Bus-MovAway-OutgoLane,head-phrase,6.822225729624431,1.0080442451074114,0.7264547348022461,4.58405876159668,5.626601219177246
triplet,Bus-MovAway-OutgoLane,head-shuffled,0.20992757131656012,0.10231341690564266,0.7264547348022461,4.58405876159668,5.626601219177246
triplet,Bus-MovAway-OutgoLane,stage5,7.570714632670085,2.35402732262301,0.7264547348022461,4.58405876159668,5.626601219177246
triplet,Bus-MovAway-OutgoLane,stage6,11.216419537862143,2.1546588990890014,0.7264547348022461,4.58405876159668,5.626601219177246
triplet,Bus-MovAway-OutgoLane,fusion-flat-evidence,11.147956371307373,4.397958205548006,0.7264547348022461,4.58405876159668,5.626601219177246
triplet,Bus-MovAway-OutgoLane,fusion-shuffled,9.122320334116617,3.1425265636440582,0.7264547348022461,4.58405876159668,5.626601219177246
triplet,Bus-MovTow-IncomLane,head-flat,23.242699305216473,3.989416621586129,-3.686769485473633,-8.737882614135742,3.8454971313476562
triplet,Bus-MovTow-IncomLane,head-phrase,21.237785975138348,0.5331441786850596,-3.686769485473633,-8.737882614135742,3.8454971313476562
triplet,Bus-MovTow-IncomLane,head-shuffled,0.7223930557568868,0.09388770567291561,-3.686769485473633,-8.737882614135742,3.8454971313476562
triplet,Bus-MovTow-IncomLane,stage5,25.925458272298176,4.31049378977095,-3.686769485473633,-8.737882614135742,3.8454971313476562
triplet,Bus-MovTow-IncomLane,stage6,23.06573994954427,5.048195747064563,-3.686769485473633,-8.737882614135742,3.8454971313476562
triplet,Bus-MovTow-IncomLane,fusion-flat-evidence,20.557427724202473,1.6268647190335381,-3.686769485473633,-8.737882614135742,3.8454971313476562
triplet,Bus-MovTow-IncomLane,fusion-shuffled,25.988609313964844,6.746555167510214,-3.686769485473633,-8.737882614135742,3.8454971313476562
triplet,Bus-Stop-VehLane,head-flat,14.84838835398356,16.959100292246653,22.31114959716797,13.427299499511719,30.010299682617188
triplet,Bus-Stop-VehLane,head-phrase,25.556590398152668,0.7216044540387331,22.31114959716797,13.427299499511719,30.010299682617188
triplet,Bus-Stop-VehLane,head-shuffled,0.3650876084963481,0.07807667239616532,22.31114959716797,13.427299499511719,30.010299682617188
triplet,Bus-Stop-VehLane,stage5,23.790071487426758,8.88599466046727,22.31114959716797,13.427299499511719,30.010299682617188
triplet,Bus-Stop-VehLane,stage6,45.70632108052572,13.028504450479003,22.31114959716797,13.427299499511719,30.010299682617188
triplet,Bus-Stop-VehLane,fusion-flat-evidence,32.08872095743815,6.4516792695080705,22.31114959716797,13.427299499511719,30.010299682617188
triplet,Bus-Stop-VehLane,fusion-shuffled,39.5551389058431,10.828766988704347,22.31114959716797,13.427299499511719,30.010299682617188
triplet,Bus-Stop-OutgoLane,head-flat,4.914894104003906,3.4601949617456413,0.8569880723953247,-9.737977981567383,-3.305066704750061
triplet,Bus-Stop-OutgoLane,head-phrase,3.0345683097839355,0.7495446694905723,0.8569880723953247,-9.737977981567383,-3.305066704750061
triplet,Bus-Stop-OutgoLane,head-shuffled,0.5109727134307226,0.4371076168117853,0.8569880723953247,-9.737977981567383,-3.305066704750061
triplet,Bus-Stop-OutgoLane,stage5,7.563044269879659,7.947953239528369,0.8569880723953247,-9.737977981567383,-3.305066704750061
triplet,Bus-Stop-OutgoLane,stage6,3.501025398572286,2.9004844555030203,0.8569880723953247,-9.737977981567383,-3.305066704750061
triplet,Bus-Stop-OutgoLane,fusion-flat-evidence,7.381175676981608,7.0699698654577245,0.8569880723953247,-9.737977981567383,-3.305066704750061
triplet,Bus-Stop-OutgoLane,fusion-shuffled,5.5026488701502485,5.740791359716769,0.8569880723953247,-9.737977981567383,-3.305066704750061
triplet,Bus-Stop-IncomLane,head-flat,1.2322931538025539,0.9408660002696589,2.2376860082149506,-1.0939788818359375,-4.205273926258087
triplet,Bus-Stop-IncomLane,head-phrase,7.907766660054524,0.4098831676006103,2.2376860082149506,-1.0939788818359375,-4.205273926258087
triplet,Bus-Stop-IncomLane,head-shuffled,0.2210534612337748,0.09676916813073924,2.2376860082149506,-1.0939788818359375,-4.205273926258087
triplet,Bus-Stop-IncomLane,stage5,2.9447392324606576,2.318771865914827,2.2376860082149506,-1.0939788818359375,-4.205273926258087
triplet,Bus-Stop-IncomLane,stage6,1.9242169658342998,1.1043315066086272,2.2376860082149506,-1.0939788818359375,-4.205273926258087
triplet,Bus-Stop-IncomLane,fusion-flat-evidence,1.9511114756266277,0.9250793640608478,2.2376860082149506,-1.0939788818359375,-4.205273926258087
triplet,Bus-Stop-IncomLane,fusion-shuffled,0.7310952742894491,0.19800195475738167,2.2376860082149506,-1.0939788818359375,-4.205273926258087
triplet,Bus-Stop-Jun,head-flat,2.123454729715983,0.6164551516412636,0.8228211402893066,1.6699810028076172,2.455371856689453
triplet,Bus-Stop-Jun,head-phrase,9.502200444539389,0.15023288810342372,0.8228211402893066,1.6699810028076172,2.455371856689453
triplet,Bus-Stop-Jun,head-shuffled,1.4973518053690593,0.09048923563788785,0.8228211402893066,1.6699810028076172,2.455371856689453
triplet,Bus-Stop-Jun,stage5,8.710252285003662,1.612497031458398,0.8228211402893066,1.6699810028076172,2.455371856689453
triplet,Bus-Stop-Jun,stage6,10.359643618265787,2.0883899949591926,0.8228211402893066,1.6699810028076172,2.455371856689453
triplet,Bus-Stop-Jun,fusion-flat-evidence,10.952509880065918,4.154182192868524,0.8228211402893066,1.6699810028076172,2.455371856689453
triplet,Bus-Stop-Jun,fusion-shuffled,9.330395380655924,0.9920683512368815,0.8228211402893066,1.6699810028076172,2.455371856689453
triplet,Bus-HazLit-OutgoLane,head-flat,0.5205506980419159,0.20270314827259506,-9.937790870666504,9.466224193572998,4.582824468612671
triplet,Bus-HazLit-OutgoLane,head-phrase,3.337381283442179,0.27132535596893703,-9.937790870666504,9.466224193572998,4.582824468612671
triplet,Bus-HazLit-OutgoLane,head-shuffled,0.29533350964387256,0.1845627043698011,-9.937790870666504,9.466224193572998,4.582824468612671
triplet,Bus-HazLit-OutgoLane,stage5,7.159548997879028,6.109277746645013,-9.937790870666504,9.466224193572998,4.582824468612671
triplet,Bus-HazLit-OutgoLane,stage6,8.52996826171875,4.735891516829633,-9.937790870666504,9.466224193572998,4.582824468612671
triplet,Bus-HazLit-OutgoLane,fusion-flat-evidence,6.121671835581462,1.9009087668146651,-9.937790870666504,9.466224193572998,4.582824468612671
triplet,Bus-HazLit-OutgoLane,fusion-shuffled,8.882216294606527,5.339882943167741,-9.937790870666504,9.466224193572998,4.582824468612671
