condition,seed,stage,head,class,ap_percent
adapted,seed0,stage5,agentness,agentness,65.3644790649414
adapted,seed0,stage5,agent,Ped,65.67159271240234
adapted,seed0,stage5,agent,Car,62.94348907470703
adapted,seed0,stage5,agent,Cyc,13.659136772155762
adapted,seed0,stage5,agent,Mobike,41.83154296875
adapted,seed0,stage5,agent,SmalVeh,0.02811187319457531
adapted,seed0,stage5,agent,MedVeh,33.943809509277344
adapted,seed0,stage5,agent,LarVeh,22.92780113220215
adapted,seed0,stage5,agent,Bus,46.70212936401367
adapted,seed0,stage5,agent,EmVeh,0.005572479218244553
adapted,seed0,stage5,agent,TL,64.73817443847656
adapted,seed0,stage5,action,Red,61.666542053222656
adapted,seed0,stage5,action,Amber,12.799298286437988
adapted,seed0,stage5,action,Green,39.094886779785156
adapted,seed0,stage5,action,MovAway,39.389225006103516
adapted,seed0,stage5,action,MovTow,34.56089401245117
adapted,seed0,stage5,action,Mov,9.888243675231934
adapted,seed0,stage5,action,Rev,0.18615691363811493
adapted,seed0,stage5,action,Brake,43.513980865478516
adapted,seed0,stage5,action,Stop,53.92597961425781
adapted,seed0,stage5,action,IncatLft,6.062497615814209
adapted,seed0,stage5,action,IncatRht,2.3657610416412354
adapted,seed0,stage5,action,HazLit,5.583273887634277
adapted,seed0,stage5,action,TurLft,6.1983442306518555
adapted,seed0,stage5,action,TurRht,5.493803024291992
adapted,seed0,stage5,action,MovRht,0.8127247095108032
adapted,seed0,stage5,action,MovLft,0.9145809412002563
adapted,seed0,stage5,action,Ovtak,0.06243107095360756
adapted,seed0,stage5,action,Wait2X,19.67545509338379
adapted,seed0,stage5,action,XingFmLft,14.628716468811035
adapted,seed0,stage5,action,XingFmRht,17.026988983154297
adapted,seed0,stage5,action,Xing,23.987464904785156
adapted,seed0,stage5,action,PushObj,3.132690906524658
adapted,seed0,stage5,loc,VehLane,34.333892822265625
adapted,seed0,stage5,loc,OutgoLane,39.443843841552734
adapted,seed0,stage5,loc,OutgoCycLane,0.1406690925359726
adapted,seed0,stage5,loc,OutgoBusLane,2.270967960357666
adapted,seed0,stage5,loc,IncomLane,40.72803497314453
adapted,seed0,stage5,loc,IncomCycLane,0.6497827768325806
adapted,seed0,stage5,loc,IncomBusLane,16.712448120117188
adapted,seed0,stage5,loc,Pav,9.68118667602539
adapted,seed0,stage5,loc,LftPav,35.569091796875
adapted,seed0,stage5,loc,RhtPav,41.459468841552734
adapted,seed0,stage5,loc,Jun,34.10176467895508
adapted,seed0,stage5,loc,xing,15.454132080078125
adapted,seed0,stage5,loc,BusStop,3.433647394180298
adapted,seed0,stage5,loc,parking,3.0164802074432373
adapted,seed0,stage5,loc,LftParking,41.74864959716797
adapted,seed0,stage5,loc,rightParking,41.56914520263672
adapted,seed0,stage5,duplex,Ped-MovAway,28.887250900268555
adapted,seed0,stage5,duplex,Ped-MovTow,32.38792419433594
adapted,seed0,stage5,duplex,Ped-Mov,14.479911804199219
adapted,seed0,stage5,duplex,Ped-Stop,29.9837589263916
adapted,seed0,stage5,duplex,Ped-Wait2X,26.77871322631836
adapted,seed0,stage5,duplex,Ped-XingFmLft,20.75614356994629
adapted,seed0,stage5,duplex,Ped-XingFmRht,23.264318466186523
adapted,seed0,stage5,duplex,Ped-Xing,27.442485809326172
adapted,seed0,stage5,duplex,Ped-PushObj,4.155181407928467
adapted,seed0,stage5,duplex,Car-MovAway,45.31218719482422
adapted,seed0,stage5,duplex,Car-MovTow,34.10120391845703
adapted,seed0,stage5,duplex,Car-Brake,38.75392150878906
adapted,seed0,stage5,duplex,Car-Stop,52.73349380493164
adapted,seed0,stage5,duplex,Car-IncatLft,11.059885025024414
adapted,seed0,stage5,duplex,Car-IncatRht,3.6464128494262695
adapted,seed0,stage5,duplex,Car-HazLit,1.1475781202316284
adapted,seed0,stage5,duplex,Car-TurLft,7.6948747634887695
adapted,seed0,stage5,duplex,Car-TurRht,7.516007900238037
adapted,seed0,stage5,duplex,Car-MovRht,1.3576923608779907
adapted,seed0,stage5,duplex,Car-MovLft,1.4397332668304443
adapted,seed0,stage5,duplex,Car-XingFmLft,12.676360130310059
adapted,seed0,stage5,duplex,Car-XingFmRht,11.660910606384277
adapted,seed0,stage5,duplex,Cyc-MovAway,3.059312582015991
adapted,seed0,stage5,duplex,Cyc-MovTow,1.944462776184082
adapted,seed0,stage5,duplex,Cyc-Stop,0.7421410083770752
adapted,seed0,stage5,duplex,Mobike-Stop,21.155200958251953
adapted,seed0,stage5,duplex,MedVeh-MovAway,19.73491859436035
adapted,seed0,stage5,duplex,MedVeh-MovTow,8.447834014892578
adapted,seed0,stage5,duplex,MedVeh-Brake,13.055139541625977
adapted,seed0,stage5,duplex,MedVeh-Stop,18.986543655395508
adapted,seed0,stage5,duplex,MedVeh-IncatLft,4.337436676025391
adapted,seed0,stage5,duplex,MedVeh-IncatRht,1.551468014717102
adapted,seed0,stage5,duplex,MedVeh-HazLit,6.236638069152832
adapted,seed0,stage5,duplex,MedVeh-TurRht,5.520411491394043
adapted,seed0,stage5,duplex,MedVeh-XingFmLft,8.26744270324707
adapted,seed0,stage5,duplex,MedVeh-XingFmRht,8.247394561767578
adapted,seed0,stage5,duplex,LarVeh-MovAway,2.295316457748413
adapted,seed0,stage5,duplex,LarVeh-MovTow,2.453618049621582
adapted,seed0,stage5,duplex,LarVeh-Stop,16.151098251342773
adapted,seed0,stage5,duplex,LarVeh-HazLit,8.960363388061523
adapted,seed0,stage5,duplex,Bus-MovAway,27.546186447143555
adapted,seed0,stage5,duplex,Bus-MovTow,24.749568939208984
adapted,seed0,stage5,duplex,Bus-Brake,26.740705490112305
adapted,seed0,stage5,duplex,Bus-Stop,21.225900650024414
adapted,seed0,stage5,duplex,Bus-HazLit,32.115474700927734
adapted,seed0,stage5,duplex,EmVeh-Stop,0.006945046130567789
adapted,seed0,stage5,duplex,TL-Red,60.316036224365234
adapted,seed0,stage5,duplex,TL-Amber,18.27950668334961
adapted,seed0,stage5,duplex,TL-Green,41.44974899291992
adapted,seed0,stage5,triplet,Ped-MovAway-LftPav,17.55297088623047
adapted,seed0,stage5,triplet,Ped-MovAway-RhtPav,26.480741500854492
adapted,seed0,stage5,triplet,Ped-MovAway-Jun,0.744694709777832
adapted,seed0,stage5,triplet,Ped-MovTow-LftPav,20.337600708007812
adapted,seed0,stage5,triplet,Ped-MovTow-RhtPav,27.610605239868164
adapted,seed0,stage5,triplet,Ped-MovTow-Jun,1.4189443588256836
adapted,seed0,stage5,triplet,Ped-Mov-OutgoLane,1.3204723596572876
adapted,seed0,stage5,triplet,Ped-Mov-Pav,10.686382293701172
adapted,seed0,stage5,triplet,Ped-Mov-RhtPav,3.7150938510894775
adapted,seed0,stage5,triplet,Ped-Stop-OutgoLane,7.429307460784912
adapted,seed0,stage5,triplet,Ped-Stop-Pav,3.517871618270874
adapted,seed0,stage5,triplet,Ped-Stop-LftPav,22.729839324951172
adapted,seed0,stage5,triplet,Ped-Stop-RhtPav,14.088958740234375
adapted,seed0,stage5,triplet,Ped-Stop-BusStop,5.4458231925964355
adapted,seed0,stage5,triplet,Ped-Wait2X-RhtPav,4.50654935836792
adapted,seed0,stage5,triplet,Ped-Wait2X-Jun,21.469186782836914
adapted,seed0,stage5,triplet,Ped-XingFmLft-Jun,19.927244186401367
adapted,seed0,stage5,triplet,Ped-XingFmRht-Jun,22.04372787475586
adapted,seed0,stage5,triplet,Ped-XingFmRht-xing,13.765310287475586
adapted,seed0,stage5,triplet,Ped-Xing-Jun,21.29434585571289
adapted,seed0,stage5,triplet,Ped-PushObj-LftPav,0.050187304615974426
adapted,seed0,stage5,triplet,Ped-PushObj-RhtPav,0.5767880082130432
adapted,seed0,stage5,triplet,Car-MovAway-VehLane,22.083087921142578
adapted,seed0,stage5,triplet,Car-MovAway-OutgoLane,39.331722259521484
adapted,seed0,stage5,triplet,Car-MovAway-Jun,12.368579864501953
adapted,seed0,stage5,triplet,Car-MovTow-VehLane,0.08504193276166916
adapted,seed0,stage5,triplet,Car-MovTow-IncomLane,37.049320220947266
adapted,seed0,stage5,triplet,Car-MovTow-Jun,8.082366943359375
adapted,seed0,stage5,triplet,Car-Brake-VehLane,34.72819137573242
adapted,seed0,stage5,triplet,Car-Brake-OutgoLane,32.2563591003418
adapted,seed0,stage5,triplet,Car-Brake-Jun,19.22272300720215
adapted,seed0,stage5,triplet,Car-Stop-VehLane,37.635379791259766
adapted,seed0,stage5,triplet,Car-Stop-OutgoLane,27.200153350830078
adapted,seed0,stage5,triplet,Car-Stop-IncomLane,23.898265838623047
adapted,seed0,stage5,triplet,Car-Stop-Jun,25.008146286010742
adapted,seed0,stage5,triplet,Car-Stop-parking,2.139575481414795
adapted,seed0,stage5,triplet,Car-IncatLft-VehLane,15.339131355285645
adapted,seed0,stage5,triplet,Car-IncatLft-OutgoLane,3.2538702487945557
adapted,seed0,stage5,triplet,Car-IncatLft-IncomLane,5.736269474029541
adapted,seed0,stage5,triplet,Car-IncatLft-Jun,6.175975322723389
adapted,seed0,stage5,triplet,Car-IncatRht-VehLane,1.2402729988098145
adapted,seed0,stage5,triplet,Car-IncatRht-OutgoLane,2.9785852432250977
adapted,seed0,stage5,triplet,Car-IncatRht-IncomLane,1.6268314123153687
adapted,seed0,stage5,triplet,Car-IncatRht-Jun,1.230350375175476
adapted,seed0,stage5,triplet,Car-HazLit-IncomLane,0.04477092996239662
adapted,seed0,stage5,triplet,Car-TurLft-VehLane,0.6858299374580383
adapted,seed0,stage5,triplet,Car-TurLft-Jun,7.5396575927734375
adapted,seed0,stage5,triplet,Car-TurRht-Jun,6.600781440734863
adapted,seed0,stage5,triplet,Car-MovRht-OutgoLane,0.6995636820793152
adapted,seed0,stage5,triplet,Car-MovLft-VehLane,0.2818179130554199
adapted,seed0,stage5,triplet,Car-MovLft-OutgoLane,0.9526901841163635
adapted,seed0,stage5,triplet,Car-XingFmLft-Jun,13.537700653076172
adapted,seed0,stage5,triplet,Car-XingFmRht-Jun,11.58691120147705
adapted,seed0,stage5,triplet,Cyc-MovAway-OutgoCycLane,0.5564004778862
adapted,seed0,stage5,triplet,Cyc-MovAway-RhtPav,0.0010988136054947972
adapted,seed0,stage5,triplet,Cyc-MovTow-IncomLane,0.7054988741874695
adapted,seed0,stage5,triplet,Cyc-MovTow-RhtPav,0.0
adapted,seed0,stage5,triplet,MedVeh-MovAway-VehLane,18.905977249145508
adapted,seed0,stage5,triplet,MedVeh-MovAway-OutgoLane,14.097686767578125
adapted,seed0,stage5,triplet,MedVeh-MovAway-Jun,5.314358711242676
adapted,seed0,stage5,triplet,MedVeh-MovTow-IncomLane,9.79959487915039
adapted,seed0,stage5,triplet,MedVeh-MovTow-Jun,2.736135721206665
adapted,seed0,stage5,triplet,MedVeh-Brake-VehLane,7.3652663230896
adapted,seed0,stage5,triplet,MedVeh-Brake-OutgoLane,11.382547378540039
adapted,seed0,stage5,triplet,MedVeh-Brake-Jun,16.723440170288086
adapted,seed0,stage5,triplet,MedVeh-Stop-VehLane,8.479743957519531
adapted,seed0,stage5,triplet,MedVeh-Stop-OutgoLane,8.550005912780762
adapted,seed0,stage5,triplet,MedVeh-Stop-IncomLane,1.663303256034851
adapted,seed0,stage5,triplet,MedVeh-Stop-Jun,11.52363109588623
adapted,seed0,stage5,triplet,MedVeh-Stop-parking,0.06857380270957947
adapted,seed0,stage5,triplet,MedVeh-IncatLft-IncomLane,0.1621679812669754
adapted,seed0,stage5,triplet,MedVeh-IncatRht-Jun,0.029680447652935982
adapted,seed0,stage5,triplet,MedVeh-TurRht-Jun,1.6544616222381592
adapted,seed0,stage5,triplet,MedVeh-XingFmLft-Jun,8.040822982788086
adapted,seed0,stage5,triplet,MedVeh-XingFmRht-Jun,9.676009178161621
adapted,seed0,stage5,triplet,LarVeh-MovAway-VehLane,0.3066175580024719
adapted,seed0,stage5,triplet,LarVeh-MovTow-IncomLane,1.4478061199188232
adapted,seed0,stage5,triplet,LarVeh-Stop-VehLane,8.60216236114502
adapted,seed0,stage5,triplet,LarVeh-Stop-Jun,9.576552391052246
adapted,seed0,stage5,triplet,Bus-MovAway-OutgoLane,4.177620887756348
adapted,seed0,stage5,triplet,Bus-MovTow-IncomLane,15.415242195129395
adapted,seed0,stage5,triplet,Bus-Stop-VehLane,33.85728073120117
adapted,seed0,stage5,triplet,Bus-Stop-OutgoLane,2.253782033920288
adapted,seed0,stage5,triplet,Bus-Stop-IncomLane,0.6015658378601074
adapted,seed0,stage5,triplet,Bus-Stop-Jun,9.877813339233398
adapted,seed0,stage5,triplet,Bus-HazLit-OutgoLane,2.5886173248291016
adapted,seed0,stage6,agentness,agentness,65.3644790649414
adapted,seed0,stage6,agent,Ped,65.67159271240234
adapted,seed0,stage6,agent,Car,62.94348907470703
adapted,seed0,stage6,agent,Cyc,13.659136772155762
adapted,seed0,stage6,agent,Mobike,41.83154296875
adapted,seed0,stage6,agent,SmalVeh,0.02811187319457531
adapted,seed0,stage6,agent,MedVeh,33.943809509277344
adapted,seed0,stage6,agent,LarVeh,22.92780113220215
adapted,seed0,stage6,agent,Bus,46.70212936401367
adapted,seed0,stage6,agent,EmVeh,0.005572479218244553
adapted,seed0,stage6,agent,TL,64.73817443847656
adapted,seed0,stage6,action,Red,61.666542053222656
adapted,seed0,stage6,action,Amber,12.799298286437988
adapted,seed0,stage6,action,Green,39.094886779785156
adapted,seed0,stage6,action,MovAway,39.389225006103516
adapted,seed0,stage6,action,MovTow,34.56089401245117
adapted,seed0,stage6,action,Mov,9.888243675231934
adapted,seed0,stage6,action,Rev,0.18615691363811493
adapted,seed0,stage6,action,Brake,43.513980865478516
adapted,seed0,stage6,action,Stop,53.92597961425781
adapted,seed0,stage6,action,IncatLft,6.062497615814209
adapted,seed0,stage6,action,IncatRht,2.3657610416412354
adapted,seed0,stage6,action,HazLit,5.583273887634277
adapted,seed0,stage6,action,TurLft,6.1983442306518555
adapted,seed0,stage6,action,TurRht,5.493803024291992
adapted,seed0,stage6,action,MovRht,0.8127247095108032
adapted,seed0,stage6,action,MovLft,0.9145809412002563
adapted,seed0,stage6,action,Ovtak,0.06243107095360756
adapted,seed0,stage6,action,Wait2X,19.67545509338379
adapted,seed0,stage6,action,XingFmLft,14.628716468811035
adapted,seed0,stage6,action,XingFmRht,17.026988983154297
adapted,seed0,stage6,action,Xing,23.987464904785156
adapted,seed0,stage6,action,PushObj,3.132690906524658
adapted,seed0,stage6,loc,VehLane,34.333892822265625
adapted,seed0,stage6,loc,OutgoLane,39.443843841552734
adapted,seed0,stage6,loc,OutgoCycLane,0.1406690925359726
adapted,seed0,stage6,loc,OutgoBusLane,2.270967960357666
adapted,seed0,stage6,loc,IncomLane,40.72803497314453
adapted,seed0,stage6,loc,IncomCycLane,0.6497827768325806
adapted,seed0,stage6,loc,IncomBusLane,16.712448120117188
adapted,seed0,stage6,loc,Pav,9.68118667602539
adapted,seed0,stage6,loc,LftPav,35.569091796875
adapted,seed0,stage6,loc,RhtPav,41.459468841552734
adapted,seed0,stage6,loc,Jun,34.10176467895508
adapted,seed0,stage6,loc,xing,15.454132080078125
adapted,seed0,stage6,loc,BusStop,3.433647394180298
adapted,seed0,stage6,loc,parking,3.0164802074432373
adapted,seed0,stage6,loc,LftParking,41.74864959716797
adapted,seed0,stage6,loc,rightParking,41.56914520263672
adapted,seed0,stage6,duplex,Ped-MovAway,28.440406799316406
adapted,seed0,stage6,duplex,Ped-MovTow,34.312889099121094
adapted,seed0,stage6,duplex,Ped-Mov,14.129599571228027
adapted,seed0,stage6,duplex,Ped-Stop,30.288875579833984
adapted,seed0,stage6,duplex,Ped-Wait2X,30.709728240966797
adapted,seed0,stage6,duplex,Ped-XingFmLft,19.410507202148438
adapted,seed0,stage6,duplex,Ped-XingFmRht,26.48670768737793
adapted,seed0,stage6,duplex,Ped-Xing,28.92497444152832
adapted,seed0,stage6,duplex,Ped-PushObj,4.062472820281982
adapted,seed0,stage6,duplex,Car-MovAway,46.0562744140625
adapted,seed0,stage6,duplex,Car-MovTow,35.12953567504883
adapted,seed0,stage6,duplex,Car-Brake,38.98107147216797
adapted,seed0,stage6,duplex,Car-Stop,52.219600677490234
adapted,seed0,stage6,duplex,Car-IncatLft,10.093592643737793
adapted,seed0,stage6,duplex,Car-IncatRht,3.2262933254241943
adapted,seed0,stage6,duplex,Car-HazLit,1.1421689987182617
adapted,seed0,stage6,duplex,Car-TurLft,9.095948219299316
adapted,seed0,stage6,duplex,Car-TurRht,6.7072248458862305
adapted,seed0,stage6,duplex,Car-MovRht,1.0990160703659058
adapted,seed0,stage6,duplex,Car-MovLft,1.278049111366272
adapted,seed0,stage6,duplex,Car-XingFmLft,12.78303337097168
adapted,seed0,stage6,duplex,Car-XingFmRht,11.275667190551758
adapted,seed0,stage6,duplex,Cyc-MovAway,3.0672013759613037
adapted,seed0,stage6,duplex,Cyc-MovTow,2.016463041305542
adapted,seed0,stage6,duplex,Cyc-Stop,0.665655255317688
adapted,seed0,stage6,duplex,Mobike-Stop,23.19957733154297
adapted,seed0,stage6,duplex,MedVeh-MovAway,18.230270385742188
adapted,seed0,stage6,duplex,MedVeh-MovTow,7.67585563659668
adapted,seed0,stage6,duplex,MedVeh-Brake,13.80896282196045
adapted,seed0,stage6,duplex,MedVeh-Stop,19.947370529174805
adapted,seed0,stage6,duplex,MedVeh-IncatLft,2.183523178100586
adapted,seed0,stage6,duplex,MedVeh-IncatRht,1.2350059747695923
adapted,seed0,stage6,duplex,MedVeh-HazLit,7.546623706817627
adapted,seed0,stage6,duplex,MedVeh-TurRht,2.074857473373413
adapted,seed0,stage6,duplex,MedVeh-XingFmLft,13.185805320739746
adapted,seed0,stage6,duplex,MedVeh-XingFmRht,11.98780632019043
adapted,seed0,stage6,duplex,LarVeh-MovAway,1.3987195491790771
adapted,seed0,stage6,duplex,LarVeh-MovTow,6.735874652862549
adapted,seed0,stage6,duplex,LarVeh-Stop,16.926864624023438
adapted,seed0,stage6,duplex,LarVeh-HazLit,13.63114070892334
adapted,seed0,stage6,duplex,Bus-MovAway,25.855697631835938
adapted,seed0,stage6,duplex,Bus-MovTow,30.612125396728516
adapted,seed0,stage6,duplex,Bus-Brake,25.868555068969727
adapted,seed0,stage6,duplex,Bus-Stop,20.754390716552734
adapted,seed0,stage6,duplex,Bus-HazLit,21.21213722229004
adapted,seed0,stage6,duplex,EmVeh-Stop,0.0059389458037912846
adapted,seed0,stage6,duplex,TL-Red,60.566898345947266
adapted,seed0,stage6,duplex,TL-Amber,34.74631881713867
adapted,seed0,stage6,duplex,TL-Green,48.66560363769531
adapted,seed0,stage6,triplet,Ped-MovAway-LftPav,15.150115966796875
adapted,seed0,stage6,triplet,Ped-MovAway-RhtPav,24.8121395111084
adapted,seed0,stage6,triplet,Ped-MovAway-Jun,0.6077401638031006
adapted,seed0,stage6,triplet,Ped-MovTow-LftPav,24.4510555267334
adapted,seed0,stage6,triplet,Ped-MovTow-RhtPav,27.595319747924805
adapted,seed0,stage6,triplet,Ped-MovTow-Jun,2.6398346424102783
adapted,seed0,stage6,triplet,Ped-Mov-OutgoLane,4.63480806350708
adapted,seed0,stage6,triplet,Ped-Mov-Pav,10.308321952819824
adapted,seed0,stage6,triplet,Ped-Mov-RhtPav,3.619995594024658
adapted,seed0,stage6,triplet,Ped-Stop-OutgoLane,10.118379592895508
adapted,seed0,stage6,triplet,Ped-Stop-Pav,4.011254787445068
adapted,seed0,stage6,triplet,Ped-Stop-LftPav,21.59065055847168
adapted,seed0,stage6,triplet,Ped-Stop-RhtPav,15.39480209350586
adapted,seed0,stage6,triplet,Ped-Stop-BusStop,4.897311687469482
adapted,seed0,stage6,triplet,Ped-Wait2X-RhtPav,9.507838249206543
adapted,seed0,stage6,triplet,Ped-Wait2X-Jun,27.115436553955078
adapted,seed0,stage6,triplet,Ped-XingFmLft-Jun,17.753150939941406
adapted,seed0,stage6,triplet,Ped-XingFmRht-Jun,24.44146156311035
adapted,seed0,stage6,triplet,Ped-XingFmRht-xing,10.257172584533691
adapted,seed0,stage6,triplet,Ped-Xing-Jun,21.078136444091797
adapted,seed0,stage6,triplet,Ped-PushObj-LftPav,0.01892533153295517
adapted,seed0,stage6,triplet,Ped-PushObj-RhtPav,0.5939725637435913
adapted,seed0,stage6,triplet,Car-MovAway-VehLane,25.06237030029297
adapted,seed0,stage6,triplet,Car-MovAway-OutgoLane,40.19205093383789
adapted,seed0,stage6,triplet,Car-MovAway-Jun,11.788687705993652
adapted,seed0,stage6,triplet,Car-MovTow-VehLane,0.13435812294483185
adapted,seed0,stage6,triplet,Car-MovTow-IncomLane,36.96930694580078
adapted,seed0,stage6,triplet,Car-MovTow-Jun,8.631219863891602
adapted,seed0,stage6,triplet,Car-Brake-VehLane,35.29255294799805
adapted,seed0,stage6,triplet,Car-Brake-OutgoLane,31.390398025512695
adapted,seed0,stage6,triplet,Car-Brake-Jun,19.038414001464844
adapted,seed0,stage6,triplet,Car-Stop-VehLane,34.09275817871094
adapted,seed0,stage6,triplet,Car-Stop-OutgoLane,26.749725341796875
adapted,seed0,stage6,triplet,Car-Stop-IncomLane,23.885517120361328
adapted,seed0,stage6,triplet,Car-Stop-Jun,22.280963897705078
adapted,seed0,stage6,triplet,Car-Stop-parking,1.8070811033248901
adapted,seed0,stage6,triplet,Car-IncatLft-VehLane,15.78518009185791
adapted,seed0,stage6,triplet,Car-IncatLft-OutgoLane,2.160062313079834
adapted,seed0,stage6,triplet,Car-IncatLft-IncomLane,6.054265975952148
adapted,seed0,stage6,triplet,Car-IncatLft-Jun,5.979756832122803
adapted,seed0,stage6,triplet,Car-IncatRht-VehLane,2.048038959503174
adapted,seed0,stage6,triplet,Car-IncatRht-OutgoLane,2.0443146228790283
adapted,seed0,stage6,triplet,Car-IncatRht-IncomLane,0.9762605428695679
adapted,seed0,stage6,triplet,Car-IncatRht-Jun,1.221085548400879
adapted,seed0,stage6,triplet,Car-HazLit-IncomLane,0.021873487159609795
adapted,seed0,stage6,triplet,Car-TurLft-VehLane,1.2233375310897827
adapted,seed0,stage6,triplet,Car-TurLft-Jun,8.506840705871582
adapted,seed0,stage6,triplet,Car-TurRht-Jun,5.445620536804199
adapted,seed0,stage6,triplet,Car-MovRht-OutgoLane,0.7616472840309143
adapted,seed0,stage6,triplet,Car-MovLft-VehLane,0.40614619851112366
adapted,seed0,stage6,triplet,Car-MovLft-OutgoLane,1.221444010734558
adapted,seed0,stage6,triplet,Car-XingFmLft-Jun,12.257330894470215
adapted,seed0,stage6,triplet,Car-XingFmRht-Jun,11.379411697387695
adapted,seed0,stage6,triplet,Cyc-MovAway-OutgoCycLane,0.1904166340827942
adapted,seed0,stage6,triplet,Cyc-MovAway-RhtPav,0.001226433552801609
adapted,seed0,stage6,triplet,Cyc-MovTow-IncomLane,1.00314199924469
adapted,seed0,stage6,triplet,Cyc-MovTow-RhtPav,0.0
adapted,seed0,stage6,triplet,MedVeh-MovAway-VehLane,12.406970024108887
adapted,seed0,stage6,triplet,MedVeh-MovAway-OutgoLane,12.238468170166016
adapted,seed0,stage6,triplet,MedVeh-MovAway-Jun,3.1349070072174072
adapted,seed0,stage6,triplet,MedVeh-MovTow-IncomLane,9.706130027770996
adapted,seed0,stage6,triplet,MedVeh-MovTow-Jun,3.377511501312256
adapted,seed0,stage6,triplet,MedVeh-Brake-VehLane,21.17814064025879
adapted,seed0,stage6,triplet,MedVeh-Brake-OutgoLane,10.98039722442627
adapted,seed0,stage6,triplet,MedVeh-Brake-Jun,16.3465576171875
adapted,seed0,stage6,triplet,MedVeh-Stop-VehLane,18.689741134643555
adapted,seed0,stage6,triplet,MedVeh-Stop-OutgoLane,10.217385292053223
adapted,seed0,stage6,triplet,MedVeh-Stop-IncomLane,1.5240775346755981
adapted,seed0,stage6,triplet,MedVeh-Stop-Jun,8.31207275390625
adapted,seed0,stage6,triplet,MedVeh-Stop-parking,0.12735150754451752
adapted,seed0,stage6,triplet,MedVeh-IncatLft-IncomLane,0.65997314453125
adapted,seed0,stage6,triplet,MedVeh-IncatRht-Jun,0.19930215179920197
adapted,seed0,stage6,triplet,MedVeh-TurRht-Jun,1.3043462038040161
adapted,seed0,stage6,triplet,MedVeh-XingFmLft-Jun,13.396220207214355
adapted,seed0,stage6,triplet,MedVeh-XingFmRht-Jun,10.938346862792969
adapted,seed0,stage6,triplet,LarVeh-MovAway-VehLane,0.1952371895313263
adapted,seed0,stage6,triplet,LarVeh-MovTow-IncomLane,6.427569389343262
adapted,seed0,stage6,triplet,LarVeh-Stop-VehLane,2.3287887573242188
adapted,seed0,stage6,triplet,LarVeh-Stop-Jun,11.284676551818848
adapted,seed0,stage6,triplet,Bus-MovAway-OutgoLane,9.346465110778809
adapted,seed0,stage6,triplet,Bus-MovTow-IncomLane,26.485464096069336
adapted,seed0,stage6,triplet,Bus-Stop-VehLane,34.95252227783203
adapted,seed0,stage6,triplet,Bus-Stop-OutgoLane,6.393299579620361
adapted,seed0,stage6,triplet,Bus-Stop-IncomLane,2.1165194511413574
adapted,seed0,stage6,triplet,Bus-Stop-Jun,5.296141147613525
adapted,seed0,stage6,triplet,Bus-HazLit-OutgoLane,5.398697853088379
adapted,seed1,stage5,agentness,agentness,65.3644790649414
adapted,seed1,stage5,agent,Ped,65.67159271240234
adapted,seed1,stage5,agent,Car,62.94348907470703
adapted,seed1,stage5,agent,Cyc,13.659136772155762
adapted,seed1,stage5,agent,Mobike,41.83154296875
adapted,seed1,stage5,agent,SmalVeh,0.02811187319457531
adapted,seed1,stage5,agent,MedVeh,33.943809509277344
adapted,seed1,stage5,agent,LarVeh,22.92780113220215
adapted,seed1,stage5,agent,Bus,46.70212936401367
adapted,seed1,stage5,agent,EmVeh,0.005572479218244553
adapted,seed1,stage5,agent,TL,64.73817443847656
adapted,seed1,stage5,action,Red,66.41788482666016
adapted,seed1,stage5,action,Amber,37.30888366699219
adapted,seed1,stage5,action,Green,29.724117279052734
adapted,seed1,stage5,action,MovAway,40.10374450683594
adapted,seed1,stage5,action,MovTow,33.57688903808594
adapted,seed1,stage5,action,Mov,10.358099937438965
adapted,seed1,stage5,action,Rev,0.10957441478967667
adapted,seed1,stage5,action,Brake,43.67270278930664
adapted,seed1,stage5,action,Stop,51.521522521972656
adapted,seed1,stage5,action,IncatLft,4.391844272613525
adapted,seed1,stage5,action,IncatRht,2.1885178089141846
adapted,seed1,stage5,action,HazLit,5.865265846252441
adapted,seed1,stage5,action,TurLft,5.982669353485107
adapted,seed1,stage5,action,TurRht,5.991801738739014
adapted,seed1,stage5,action,MovRht,0.7890335321426392
adapted,seed1,stage5,action,MovLft,0.9418919682502747
adapted,seed1,stage5,action,Ovtak,0.015172408893704414
adapted,seed1,stage5,action,Wait2X,18.882156372070312
adapted,seed1,stage5,action,XingFmLft,14.857681274414062
adapted,seed1,stage5,action,XingFmRht,15.914381980895996
adapted,seed1,stage5,action,Xing,22.5241641998291
adapted,seed1,stage5,action,PushObj,3.32296085357666
adapted,seed1,stage5,loc,VehLane,34.61826705932617
adapted,seed1,stage5,loc,OutgoLane,40.534297943115234
adapted,seed1,stage5,loc,OutgoCycLane,0.06483876705169678
adapted,seed1,stage5,loc,OutgoBusLane,2.8186192512512207
adapted,seed1,stage5,loc,IncomLane,38.5070915222168
adapted,seed1,stage5,loc,IncomCycLane,1.5528956651687622
adapted,seed1,stage5,loc,IncomBusLane,14.323241233825684
adapted,seed1,stage5,loc,Pav,10.788272857666016
adapted,seed1,stage5,loc,LftPav,35.10893630981445
adapted,seed1,stage5,loc,RhtPav,40.434261322021484
adapted,seed1,stage5,loc,Jun,33.55405044555664
adapted,seed1,stage5,loc,xing,13.69556999206543
adapted,seed1,stage5,loc,BusStop,3.0061380863189697
adapted,seed1,stage5,loc,parking,3.1705539226531982
adapted,seed1,stage5,loc,LftParking,42.04146194458008
adapted,seed1,stage5,loc,rightParking,43.117340087890625
adapted,seed1,stage5,duplex,Ped-MovAway,27.744855880737305
adapted,seed1,stage5,duplex,Ped-MovTow,33.80305862426758
adapted,seed1,stage5,duplex,Ped-Mov,15.137392044067383
adapted,seed1,stage5,duplex,Ped-Stop,30.994234085083008
adapted,seed1,stage5,duplex,Ped-Wait2X,28.302745819091797
adapted,seed1,stage5,duplex,Ped-XingFmLft,18.68149185180664
adapted,seed1,stage5,duplex,Ped-XingFmRht,25.497732162475586
adapted,seed1,stage5,duplex,Ped-Xing,28.183469772338867
adapted,seed1,stage5,duplex,Ped-PushObj,4.505363464355469
adapted,seed1,stage5,duplex,Car-MovAway,46.623836517333984
adapted,seed1,stage5,duplex,Car-MovTow,35.929622650146484
adapted,seed1,stage5,duplex,Car-Brake,40.10951232910156
adapted,seed1,stage5,duplex,Car-Stop,52.23359680175781
adapted,seed1,stage5,duplex,Car-IncatLft,11.11318588256836
adapted,seed1,stage5,duplex,Car-IncatRht,3.46657657623291
adapted,seed1,stage5,duplex,Car-HazLit,1.5489799976348877
adapted,seed1,stage5,duplex,Car-TurLft,10.062172889709473
adapted,seed1,stage5,duplex,Car-TurRht,7.836195945739746
adapted,seed1,stage5,duplex,Car-MovRht,1.4008426666259766
adapted,seed1,stage5,duplex,Car-MovLft,2.4107348918914795
adapted,seed1,stage5,duplex,Car-XingFmLft,13.643293380737305
adapted,seed1,stage5,duplex,Car-XingFmRht,11.922709465026855
adapted,seed1,stage5,duplex,Cyc-MovAway,3.698866367340088
adapted,seed1,stage5,duplex,Cyc-MovTow,2.359530448913574
adapted,seed1,stage5,duplex,Cyc-Stop,0.9707403779029846
adapted,seed1,stage5,duplex,Mobike-Stop,25.822683334350586
adapted,seed1,stage5,duplex,MedVeh-MovAway,17.830739974975586
adapted,seed1,stage5,duplex,MedVeh-MovTow,9.393522262573242
adapted,seed1,stage5,duplex,MedVeh-Brake,11.480374336242676
adapted,seed1,stage5,duplex,MedVeh-Stop,19.611289978027344
adapted,seed1,stage5,duplex,MedVeh-IncatLft,5.663237571716309
adapted,seed1,stage5,duplex,MedVeh-IncatRht,0.4325491189956665
adapted,seed1,stage5,duplex,MedVeh-HazLit,12.322345733642578
adapted,seed1,stage5,duplex,MedVeh-TurRht,1.9019204378128052
adapted,seed1,stage5,duplex,MedVeh-XingFmLft,9.173799514770508
adapted,seed1,stage5,duplex,MedVeh-XingFmRht,6.065352916717529
adapted,seed1,stage5,duplex,LarVeh-MovAway,3.715416431427002
adapted,seed1,stage5,duplex,LarVeh-MovTow,5.602594375610352
adapted,seed1,stage5,duplex,LarVeh-Stop,18.522642135620117
adapted,seed1,stage5,duplex,LarVeh-HazLit,12.880573272705078
adapted,seed1,stage5,duplex,Bus-MovAway,24.598480224609375
adapted,seed1,stage5,duplex,Bus-MovTow,29.668720245361328
adapted,seed1,stage5,duplex,Bus-Brake,31.309877395629883
adapted,seed1,stage5,duplex,Bus-Stop,25.793575286865234
adapted,seed1,stage5,duplex,Bus-HazLit,27.03902244567871
adapted,seed1,stage5,duplex,EmVeh-Stop,0.008651616983115673
adapted,seed1,stage5,duplex,TL-Red,62.39717483520508
adapted,seed1,stage5,duplex,TL-Amber,16.918964385986328
adapted,seed1,stage5,duplex,TL-Green,46.90135192871094
adapted,seed1,stage5,triplet,Ped-MovAway-LftPav,16.743656158447266
adapted,seed1,stage5,triplet,Ped-MovAway-RhtPav,24.88347625732422
adapted,seed1,stage5,triplet,Ped-MovAway-Jun,0.4094898998737335
adapted,seed1,stage5,triplet,Ped-MovTow-LftPav,23.968639373779297
adapted,seed1,stage5,triplet,Ped-MovTow-RhtPav,26.027204513549805
adapted,seed1,stage5,triplet,Ped-MovTow-Jun,1.8528026342391968
adapted,seed1,stage5,triplet,Ped-Mov-OutgoLane,1.2900999784469604
adapted,seed1,stage5,triplet,Ped-Mov-Pav,11.783530235290527
adapted,seed1,stage5,triplet,Ped-Mov-RhtPav,3.999293088912964
adapted,seed1,stage5,triplet,Ped-Stop-OutgoLane,13.20889949798584
adapted,seed1,stage5,triplet,Ped-Stop-Pav,3.539212942123413
adapted,seed1,stage5,triplet,Ped-Stop-LftPav,24.36420249938965
adapted,seed1,stage5,triplet,Ped-Stop-RhtPav,16.350175857543945
adapted,seed1,stage5,triplet,Ped-Stop-BusStop,4.359270095825195
adapted,seed1,stage5,triplet,Ped-Wait2X-RhtPav,3.23760986328125
adapted,seed1,stage5,triplet,Ped-Wait2X-Jun,22.76100730895996
adapted,seed1,stage5,triplet,Ped-XingFmLft-Jun,18.596717834472656
adapted,seed1,stage5,triplet,Ped-XingFmRht-Jun,23.878440856933594
adapted,seed1,stage5,triplet,Ped-XingFmRht-xing,6.037144184112549
adapted,seed1,stage5,triplet,Ped-Xing-Jun,22.782386779785156
adapted,seed1,stage5,triplet,Ped-PushObj-LftPav,0.03930167853832245
adapted,seed1,stage5,triplet,Ped-PushObj-RhtPav,0.6306291222572327
adapted,seed1,stage5,triplet,Car-MovAway-VehLane,25.695079803466797
adapted,seed1,stage5,triplet,Car-MovAway-OutgoLane,39.70673370361328
adapted,seed1,stage5,triplet,Car-MovAway-Jun,12.57985782623291
adapted,seed1,stage5,triplet,Car-MovTow-VehLane,0.1205173060297966
adapted,seed1,stage5,triplet,Car-MovTow-IncomLane,38.990821838378906
adapted,seed1,stage5,triplet,Car-MovTow-Jun,8.708683967590332
adapted,seed1,stage5,triplet,Car-Brake-VehLane,37.10466003417969
adapted,seed1,stage5,triplet,Car-Brake-OutgoLane,32.04167938232422
adapted,seed1,stage5,triplet,Car-Brake-Jun,22.731687545776367
adapted,seed1,stage5,triplet,Car-Stop-VehLane,36.470741271972656
adapted,seed1,stage5,triplet,Car-Stop-OutgoLane,24.784378051757812
adapted,seed1,stage5,triplet,Car-Stop-IncomLane,23.270845413208008
adapted,seed1,stage5,triplet,Car-Stop-Jun,25.883203506469727
adapted,seed1,stage5,triplet,Car-Stop-parking,1.7934017181396484
adapted,seed1,stage5,triplet,Car-IncatLft-VehLane,12.81917667388916
adapted,seed1,stage5,triplet,Car-IncatLft-OutgoLane,2.593435049057007
adapted,seed1,stage5,triplet,Car-IncatLft-IncomLane,8.257562637329102
adapted,seed1,stage5,triplet,Car-IncatLft-Jun,6.699456214904785
adapted,seed1,stage5,triplet,Car-IncatRht-VehLane,2.125831127166748
adapted,seed1,stage5,triplet,Car-IncatRht-OutgoLane,2.22784161567688
adapted,seed1,stage5,triplet,Car-IncatRht-IncomLane,2.4556753635406494
adapted,seed1,stage5,triplet,Car-IncatRht-Jun,1.5849354267120361
adapted,seed1,stage5,triplet,Car-HazLit-IncomLane,0.03205116093158722
adapted,seed1,stage5,triplet,Car-TurLft-VehLane,0.9531443119049072
adapted,seed1,stage5,triplet,Car-TurLft-Jun,9.536489486694336
adapted,seed1,stage5,triplet,Car-TurRht-Jun,6.689914226531982
adapted,seed1,stage5,triplet,Car-MovRht-OutgoLane,0.7499751448631287
adapted,seed1,stage5,triplet,Car-MovLft-VehLane,0.3361973166465759
adapted,seed1,stage5,triplet,Car-MovLft-OutgoLane,2.369745969772339
adapted,seed1,stage5,triplet,Car-XingFmLft-Jun,14.520733833312988
adapted,seed1,stage5,triplet,Car-XingFmRht-Jun,11.849003791809082
adapted,seed1,stage5,triplet,Cyc-MovAway-OutgoCycLane,0.1900295466184616
adapted,seed1,stage5,triplet,Cyc-MovAway-RhtPav,0.0014212176902219653
adapted,seed1,stage5,triplet,Cyc-MovTow-IncomLane,0.46806180477142334
adapted,seed1,stage5,triplet,Cyc-MovTow-RhtPav,0.0
adapted,seed1,stage5,triplet,MedVeh-MovAway-VehLane,17.106637954711914
adapted,seed1,stage5,triplet,MedVeh-MovAway-OutgoLane,12.775188446044922
adapted,seed1,stage5,triplet,MedVeh-MovAway-Jun,1.1504313945770264
adapted,seed1,stage5,triplet,MedVeh-MovTow-IncomLane,10.137514114379883
adapted,seed1,stage5,triplet,MedVeh-MovTow-Jun,4.115180969238281
adapted,seed1,stage5,triplet,MedVeh-Brake-VehLane,6.626580238342285
adapted,seed1,stage5,triplet,MedVeh-Brake-OutgoLane,8.739208221435547
adapted,seed1,stage5,triplet,MedVeh-Brake-Jun,14.321904182434082
adapted,seed1,stage5,triplet,MedVeh-Stop-VehLane,10.938627243041992
adapted,seed1,stage5,triplet,MedVeh-Stop-OutgoLane,7.780080318450928
adapted,seed1,stage5,triplet,MedVeh-Stop-IncomLane,1.3946294784545898
adapted,seed1,stage5,triplet,MedVeh-Stop-Jun,12.814836502075195
adapted,seed1,stage5,triplet,MedVeh-Stop-parking,0.36248061060905457
adapted,seed1,stage5,triplet,MedVeh-IncatLft-IncomLane,0.5807802081108093
adapted,seed1,stage5,triplet,MedVeh-IncatRht-Jun,0.020810546353459358
adapted,seed1,stage5,triplet,MedVeh-TurRht-Jun,1.6800765991210938
adapted,seed1,stage5,triplet,MedVeh-XingFmLft-Jun,8.232271194458008
adapted,seed1,stage5,triplet,MedVeh-XingFmRht-Jun,6.741326332092285
adapted,seed1,stage5,triplet,LarVeh-MovAway-VehLane,0.33057063817977905
adapted,seed1,stage5,triplet,LarVeh-MovTow-IncomLane,9.801778793334961
adapted,seed1,stage5,triplet,LarVeh-Stop-VehLane,2.5092146396636963
adapted,seed1,stage5,triplet,LarVeh-Stop-Jun,36.857200622558594
adapted,seed1,stage5,triplet,Bus-MovAway-OutgoLane,4.086843490600586
adapted,seed1,stage5,triplet,Bus-MovTow-IncomLane,17.40143394470215
adapted,seed1,stage5,triplet,Bus-Stop-VehLane,17.004648208618164
adapted,seed1,stage5,triplet,Bus-Stop-OutgoLane,13.414796829223633
adapted,seed1,stage5,triplet,Bus-Stop-IncomLane,0.3494589030742645
adapted,seed1,stage5,triplet,Bus-Stop-Jun,12.37547492980957
adapted,seed1,stage5,triplet,Bus-HazLit-OutgoLane,7.368669509887695
adapted,seed1,stage6,agentness,agentness,65.3644790649414
adapted,seed1,stage6,agent,Ped,65.67159271240234
adapted,seed1,stage6,agent,Car,62.94348907470703
adapted,seed1,stage6,agent,Cyc,13.659136772155762
adapted,seed1,stage6,agent,Mobike,41.83154296875
adapted,seed1,stage6,agent,SmalVeh,0.02811187319457531
adapted,seed1,stage6,agent,MedVeh,33.943809509277344
adapted,seed1,stage6,agent,LarVeh,22.92780113220215
adapted,seed1,stage6,agent,Bus,46.70212936401367
adapted,seed1,stage6,agent,EmVeh,0.005572479218244553
adapted,seed1,stage6,agent,TL,64.73817443847656
adapted,seed1,stage6,action,Red,66.41788482666016
adapted,seed1,stage6,action,Amber,37.30888366699219
adapted,seed1,stage6,action,Green,29.724117279052734
adapted,seed1,stage6,action,MovAway,40.10374450683594
adapted,seed1,stage6,action,MovTow,33.57688903808594
adapted,seed1,stage6,action,Mov,10.358099937438965
adapted,seed1,stage6,action,Rev,0.10957441478967667
adapted,seed1,stage6,action,Brake,43.67270278930664
adapted,seed1,stage6,action,Stop,51.521522521972656
adapted,seed1,stage6,action,IncatLft,4.391844272613525
adapted,seed1,stage6,action,IncatRht,2.1885178089141846
adapted,seed1,stage6,action,HazLit,5.865265846252441
adapted,seed1,stage6,action,TurLft,5.982669353485107
adapted,seed1,stage6,action,TurRht,5.991801738739014
adapted,seed1,stage6,action,MovRht,0.7890335321426392
adapted,seed1,stage6,action,MovLft,0.9418919682502747
adapted,seed1,stage6,action,Ovtak,0.015172408893704414
adapted,seed1,stage6,action,Wait2X,18.882156372070312
adapted,seed1,stage6,action,XingFmLft,14.857681274414062
adapted,seed1,stage6,action,XingFmRht,15.914381980895996
adapted,seed1,stage6,action,Xing,22.5241641998291
adapted,seed1,stage6,action,PushObj,3.32296085357666
adapted,seed1,stage6,loc,VehLane,34.61826705932617
adapted,seed1,stage6,loc,OutgoLane,40.534297943115234
adapted,seed1,stage6,loc,OutgoCycLane,0.06483876705169678
adapted,seed1,stage6,loc,OutgoBusLane,2.8186192512512207
adapted,seed1,stage6,loc,IncomLane,38.5070915222168
adapted,seed1,stage6,loc,IncomCycLane,1.5528956651687622
adapted,seed1,stage6,loc,IncomBusLane,14.323241233825684
adapted,seed1,stage6,loc,Pav,10.788272857666016
adapted,seed1,stage6,loc,LftPav,35.10893630981445
adapted,seed1,stage6,loc,RhtPav,40.434261322021484
adapted,seed1,stage6,loc,Jun,33.55405044555664
adapted,seed1,stage6,loc,xing,13.69556999206543
adapted,seed1,stage6,loc,BusStop,3.0061380863189697
adapted,seed1,stage6,loc,parking,3.1705539226531982
adapted,seed1,stage6,loc,LftParking,42.04146194458008
adapted,seed1,stage6,loc,rightParking,43.117340087890625
adapted,seed1,stage6,duplex,Ped-MovAway,29.95753288269043
adapted,seed1,stage6,duplex,Ped-MovTow,33.743282318115234
adapted,seed1,stage6,duplex,Ped-Mov,14.449191093444824
adapted,seed1,stage6,duplex,Ped-Stop,30.86118507385254
adapted,seed1,stage6,duplex,Ped-Wait2X,28.981433868408203
adapted,seed1,stage6,duplex,Ped-XingFmLft,18.640094757080078
adapted,seed1,stage6,duplex,Ped-XingFmRht,24.907499313354492
adapted,seed1,stage6,duplex,Ped-Xing,28.179866790771484
adapted,seed1,stage6,duplex,Ped-PushObj,4.369129180908203
adapted,seed1,stage6,duplex,Car-MovAway,46.53378677368164
adapted,seed1,stage6,duplex,Car-MovTow,35.23428726196289
adapted,seed1,stage6,duplex,Car-Brake,39.77587127685547
adapted,seed1,stage6,duplex,Car-Stop,52.886898040771484
adapted,seed1,stage6,duplex,Car-IncatLft,12.56275463104248
adapted,seed1,stage6,duplex,Car-IncatRht,2.937375783920288
adapted,seed1,stage6,duplex,Car-HazLit,1.4746185541152954
adapted,seed1,stage6,duplex,Car-TurLft,6.794917106628418
adapted,seed1,stage6,duplex,Car-TurRht,7.411815166473389
adapted,seed1,stage6,duplex,Car-MovRht,1.1541829109191895
adapted,seed1,stage6,duplex,Car-MovLft,1.3830324411392212
adapted,seed1,stage6,duplex,Car-XingFmLft,13.340279579162598
adapted,seed1,stage6,duplex,Car-XingFmRht,11.833453178405762
adapted,seed1,stage6,duplex,Cyc-MovAway,5.968745231628418
adapted,seed1,stage6,duplex,Cyc-MovTow,2.327197790145874
adapted,seed1,stage6,duplex,Cyc-Stop,0.6467678546905518
adapted,seed1,stage6,duplex,Mobike-Stop,25.466388702392578
adapted,seed1,stage6,duplex,MedVeh-MovAway,18.617830276489258
adapted,seed1,stage6,duplex,MedVeh-MovTow,9.280378341674805
adapted,seed1,stage6,duplex,MedVeh-Brake,15.33382797241211
adapted,seed1,stage6,duplex,MedVeh-Stop,20.36725616455078
adapted,seed1,stage6,duplex,MedVeh-IncatLft,3.674997568130493
adapted,seed1,stage6,duplex,MedVeh-IncatRht,2.8844408988952637
adapted,seed1,stage6,duplex,MedVeh-HazLit,2.8627357482910156
adapted,seed1,stage6,duplex,MedVeh-TurRht,1.709717035293579
adapted,seed1,stage6,duplex,MedVeh-XingFmLft,10.804093360900879
adapted,seed1,stage6,duplex,MedVeh-XingFmRht,10.095687866210938
adapted,seed1,stage6,duplex,LarVeh-MovAway,2.16884446144104
adapted,seed1,stage6,duplex,LarVeh-MovTow,3.7109334468841553
adapted,seed1,stage6,duplex,LarVeh-Stop,18.930686950683594
adapted,seed1,stage6,duplex,LarVeh-HazLit,4.8905930519104
adapted,seed1,stage6,duplex,Bus-MovAway,31.582612991333008
adapted,seed1,stage6,duplex,Bus-MovTow,18.956558227539062
adapted,seed1,stage6,duplex,Bus-Brake,31.689329147338867
adapted,seed1,stage6,duplex,Bus-Stop,16.267728805541992
adapted,seed1,stage6,duplex,Bus-HazLit,36.49599838256836
adapted,seed1,stage6,duplex,EmVeh-Stop,0.01937718875706196
adapted,seed1,stage6,duplex,TL-Red,63.0321159362793
adapted,seed1,stage6,duplex,TL-Amber,20.009994506835938
adapted,seed1,stage6,duplex,TL-Green,49.87419891357422
adapted,seed1,stage6,triplet,Ped-MovAway-LftPav,18.746871948242188
adapted,seed1,stage6,triplet,Ped-MovAway-RhtPav,25.816255569458008
adapted,seed1,stage6,triplet,Ped-MovAway-Jun,0.33660662174224854
adapted,seed1,stage6,triplet,Ped-MovTow-LftPav,25.419727325439453
adapted,seed1,stage6,triplet,Ped-MovTow-RhtPav,27.479982376098633
adapted,seed1,stage6,triplet,Ped-MovTow-Jun,4.061814785003662
adapted,seed1,stage6,triplet,Ped-Mov-OutgoLane,1.9262382984161377
adapted,seed1,stage6,triplet,Ped-Mov-Pav,10.750125885009766
adapted,seed1,stage6,triplet,Ped-Mov-RhtPav,3.9103281497955322
adapted,seed1,stage6,triplet,Ped-Stop-OutgoLane,10.277826309204102
adapted,seed1,stage6,triplet,Ped-Stop-Pav,3.842677116394043
adapted,seed1,stage6,triplet,Ped-Stop-LftPav,23.039352416992188
adapted,seed1,stage6,triplet,Ped-Stop-RhtPav,15.717118263244629
adapted,seed1,stage6,triplet,Ped-Stop-BusStop,5.886074542999268
adapted,seed1,stage6,triplet,Ped-Wait2X-RhtPav,3.7615861892700195
adapted,seed1,stage6,triplet,Ped-Wait2X-Jun,23.221254348754883
adapted,seed1,stage6,triplet,Ped-XingFmLft-Jun,18.884510040283203
adapted,seed1,stage6,triplet,Ped-XingFmRht-Jun,23.641799926757812
adapted,seed1,stage6,triplet,Ped-XingFmRht-xing,12.307373046875
adapted,seed1,stage6,triplet,Ped-Xing-Jun,21.199642181396484
adapted,seed1,stage6,triplet,Ped-PushObj-LftPav,0.07580308616161346
adapted,seed1,stage6,triplet,Ped-PushObj-RhtPav,0.6781659126281738
adapted,seed1,stage6,triplet,Car-MovAway-VehLane,26.152931213378906
adapted,seed1,stage6,triplet,Car-MovAway-OutgoLane,39.659584045410156
adapted,seed1,stage6,triplet,Car-MovAway-Jun,12.109013557434082
adapted,seed1,stage6,triplet,Car-MovTow-VehLane,0.1190289631485939
adapted,seed1,stage6,triplet,Car-MovTow-IncomLane,37.150062561035156
adapted,seed1,stage6,triplet,Car-MovTow-Jun,8.962017059326172
adapted,seed1,stage6,triplet,Car-Brake-VehLane,35.28703308105469
adapted,seed1,stage6,triplet,Car-Brake-OutgoLane,33.23777389526367
adapted,seed1,stage6,triplet,Car-Brake-Jun,19.904457092285156
adapted,seed1,stage6,triplet,Car-Stop-VehLane,37.07010269165039
adapted,seed1,stage6,triplet,Car-Stop-OutgoLane,27.97969627380371
adapted,seed1,stage6,triplet,Car-Stop-IncomLane,24.09227752685547
adapted,seed1,stage6,triplet,Car-Stop-Jun,24.588716506958008
adapted,seed1,stage6,triplet,Car-Stop-parking,1.9905779361724854
adapted,seed1,stage6,triplet,Car-IncatLft-VehLane,22.38372802734375
adapted,seed1,stage6,triplet,Car-IncatLft-OutgoLane,3.398362874984741
adapted,seed1,stage6,triplet,Car-IncatLft-IncomLane,5.231616497039795
adapted,seed1,stage6,triplet,Car-IncatLft-Jun,7.289797782897949
adapted,seed1,stage6,triplet,Car-IncatRht-VehLane,2.186084032058716
adapted,seed1,stage6,triplet,Car-IncatRht-OutgoLane,2.1439006328582764
adapted,seed1,stage6,triplet,Car-IncatRht-IncomLane,1.1117916107177734
adapted,seed1,stage6,triplet,Car-IncatRht-Jun,1.3393813371658325
adapted,seed1,stage6,triplet,Car-HazLit-IncomLane,0.05130510404706001
adapted,seed1,stage6,triplet,Car-TurLft-VehLane,0.7342404723167419
adapted,seed1,stage6,triplet,Car-TurLft-Jun,6.486433506011963
adapted,seed1,stage6,triplet,Car-TurRht-Jun,6.269309043884277
adapted,seed1,stage6,triplet,Car-MovRht-OutgoLane,1.0008512735366821
adapted,seed1,stage6,triplet,Car-MovLft-VehLane,0.3117670714855194
adapted,seed1,stage6,triplet,Car-MovLft-OutgoLane,1.202047348022461
adapted,seed1,stage6,triplet,Car-XingFmLft-Jun,13.76396369934082
adapted,seed1,stage6,triplet,Car-XingFmRht-Jun,11.769312858581543
adapted,seed1,stage6,triplet,Cyc-MovAway-OutgoCycLane,0.1490572690963745
adapted,seed1,stage6,triplet,Cyc-MovAway-RhtPav,0.00670453067868948
adapted,seed1,stage6,triplet,Cyc-MovTow-IncomLane,1.3664103746414185
adapted,seed1,stage6,triplet,Cyc-MovTow-RhtPav,0.0
adapted,seed1,stage6,triplet,MedVeh-MovAway-VehLane,12.877095222473145
adapted,seed1,stage6,triplet,MedVeh-MovAway-OutgoLane,13.070822715759277
adapted,seed1,stage6,triplet,MedVeh-MovAway-Jun,2.516338348388672
adapted,seed1,stage6,triplet,MedVeh-MovTow-IncomLane,9.872495651245117
adapted,seed1,stage6,triplet,MedVeh-MovTow-Jun,6.011833190917969
adapted,seed1,stage6,triplet,MedVeh-Brake-VehLane,18.705129623413086
adapted,seed1,stage6,triplet,MedVeh-Brake-OutgoLane,11.387150764465332
adapted,seed1,stage6,triplet,MedVeh-Brake-Jun,28.34931182861328
adapted,seed1,stage6,triplet,MedVeh-Stop-VehLane,18.971275329589844
adapted,seed1,stage6,triplet,MedVeh-Stop-OutgoLane,7.337214469909668
adapted,seed1,stage6,triplet,MedVeh-Stop-IncomLane,1.5185134410858154
adapted,seed1,stage6,triplet,MedVeh-Stop-Jun,11.186905860900879
adapted,seed1,stage6,triplet,MedVeh-Stop-parking,0.1846105009317398
adapted,seed1,stage6,triplet,MedVeh-IncatLft-IncomLane,0.6139835119247437
adapted,seed1,stage6,triplet,MedVeh-IncatRht-Jun,0.15969492495059967
adapted,seed1,stage6,triplet,MedVeh-TurRht-Jun,1.7236607074737549
adapted,seed1,stage6,triplet,MedVeh-XingFmLft-Jun,9.835078239440918
adapted,seed1,stage6,triplet,MedVeh-XingFmRht-Jun,8.666902542114258
adapted,seed1,stage6,triplet,LarVeh-MovAway-VehLane,0.4333501160144806
adapted,seed1,stage6,triplet,LarVeh-MovTow-IncomLane,5.172192573547363
adapted,seed1,stage6,triplet,LarVeh-Stop-VehLane,2.1510183811187744
adapted,seed1,stage6,triplet,LarVeh-Stop-Jun,24.25185775756836
adapted,seed1,stage6,triplet,Bus-MovAway-OutgoLane,11.147748947143555
adapted,seed1,stage6,triplet,Bus-MovTow-IncomLane,17.21856689453125
adapted,seed1,stage6,triplet,Bus-Stop-VehLane,17.21813201904297
adapted,seed1,stage6,triplet,Bus-Stop-OutgoLane,1.7417442798614502
adapted,seed1,stage6,triplet,Bus-Stop-IncomLane,0.42573145031929016
adapted,seed1,stage6,triplet,Bus-Stop-Jun,4.177403926849365
adapted,seed1,stage6,triplet,Bus-HazLit-OutgoLane,2.440396785736084
adapted,seed2,stage5,agentness,agentness,65.3644790649414
adapted,seed2,stage5,agent,Ped,65.67159271240234
adapted,seed2,stage5,agent,Car,62.94348907470703
adapted,seed2,stage5,agent,Cyc,13.659136772155762
adapted,seed2,stage5,agent,Mobike,41.83154296875
adapted,seed2,stage5,agent,SmalVeh,0.02811187319457531
adapted,seed2,stage5,agent,MedVeh,33.943809509277344
adapted,seed2,stage5,agent,LarVeh,22.92780113220215
adapted,seed2,stage5,agent,Bus,46.70212936401367
adapted,seed2,stage5,agent,EmVeh,0.005572479218244553
adapted,seed2,stage5,agent,TL,64.73817443847656
adapted,seed2,stage5,action,Red,64.2768325805664
adapted,seed2,stage5,action,Amber,11.52566146850586
adapted,seed2,stage5,action,Green,50.14513397216797
adapted,seed2,stage5,action,MovAway,40.630252838134766
adapted,seed2,stage5,action,MovTow,33.51993942260742
adapted,seed2,stage5,action,Mov,8.166081428527832
adapted,seed2,stage5,action,Rev,0.16010023653507233
adapted,seed2,stage5,action,Brake,43.658851623535156
adapted,seed2,stage5,action,Stop,54.025352478027344
adapted,seed2,stage5,action,IncatLft,7.185542106628418
adapted,seed2,stage5,action,IncatRht,2.6758341789245605
adapted,seed2,stage5,action,HazLit,5.2196946144104
adapted,seed2,stage5,action,TurLft,6.609830856323242
adapted,seed2,stage5,action,TurRht,5.31019401550293
adapted,seed2,stage5,action,MovRht,0.9120153784751892
adapted,seed2,stage5,action,MovLft,0.7324528694152832
adapted,seed2,stage5,action,Ovtak,0.09292450547218323
adapted,seed2,stage5,action,Wait2X,19.34971046447754
adapted,seed2,stage5,action,XingFmLft,13.288858413696289
adapted,seed2,stage5,action,XingFmRht,18.995168685913086
adapted,seed2,stage5,action,Xing,24.793380737304688
adapted,seed2,stage5,action,PushObj,3.287017822265625
adapted,seed2,stage5,loc,VehLane,33.743953704833984
adapted,seed2,stage5,loc,OutgoLane,40.34604263305664
adapted,seed2,stage5,loc,OutgoCycLane,0.17487280070781708
adapted,seed2,stage5,loc,OutgoBusLane,2.5596389770507812
adapted,seed2,stage5,loc,IncomLane,40.79179763793945
adapted,seed2,stage5,loc,IncomCycLane,1.4183497428894043
adapted,seed2,stage5,loc,IncomBusLane,16.648591995239258
adapted,seed2,stage5,loc,Pav,9.014440536499023
adapted,seed2,stage5,loc,LftPav,33.4366569519043
adapted,seed2,stage5,loc,RhtPav,39.89216232299805
adapted,seed2,stage5,loc,Jun,34.65593338012695
adapted,seed2,stage5,loc,xing,12.618011474609375
adapted,seed2,stage5,loc,BusStop,9.12673282623291
adapted,seed2,stage5,loc,parking,3.1484215259552
adapted,seed2,stage5,loc,LftParking,42.359703063964844
adapted,seed2,stage5,loc,rightParking,40.77839279174805
adapted,seed2,stage5,duplex,Ped-MovAway,28.385326385498047
adapted,seed2,stage5,duplex,Ped-MovTow,33.718055725097656
adapted,seed2,stage5,duplex,Ped-Mov,16.350597381591797
adapted,seed2,stage5,duplex,Ped-Stop,29.986249923706055
adapted,seed2,stage5,duplex,Ped-Wait2X,27.222270965576172
adapted,seed2,stage5,duplex,Ped-XingFmLft,18.577943801879883
adapted,seed2,stage5,duplex,Ped-XingFmRht,24.549259185791016
adapted,seed2,stage5,duplex,Ped-Xing,26.946550369262695
adapted,seed2,stage5,duplex,Ped-PushObj,5.002567768096924
adapted,seed2,stage5,duplex,Car-MovAway,46.7730598449707
adapted,seed2,stage5,duplex,Car-MovTow,36.009220123291016
adapted,seed2,stage5,duplex,Car-Brake,40.7191162109375
adapted,seed2,stage5,duplex,Car-Stop,53.62376022338867
adapted,seed2,stage5,duplex,Car-IncatLft,10.789387702941895
adapted,seed2,stage5,duplex,Car-IncatRht,3.062232732772827
adapted,seed2,stage5,duplex,Car-HazLit,1.0958483219146729
adapted,seed2,stage5,duplex,Car-TurLft,6.7671403884887695
adapted,seed2,stage5,duplex,Car-TurRht,7.61269998550415
adapted,seed2,stage5,duplex,Car-MovRht,1.3459681272506714
adapted,seed2,stage5,duplex,Car-MovLft,1.7026129961013794
adapted,seed2,stage5,duplex,Car-XingFmLft,11.36421012878418
adapted,seed2,stage5,duplex,Car-XingFmRht,10.426894187927246
adapted,seed2,stage5,duplex,Cyc-MovAway,8.711676597595215
adapted,seed2,stage5,duplex,Cyc-MovTow,1.7714502811431885
adapted,seed2,stage5,duplex,Cyc-Stop,0.46190059185028076
adapted,seed2,stage5,duplex,Mobike-Stop,26.233585357666016
adapted,seed2,stage5,duplex,MedVeh-MovAway,18.83708953857422
adapted,seed2,stage5,duplex,MedVeh-MovTow,6.977044582366943
adapted,seed2,stage5,duplex,MedVeh-Brake,15.63340950012207
adapted,seed2,stage5,duplex,MedVeh-Stop,18.086015701293945
adapted,seed2,stage5,duplex,MedVeh-IncatLft,6.482144355773926
adapted,seed2,stage5,duplex,MedVeh-IncatRht,0.9009373784065247
adapted,seed2,stage5,duplex,MedVeh-HazLit,2.172206163406372
adapted,seed2,stage5,duplex,MedVeh-TurRht,0.7133650183677673
adapted,seed2,stage5,duplex,MedVeh-XingFmLft,12.416794776916504
adapted,seed2,stage5,duplex,MedVeh-XingFmRht,10.118863105773926
adapted,seed2,stage5,duplex,LarVeh-MovAway,1.9961203336715698
adapted,seed2,stage5,duplex,LarVeh-MovTow,4.015493869781494
adapted,seed2,stage5,duplex,LarVeh-Stop,21.042194366455078
adapted,seed2,stage5,duplex,LarVeh-HazLit,13.108550071716309
adapted,seed2,stage5,duplex,Bus-MovAway,28.31888198852539
adapted,seed2,stage5,duplex,Bus-MovTow,30.226091384887695
adapted,seed2,stage5,duplex,Bus-Brake,21.580249786376953
adapted,seed2,stage5,duplex,Bus-Stop,22.40200424194336
adapted,seed2,stage5,duplex,Bus-HazLit,38.904815673828125
adapted,seed2,stage5,duplex,EmVeh-Stop,0.008424108847975731
adapted,seed2,stage5,duplex,TL-Red,61.79775619506836
adapted,seed2,stage5,duplex,TL-Amber,14.547979354858398
adapted,seed2,stage5,duplex,TL-Green,51.18437576293945
adapted,seed2,stage5,triplet,Ped-MovAway-LftPav,16.879575729370117
adapted,seed2,stage5,triplet,Ped-MovAway-RhtPav,24.54277801513672
adapted,seed2,stage5,triplet,Ped-MovAway-Jun,0.4801395535469055
adapted,seed2,stage5,triplet,Ped-MovTow-LftPav,24.53030776977539
adapted,seed2,stage5,triplet,Ped-MovTow-RhtPav,27.397523880004883
adapted,seed2,stage5,triplet,Ped-MovTow-Jun,1.1473414897918701
adapted,seed2,stage5,triplet,Ped-Mov-OutgoLane,2.3104360103607178
adapted,seed2,stage5,triplet,Ped-Mov-Pav,11.684882164001465
adapted,seed2,stage5,triplet,Ped-Mov-RhtPav,3.3759560585021973
adapted,seed2,stage5,triplet,Ped-Stop-OutgoLane,9.377617835998535
adapted,seed2,stage5,triplet,Ped-Stop-Pav,3.9142932891845703
adapted,seed2,stage5,triplet,Ped-Stop-LftPav,21.310033798217773
adapted,seed2,stage5,triplet,Ped-Stop-RhtPav,14.610906600952148
adapted,seed2,stage5,triplet,Ped-Stop-BusStop,4.599072456359863
adapted,seed2,stage5,triplet,Ped-Wait2X-RhtPav,3.701746940612793
adapted,seed2,stage5,triplet,Ped-Wait2X-Jun,23.792879104614258
adapted,seed2,stage5,triplet,Ped-XingFmLft-Jun,17.8572998046875
adapted,seed2,stage5,triplet,Ped-XingFmRht-Jun,22.359081268310547
adapted,seed2,stage5,triplet,Ped-XingFmRht-xing,9.680665969848633
adapted,seed2,stage5,triplet,Ped-Xing-Jun,20.93294334411621
adapted,seed2,stage5,triplet,Ped-PushObj-LftPav,0.04709110036492348
adapted,seed2,stage5,triplet,Ped-PushObj-RhtPav,2.894657611846924
adapted,seed2,stage5,triplet,Car-MovAway-VehLane,23.147607803344727
adapted,seed2,stage5,triplet,Car-MovAway-OutgoLane,40.21882629394531
adapted,seed2,stage5,triplet,Car-MovAway-Jun,12.256625175476074
adapted,seed2,stage5,triplet,Car-MovTow-VehLane,0.11438009887933731
adapted,seed2,stage5,triplet,Car-MovTow-IncomLane,38.34465026855469
adapted,seed2,stage5,triplet,Car-MovTow-Jun,8.689157485961914
adapted,seed2,stage5,triplet,Car-Brake-VehLane,36.3657112121582
adapted,seed2,stage5,triplet,Car-Brake-OutgoLane,34.03679275512695
adapted,seed2,stage5,triplet,Car-Brake-Jun,20.407302856445312
adapted,seed2,stage5,triplet,Car-Stop-VehLane,39.5755500793457
adapted,seed2,stage5,triplet,Car-Stop-OutgoLane,27.729032516479492
adapted,seed2,stage5,triplet,Car-Stop-IncomLane,22.73149871826172
adapted,seed2,stage5,triplet,Car-Stop-Jun,25.88117218017578
adapted,seed2,stage5,triplet,Car-Stop-parking,1.800836443901062
adapted,seed2,stage5,triplet,Car-IncatLft-VehLane,16.80075454711914
adapted,seed2,stage5,triplet,Car-IncatLft-OutgoLane,4.746639728546143
adapted,seed2,stage5,triplet,Car-IncatLft-IncomLane,5.733720302581787
adapted,seed2,stage5,triplet,Car-IncatLft-Jun,4.5953168869018555
adapted,seed2,stage5,triplet,Car-IncatRht-VehLane,1.4943782091140747
adapted,seed2,stage5,triplet,Car-IncatRht-OutgoLane,2.208949327468872
adapted,seed2,stage5,triplet,Car-IncatRht-IncomLane,1.8890835046768188
adapted,seed2,stage5,triplet,Car-IncatRht-Jun,1.3223260641098022
adapted,seed2,stage5,triplet,Car-HazLit-IncomLane,0.04072510451078415
adapted,seed2,stage5,triplet,Car-TurLft-VehLane,2.818444013595581
adapted,seed2,stage5,triplet,Car-TurLft-Jun,6.855894088745117
adapted,seed2,stage5,triplet,Car-TurRht-Jun,6.578897953033447
adapted,seed2,stage5,triplet,Car-MovRht-OutgoLane,0.9203547835350037
adapted,seed2,stage5,triplet,Car-MovLft-VehLane,0.5380804538726807
adapted,seed2,stage5,triplet,Car-MovLft-OutgoLane,1.294350266456604
adapted,seed2,stage5,triplet,Car-XingFmLft-Jun,11.976569175720215
adapted,seed2,stage5,triplet,Car-XingFmRht-Jun,10.146801948547363
adapted,seed2,stage5,triplet,Cyc-MovAway-OutgoCycLane,0.15837214887142181
adapted,seed2,stage5,triplet,Cyc-MovAway-RhtPav,0.0011111019412055612
adapted,seed2,stage5,triplet,Cyc-MovTow-IncomLane,1.3673646450042725
adapted,seed2,stage5,triplet,Cyc-MovTow-RhtPav,0.0
adapted,seed2,stage5,triplet,MedVeh-MovAway-VehLane,19.72402572631836
adapted,seed2,stage5,triplet,MedVeh-MovAway-OutgoLane,11.515477180480957
adapted,seed2,stage5,triplet,MedVeh-MovAway-Jun,5.350635528564453
adapted,seed2,stage5,triplet,MedVeh-MovTow-IncomLane,7.2257609367370605
adapted,seed2,stage5,triplet,MedVeh-MovTow-Jun,3.802454710006714
adapted,seed2,stage5,triplet,MedVeh-Brake-VehLane,9.611827850341797
adapted,seed2,stage5,triplet,MedVeh-Brake-OutgoLane,14.449889183044434
adapted,seed2,stage5,triplet,MedVeh-Brake-Jun,23.894956588745117
adapted,seed2,stage5,triplet,MedVeh-Stop-VehLane,10.030718803405762
adapted,seed2,stage5,triplet,MedVeh-Stop-OutgoLane,11.645087242126465
adapted,seed2,stage5,triplet,MedVeh-Stop-IncomLane,1.650543212890625
adapted,seed2,stage5,triplet,MedVeh-Stop-Jun,9.995738983154297
adapted,seed2,stage5,triplet,MedVeh-Stop-parking,0.19394639134407043
adapted,seed2,stage5,triplet,MedVeh-IncatLft-IncomLane,0.6072325110435486
adapted,seed2,stage5,triplet,MedVeh-IncatRht-Jun,0.012987440451979637
adapted,seed2,stage5,triplet,MedVeh-TurRht-Jun,0.7572720646858215
adapted,seed2,stage5,triplet,MedVeh-XingFmLft-Jun,10.903864860534668
adapted,seed2,stage5,triplet,MedVeh-XingFmRht-Jun,10.137431144714355
adapted,seed2,stage5,triplet,LarVeh-MovAway-VehLane,0.1492719203233719
adapted,seed2,stage5,triplet,LarVeh-MovTow-IncomLane,4.5053253173828125
adapted,seed2,stage5,triplet,LarVeh-Stop-VehLane,8.1067476272583
adapted,seed2,stage5,triplet,LarVeh-Stop-Jun,34.230342864990234
adapted,seed2,stage5,triplet,Bus-MovAway-OutgoLane,8.311586380004883
adapted,seed2,stage5,triplet,Bus-MovTow-IncomLane,29.15589141845703
adapted,seed2,stage5,triplet,Bus-Stop-VehLane,19.27017593383789
adapted,seed2,stage5,triplet,Bus-Stop-OutgoLane,11.125128746032715
adapted,seed2,stage5,triplet,Bus-Stop-IncomLane,1.9021295309066772
adapted,seed2,stage5,triplet,Bus-Stop-Jun,12.115740776062012
adapted,seed2,stage5,triplet,Bus-HazLit-OutgoLane,12.269418716430664
adapted,seed2,stage6,agentness,agentness,65.3644790649414
adapted,seed2,stage6,agent,Ped,65.67159271240234
adapted,seed2,stage6,agent,Car,62.94348907470703
adapted,seed2,stage6,agent,Cyc,13.659136772155762
adapted,seed2,stage6,agent,Mobike,41.83154296875
adapted,seed2,stage6,agent,SmalVeh,0.02811187319457531
adapted,seed2,stage6,agent,MedVeh,33.943809509277344
adapted,seed2,stage6,agent,LarVeh,22.92780113220215
adapted,seed2,stage6,agent,Bus,46.70212936401367
adapted,seed2,stage6,agent,EmVeh,0.005572479218244553
adapted,seed2,stage6,agent,TL,64.73817443847656
adapted,seed2,stage6,action,Red,64.2768325805664
adapted,seed2,stage6,action,Amber,11.52566146850586
adapted,seed2,stage6,action,Green,50.14513397216797
adapted,seed2,stage6,action,MovAway,40.630252838134766
adapted,seed2,stage6,action,MovTow,33.51993942260742
adapted,seed2,stage6,action,Mov,8.166081428527832
adapted,seed2,stage6,action,Rev,0.16010023653507233
adapted,seed2,stage6,action,Brake,43.658851623535156
adapted,seed2,stage6,action,Stop,54.025352478027344
adapted,seed2,stage6,action,IncatLft,7.185542106628418
adapted,seed2,stage6,action,IncatRht,2.6758341789245605
adapted,seed2,stage6,action,HazLit,5.2196946144104
adapted,seed2,stage6,action,TurLft,6.609830856323242
adapted,seed2,stage6,action,TurRht,5.31019401550293
adapted,seed2,stage6,action,MovRht,0.9120153784751892
adapted,seed2,stage6,action,MovLft,0.7324528694152832
adapted,seed2,stage6,action,Ovtak,0.09292450547218323
adapted,seed2,stage6,action,Wait2X,19.34971046447754
adapted,seed2,stage6,action,XingFmLft,13.288858413696289
adapted,seed2,stage6,action,XingFmRht,18.995168685913086
adapted,seed2,stage6,action,Xing,24.793380737304688
adapted,seed2,stage6,action,PushObj,3.287017822265625
adapted,seed2,stage6,loc,VehLane,33.743953704833984
adapted,seed2,stage6,loc,OutgoLane,40.34604263305664
adapted,seed2,stage6,loc,OutgoCycLane,0.17487280070781708
adapted,seed2,stage6,loc,OutgoBusLane,2.5596389770507812
adapted,seed2,stage6,loc,IncomLane,40.79179763793945
adapted,seed2,stage6,loc,IncomCycLane,1.4183497428894043
adapted,seed2,stage6,loc,IncomBusLane,16.648591995239258
adapted,seed2,stage6,loc,Pav,9.014440536499023
adapted,seed2,stage6,loc,LftPav,33.4366569519043
adapted,seed2,stage6,loc,RhtPav,39.89216232299805
adapted,seed2,stage6,loc,Jun,34.65593338012695
adapted,seed2,stage6,loc,xing,12.618011474609375
adapted,seed2,stage6,loc,BusStop,9.12673282623291
adapted,seed2,stage6,loc,parking,3.1484215259552
adapted,seed2,stage6,loc,LftParking,42.359703063964844
adapted,seed2,stage6,loc,rightParking,40.77839279174805
adapted,seed2,stage6,duplex,Ped-MovAway,28.89293098449707
adapted,seed2,stage6,duplex,Ped-MovTow,34.89321517944336
adapted,seed2,stage6,duplex,Ped-Mov,14.590425491333008
adapted,seed2,stage6,duplex,Ped-Stop,30.047819137573242
adapted,seed2,stage6,duplex,Ped-Wait2X,28.213523864746094
adapted,seed2,stage6,duplex,Ped-XingFmLft,19.555456161499023
adapted,seed2,stage6,duplex,Ped-XingFmRht,24.538612365722656
adapted,seed2,stage6,duplex,Ped-Xing,26.868778228759766
adapted,seed2,stage6,duplex,Ped-PushObj,4.108057022094727
adapted,seed2,stage6,duplex,Car-MovAway,46.64720153808594
adapted,seed2,stage6,duplex,Car-MovTow,35.78765106201172
adapted,seed2,stage6,duplex,Car-Brake,41.13179016113281
adapted,seed2,stage6,duplex,Car-Stop,53.45614242553711
adapted,seed2,stage6,duplex,Car-IncatLft,9.188603401184082
adapted,seed2,stage6,duplex,Car-IncatRht,3.2314107418060303
adapted,seed2,stage6,duplex,Car-HazLit,1.3900113105773926
adapted,seed2,stage6,duplex,Car-TurLft,7.3448028564453125
adapted,seed2,stage6,duplex,Car-TurRht,8.772189140319824
adapted,seed2,stage6,duplex,Car-MovRht,1.3137136697769165
adapted,seed2,stage6,duplex,Car-MovLft,2.0662612915039062
adapted,seed2,stage6,duplex,Car-XingFmLft,13.155770301818848
adapted,seed2,stage6,duplex,Car-XingFmRht,11.3303804397583
adapted,seed2,stage6,duplex,Cyc-MovAway,6.55628776550293
adapted,seed2,stage6,duplex,Cyc-MovTow,1.8214430809020996
adapted,seed2,stage6,duplex,Cyc-Stop,0.41510874032974243
adapted,seed2,stage6,duplex,Mobike-Stop,24.214691162109375
adapted,seed2,stage6,duplex,MedVeh-MovAway,17.147415161132812
adapted,seed2,stage6,duplex,MedVeh-MovTow,8.211204528808594
adapted,seed2,stage6,duplex,MedVeh-Brake,15.274463653564453
adapted,seed2,stage6,duplex,MedVeh-Stop,17.615772247314453
adapted,seed2,stage6,duplex,MedVeh-IncatLft,3.368939161300659
adapted,seed2,stage6,duplex,MedVeh-IncatRht,1.5366495847702026
adapted,seed2,stage6,duplex,MedVeh-HazLit,4.059134483337402
adapted,seed2,stage6,duplex,MedVeh-TurRht,2.192751407623291
adapted,seed2,stage6,duplex,MedVeh-XingFmLft,12.620790481567383
adapted,seed2,stage6,duplex,MedVeh-XingFmRht,7.537027835845947
adapted,seed2,stage6,duplex,LarVeh-MovAway,4.4365973472595215
adapted,seed2,stage6,duplex,LarVeh-MovTow,2.3281540870666504
adapted,seed2,stage6,duplex,LarVeh-Stop,16.39588165283203
adapted,seed2,stage6,duplex,LarVeh-HazLit,5.309516429901123
adapted,seed2,stage6,duplex,Bus-MovAway,28.323850631713867
adapted,seed2,stage6,duplex,Bus-MovTow,28.947391510009766
adapted,seed2,stage6,duplex,Bus-Brake,29.032331466674805
adapted,seed2,stage6,duplex,Bus-Stop,20.157012939453125
adapted,seed2,stage6,duplex,Bus-HazLit,35.998931884765625
adapted,seed2,stage6,duplex,EmVeh-Stop,0.011170131154358387
adapted,seed2,stage6,duplex,TL-Red,62.437843322753906
adapted,seed2,stage6,duplex,TL-Amber,29.0579776763916
adapted,seed2,stage6,duplex,TL-Green,50.00113296508789
adapted,seed2,stage6,triplet,Ped-MovAway-LftPav,18.75215721130371
adapted,seed2,stage6,triplet,Ped-MovAway-RhtPav,24.93937873840332
adapted,seed2,stage6,triplet,Ped-MovAway-Jun,1.330958366394043
adapted,seed2,stage6,triplet,Ped-MovTow-LftPav,23.826263427734375
adapted,seed2,stage6,triplet,Ped-MovTow-RhtPav,27.0300235748291
adapted,seed2,stage6,triplet,Ped-MovTow-Jun,4.023463726043701
adapted,seed2,stage6,triplet,Ped-Mov-OutgoLane,5.054088115692139
adapted,seed2,stage6,triplet,Ped-Mov-Pav,10.962240219116211
adapted,seed2,stage6,triplet,Ped-Mov-RhtPav,5.20743465423584
adapted,seed2,stage6,triplet,Ped-Stop-OutgoLane,15.762953758239746
adapted,seed2,stage6,triplet,Ped-Stop-Pav,3.199852228164673
adapted,seed2,stage6,triplet,Ped-Stop-LftPav,20.821880340576172
adapted,seed2,stage6,triplet,Ped-Stop-RhtPav,15.721641540527344
adapted,seed2,stage6,triplet,Ped-Stop-BusStop,3.1056838035583496
adapted,seed2,stage6,triplet,Ped-Wait2X-RhtPav,8.702849388122559
adapted,seed2,stage6,triplet,Ped-Wait2X-Jun,22.096935272216797
adapted,seed2,stage6,triplet,Ped-XingFmLft-Jun,19.388015747070312
adapted,seed2,stage6,triplet,Ped-XingFmRht-Jun,23.159318923950195
adapted,seed2,stage6,triplet,Ped-XingFmRht-xing,6.1632866859436035
adapted,seed2,stage6,triplet,Ped-Xing-Jun,21.50032615661621
adapted,seed2,stage6,triplet,Ped-PushObj-LftPav,0.06112518161535263
adapted,seed2,stage6,triplet,Ped-PushObj-RhtPav,0.435619980096817
adapted,seed2,stage6,triplet,Car-MovAway-VehLane,24.99858283996582
adapted,seed2,stage6,triplet,Car-MovAway-OutgoLane,40.08631134033203
adapted,seed2,stage6,triplet,Car-MovAway-Jun,11.896042823791504
adapted,seed2,stage6,triplet,Car-MovTow-VehLane,0.12250648438930511
adapted,seed2,stage6,triplet,Car-MovTow-IncomLane,38.30978775024414
adapted,seed2,stage6,triplet,Car-MovTow-Jun,8.176533699035645
adapted,seed2,stage6,triplet,Car-Brake-VehLane,37.94708251953125
adapted,seed2,stage6,triplet,Car-Brake-OutgoLane,35.023597717285156
adapted,seed2,stage6,triplet,Car-Brake-Jun,20.86103630065918
adapted,seed2,stage6,triplet,Car-Stop-VehLane,38.73121643066406
adapted,seed2,stage6,triplet,Car-Stop-OutgoLane,29.133451461791992
adapted,seed2,stage6,triplet,Car-Stop-IncomLane,23.08624267578125
adapted,seed2,stage6,triplet,Car-Stop-Jun,26.201610565185547
adapted,seed2,stage6,triplet,Car-Stop-parking,2.3292808532714844
adapted,seed2,stage6,triplet,Car-IncatLft-VehLane,16.454509735107422
adapted,seed2,stage6,triplet,Car-IncatLft-OutgoLane,2.2750258445739746
adapted,seed2,stage6,triplet,Car-IncatLft-IncomLane,4.8947930335998535
adapted,seed2,stage6,triplet,Car-IncatLft-Jun,4.698521614074707
adapted,seed2,stage6,triplet,Car-IncatRht-VehLane,1.7764045000076294
adapted,seed2,stage6,triplet,Car-IncatRht-OutgoLane,2.27492618560791
adapted,seed2,stage6,triplet,Car-IncatRht-IncomLane,1.1007968187332153
adapted,seed2,stage6,triplet,Car-IncatRht-Jun,1.1043126583099365
adapted,seed2,stage6,triplet,Car-HazLit-IncomLane,0.07802276313304901
adapted,seed2,stage6,triplet,Car-TurLft-VehLane,1.0568455457687378
adapted,seed2,stage6,triplet,Car-TurLft-Jun,7.6483306884765625
adapted,seed2,stage6,triplet,Car-TurRht-Jun,7.2039971351623535
adapted,seed2,stage6,triplet,Car-MovRht-OutgoLane,0.824205219745636
adapted,seed2,stage6,triplet,Car-MovLft-VehLane,0.9561328887939453
adapted,seed2,stage6,triplet,Car-MovLft-OutgoLane,1.3640483617782593
adapted,seed2,stage6,triplet,Car-XingFmLft-Jun,13.778067588806152
adapted,seed2,stage6,triplet,Car-XingFmRht-Jun,11.263260841369629
adapted,seed2,stage6,triplet,Cyc-MovAway-OutgoCycLane,0.12432356178760529
adapted,seed2,stage6,triplet,Cyc-MovAway-RhtPav,0.0043239532969892025
adapted,seed2,stage6,triplet,Cyc-MovTow-IncomLane,0.46366086602211
adapted,seed2,stage6,triplet,Cyc-MovTow-RhtPav,0.0
adapted,seed2,stage6,triplet,MedVeh-MovAway-VehLane,15.273567199707031
adapted,seed2,stage6,triplet,MedVeh-MovAway-OutgoLane,12.916417121887207
adapted,seed2,stage6,triplet,MedVeh-MovAway-Jun,15.23931884765625
adapted,seed2,stage6,triplet,MedVeh-MovTow-IncomLane,9.086799621582031
adapted,seed2,stage6,triplet,MedVeh-MovTow-Jun,3.7207393646240234
adapted,seed2,stage6,triplet,MedVeh-Brake-VehLane,17.772615432739258
adapted,seed2,stage6,triplet,MedVeh-Brake-OutgoLane,9.398138046264648
adapted,seed2,stage6,triplet,MedVeh-Brake-Jun,11.71284294128418
adapted,seed2,stage6,triplet,MedVeh-Stop-VehLane,12.548147201538086
adapted,seed2,stage6,triplet,MedVeh-Stop-OutgoLane,8.704339981079102
adapted,seed2,stage6,triplet,MedVeh-Stop-IncomLane,1.6015126705169678
adapted,seed2,stage6,triplet,MedVeh-Stop-Jun,14.523897171020508
adapted,seed2,stage6,triplet,MedVeh-Stop-parking,0.49217817187309265
adapted,seed2,stage6,triplet,MedVeh-IncatLft-IncomLane,0.2473836988210678
adapted,seed2,stage6,triplet,MedVeh-IncatRht-Jun,0.20467233657836914
adapted,seed2,stage6,triplet,MedVeh-TurRht-Jun,1.304841160774231
adapted,seed2,stage6,triplet,MedVeh-XingFmLft-Jun,11.393874168395996
adapted,seed2,stage6,triplet,MedVeh-XingFmRht-Jun,6.7107038497924805
adapted,seed2,stage6,triplet,LarVeh-MovAway-VehLane,0.4816681146621704
adapted,seed2,stage6,triplet,LarVeh-MovTow-IncomLane,6.254974842071533
adapted,seed2,stage6,triplet,LarVeh-Stop-VehLane,2.4260292053222656
adapted,seed2,stage6,triplet,LarVeh-Stop-Jun,2.500535488128662
adapted,seed2,stage6,triplet,Bus-MovAway-OutgoLane,17.234176635742188
adapted,seed2,stage6,triplet,Bus-MovTow-IncomLane,17.89867401123047
adapted,seed2,stage6,triplet,Bus-Stop-VehLane,44.66606903076172
adapted,seed2,stage6,triplet,Bus-Stop-OutgoLane,2.0133023262023926
adapted,seed2,stage6,triplet,Bus-Stop-IncomLane,0.7821534872055054
adapted,seed2,stage6,triplet,Bus-Stop-Jun,7.271096706390381
adapted,seed2,stage6,triplet,Bus-HazLit-OutgoLane,17.584840774536133
original,seed0,stage5,agentness,agentness,65.3644790649414
original,seed0,stage5,agent,Ped,65.67159271240234
original,seed0,stage5,agent,Car,62.94348907470703
original,seed0,stage5,agent,Cyc,13.659136772155762
original,seed0,stage5,agent,Mobike,41.83154296875
original,seed0,stage5,agent,SmalVeh,0.02811187319457531
original,seed0,stage5,agent,MedVeh,33.943809509277344
original,seed0,stage5,agent,LarVeh,22.92780113220215
original,seed0,stage5,agent,Bus,46.70212936401367
original,seed0,stage5,agent,EmVeh,0.005572479218244553
original,seed0,stage5,agent,TL,64.73817443847656
original,seed0,stage5,action,Red,59.14077377319336
original,seed0,stage5,action,Amber,16.015838623046875
original,seed0,stage5,action,Green,31.039710998535156
original,seed0,stage5,action,MovAway,37.70209884643555
original,seed0,stage5,action,MovTow,34.584102630615234
original,seed0,stage5,action,Mov,9.958294868469238
original,seed0,stage5,action,Rev,0.23558776080608368
original,seed0,stage5,action,Brake,42.435611724853516
original,seed0,stage5,action,Stop,54.08837890625
original,seed0,stage5,action,IncatLft,5.896590232849121
original,seed0,stage5,action,IncatRht,2.3695530891418457
original,seed0,stage5,action,HazLit,5.493776798248291
original,seed0,stage5,action,TurLft,6.134292125701904
original,seed0,stage5,action,TurRht,5.510610103607178
original,seed0,stage5,action,MovRht,0.8014500737190247
original,seed0,stage5,action,MovLft,0.9290831685066223
original,seed0,stage5,action,Ovtak,0.11126063764095306
original,seed0,stage5,action,Wait2X,19.612823486328125
original,seed0,stage5,action,XingFmLft,14.890314102172852
original,seed0,stage5,action,XingFmRht,16.828535079956055
original,seed0,stage5,action,Xing,23.91407012939453
original,seed0,stage5,action,PushObj,2.656017303466797
original,seed0,stage5,loc,VehLane,38.3698616027832
original,seed0,stage5,loc,OutgoLane,40.4913444519043
original,seed0,stage5,loc,OutgoCycLane,0.13131387531757355
original,seed0,stage5,loc,OutgoBusLane,3.3037774562835693
original,seed0,stage5,loc,IncomLane,40.093421936035156
original,seed0,stage5,loc,IncomCycLane,0.8680646419525146
original,seed0,stage5,loc,IncomBusLane,17.979827880859375
original,seed0,stage5,loc,Pav,10.361513137817383
original,seed0,stage5,loc,LftPav,37.497955322265625
original,seed0,stage5,loc,RhtPav,42.190311431884766
original,seed0,stage5,loc,Jun,29.580432891845703
original,seed0,stage5,loc,xing,15.425796508789062
original,seed0,stage5,loc,BusStop,3.335036516189575
original,seed0,stage5,loc,parking,2.925111770629883
original,seed0,stage5,loc,LftParking,41.50674057006836
original,seed0,stage5,loc,rightParking,41.971900939941406
original,seed0,stage5,duplex,Ped-MovAway,29.181163787841797
original,seed0,stage5,duplex,Ped-MovTow,32.76808166503906
original,seed0,stage5,duplex,Ped-Mov,14.212310791015625
original,seed0,stage5,duplex,Ped-Stop,29.988075256347656
original,seed0,stage5,duplex,Ped-Wait2X,29.07843780517578
original,seed0,stage5,duplex,Ped-XingFmLft,21.754497528076172
original,seed0,stage5,duplex,Ped-XingFmRht,21.433332443237305
original,seed0,stage5,duplex,Ped-Xing,26.187530517578125
original,seed0,stage5,duplex,Ped-PushObj,3.9769766330718994
original,seed0,stage5,duplex,Car-MovAway,46.82366943359375
original,seed0,stage5,duplex,Car-MovTow,35.70162582397461
original,seed0,stage5,duplex,Car-Brake,39.07954025268555
original,seed0,stage5,duplex,Car-Stop,52.50356674194336
original,seed0,stage5,duplex,Car-IncatLft,9.163692474365234
original,seed0,stage5,duplex,Car-IncatRht,3.4091427326202393
original,seed0,stage5,duplex,Car-HazLit,1.1447232961654663
original,seed0,stage5,duplex,Car-TurLft,7.223536014556885
original,seed0,stage5,duplex,Car-TurRht,6.589171409606934
original,seed0,stage5,duplex,Car-MovRht,1.0348068475723267
original,seed0,stage5,duplex,Car-MovLft,2.653928279876709
original,seed0,stage5,duplex,Car-XingFmLft,12.02493667602539
original,seed0,stage5,duplex,Car-XingFmRht,11.943689346313477
original,seed0,stage5,duplex,Cyc-MovAway,6.408780097961426
original,seed0,stage5,duplex,Cyc-MovTow,1.52254319190979
original,seed0,stage5,duplex,Cyc-Stop,1.3855068683624268
original,seed0,stage5,duplex,Mobike-Stop,25.14029312133789
original,seed0,stage5,duplex,MedVeh-MovAway,17.517608642578125
original,seed0,stage5,duplex,MedVeh-MovTow,8.048937797546387
original,seed0,stage5,duplex,MedVeh-Brake,8.84713077545166
original,seed0,stage5,duplex,MedVeh-Stop,18.00242042541504
original,seed0,stage5,duplex,MedVeh-IncatLft,6.515307903289795
original,seed0,stage5,duplex,MedVeh-IncatRht,0.4728087782859802
original,seed0,stage5,duplex,MedVeh-HazLit,12.526640892028809
original,seed0,stage5,duplex,MedVeh-TurRht,2.6923110485076904
original,seed0,stage5,duplex,MedVeh-XingFmLft,7.886681079864502
original,seed0,stage5,duplex,MedVeh-XingFmRht,11.730090141296387
original,seed0,stage5,duplex,LarVeh-MovAway,1.2616021633148193
original,seed0,stage5,duplex,LarVeh-MovTow,2.374046802520752
original,seed0,stage5,duplex,LarVeh-Stop,17.762453079223633
original,seed0,stage5,duplex,LarVeh-HazLit,10.592445373535156
original,seed0,stage5,duplex,Bus-MovAway,27.52701187133789
original,seed0,stage5,duplex,Bus-MovTow,33.94620132446289
original,seed0,stage5,duplex,Bus-Brake,20.008317947387695
original,seed0,stage5,duplex,Bus-Stop,21.11243438720703
original,seed0,stage5,duplex,Bus-HazLit,28.825483322143555
original,seed0,stage5,duplex,EmVeh-Stop,0.012462425976991653
original,seed0,stage5,duplex,TL-Red,61.06572341918945
original,seed0,stage5,duplex,TL-Amber,28.570714950561523
original,seed0,stage5,duplex,TL-Green,45.410865783691406
original,seed0,stage5,triplet,Ped-MovAway-LftPav,17.550867080688477
original,seed0,stage5,triplet,Ped-MovAway-RhtPav,26.4664363861084
original,seed0,stage5,triplet,Ped-MovAway-Jun,0.6478337049484253
original,seed0,stage5,triplet,Ped-MovTow-LftPav,21.504837036132812
original,seed0,stage5,triplet,Ped-MovTow-RhtPav,27.590503692626953
original,seed0,stage5,triplet,Ped-MovTow-Jun,1.3317039012908936
original,seed0,stage5,triplet,Ped-Mov-OutgoLane,0.7483324408531189
original,seed0,stage5,triplet,Ped-Mov-Pav,10.187594413757324
original,seed0,stage5,triplet,Ped-Mov-RhtPav,3.661848306655884
original,seed0,stage5,triplet,Ped-Stop-OutgoLane,5.791972637176514
original,seed0,stage5,triplet,Ped-Stop-Pav,4.13927698135376
original,seed0,stage5,triplet,Ped-Stop-LftPav,22.10007095336914
original,seed0,stage5,triplet,Ped-Stop-RhtPav,15.217812538146973
original,seed0,stage5,triplet,Ped-Stop-BusStop,5.178310871124268
original,seed0,stage5,triplet,Ped-Wait2X-RhtPav,2.833946704864502
original,seed0,stage5,triplet,Ped-Wait2X-Jun,22.97691535949707
original,seed0,stage5,triplet,Ped-XingFmLft-Jun,20.597166061401367
original,seed0,stage5,triplet,Ped-XingFmRht-Jun,22.07399559020996
original,seed0,stage5,triplet,Ped-XingFmRht-xing,9.514925956726074
original,seed0,stage5,triplet,Ped-Xing-Jun,19.19561004638672
original,seed0,stage5,triplet,Ped-PushObj-LftPav,0.03724656626582146
original,seed0,stage5,triplet,Ped-PushObj-RhtPav,1.9104728698730469
original,seed0,stage5,triplet,Car-MovAway-VehLane,24.744354248046875
original,seed0,stage5,triplet,Car-MovAway-OutgoLane,40.53666305541992
original,seed0,stage5,triplet,Car-MovAway-Jun,12.603460311889648
original,seed0,stage5,triplet,Car-MovTow-VehLane,0.09088323265314102
original,seed0,stage5,triplet,Car-MovTow-IncomLane,38.43463134765625
original,seed0,stage5,triplet,Car-MovTow-Jun,7.927612781524658
original,seed0,stage5,triplet,Car-Brake-VehLane,35.355567932128906
original,seed0,stage5,triplet,Car-Brake-OutgoLane,32.77667236328125
original,seed0,stage5,triplet,Car-Brake-Jun,19.37967872619629
original,seed0,stage5,triplet,Car-Stop-VehLane,35.264591217041016
original,seed0,stage5,triplet,Car-Stop-OutgoLane,26.478527069091797
original,seed0,stage5,triplet,Car-Stop-IncomLane,22.776966094970703
original,seed0,stage5,triplet,Car-Stop-Jun,24.647335052490234
original,seed0,stage5,triplet,Car-Stop-parking,1.9904056787490845
original,seed0,stage5,triplet,Car-IncatLft-VehLane,17.009126663208008
original,seed0,stage5,triplet,Car-IncatLft-OutgoLane,3.5359792709350586
original,seed0,stage5,triplet,Car-IncatLft-IncomLane,6.512622356414795
original,seed0,stage5,triplet,Car-IncatLft-Jun,7.314476490020752
original,seed0,stage5,triplet,Car-IncatRht-VehLane,1.9432373046875
original,seed0,stage5,triplet,Car-IncatRht-OutgoLane,2.6601057052612305
original,seed0,stage5,triplet,Car-IncatRht-IncomLane,1.7081067562103271
original,seed0,stage5,triplet,Car-IncatRht-Jun,1.335137128829956
original,seed0,stage5,triplet,Car-HazLit-IncomLane,0.042927078902721405
original,seed0,stage5,triplet,Car-TurLft-VehLane,0.6084904670715332
original,seed0,stage5,triplet,Car-TurLft-Jun,6.80390739440918
original,seed0,stage5,triplet,Car-TurRht-Jun,6.247711658477783
original,seed0,stage5,triplet,Car-MovRht-OutgoLane,0.555378794670105
original,seed0,stage5,triplet,Car-MovLft-VehLane,0.4386932849884033
original,seed0,stage5,triplet,Car-MovLft-OutgoLane,2.103534460067749
original,seed0,stage5,triplet,Car-XingFmLft-Jun,13.157951354980469
original,seed0,stage5,triplet,Car-XingFmRht-Jun,11.994808197021484
original,seed0,stage5,triplet,Cyc-MovAway-OutgoCycLane,0.23481090366840363
original,seed0,stage5,triplet,Cyc-MovAway-RhtPav,0.000975737813860178
original,seed0,stage5,triplet,Cyc-MovTow-IncomLane,0.1807750016450882
original,seed0,stage5,triplet,Cyc-MovTow-RhtPav,0.0
original,seed0,stage5,triplet,MedVeh-MovAway-VehLane,22.479984283447266
original,seed0,stage5,triplet,MedVeh-MovAway-OutgoLane,13.424494743347168
original,seed0,stage5,triplet,MedVeh-MovAway-Jun,3.0825564861297607
original,seed0,stage5,triplet,MedVeh-MovTow-IncomLane,8.827723503112793
original,seed0,stage5,triplet,MedVeh-MovTow-Jun,3.904478073120117
original,seed0,stage5,triplet,MedVeh-Brake-VehLane,3.7001099586486816
original,seed0,stage5,triplet,MedVeh-Brake-OutgoLane,6.6824798583984375
original,seed0,stage5,triplet,MedVeh-Brake-Jun,7.348254203796387
original,seed0,stage5,triplet,MedVeh-Stop-VehLane,3.637878894805908
original,seed0,stage5,triplet,MedVeh-Stop-OutgoLane,6.903343200683594
original,seed0,stage5,triplet,MedVeh-Stop-IncomLane,1.3651065826416016
original,seed0,stage5,triplet,MedVeh-Stop-Jun,9.309976577758789
original,seed0,stage5,triplet,MedVeh-Stop-parking,0.2200242280960083
original,seed0,stage5,triplet,MedVeh-IncatLft-IncomLane,0.14171703159809113
original,seed0,stage5,triplet,MedVeh-IncatRht-Jun,0.019489416852593422
original,seed0,stage5,triplet,MedVeh-TurRht-Jun,0.5033929944038391
original,seed0,stage5,triplet,MedVeh-XingFmLft-Jun,8.207103729248047
original,seed0,stage5,triplet,MedVeh-XingFmRht-Jun,9.957961082458496
original,seed0,stage5,triplet,LarVeh-MovAway-VehLane,0.7641366124153137
original,seed0,stage5,triplet,LarVeh-MovTow-IncomLane,2.7304067611694336
original,seed0,stage5,triplet,LarVeh-Stop-VehLane,26.7451229095459
original,seed0,stage5,triplet,LarVeh-Stop-Jun,6.323165416717529
original,seed0,stage5,triplet,Bus-MovAway-OutgoLane,4.18688440322876
original,seed0,stage5,triplet,Bus-MovTow-IncomLane,24.250608444213867
original,seed0,stage5,triplet,Bus-Stop-VehLane,27.293046951293945
original,seed0,stage5,triplet,Bus-Stop-OutgoLane,5.0563459396362305
original,seed0,stage5,triplet,Bus-Stop-IncomLane,1.6911463737487793
original,seed0,stage5,triplet,Bus-Stop-Jun,8.393233299255371
original,seed0,stage5,triplet,Bus-HazLit-OutgoLane,7.633737087249756
original,seed0,stage6,agentness,agentness,65.3644790649414
original,seed0,stage6,agent,Ped,65.67159271240234
original,seed0,stage6,agent,Car,62.94348907470703
original,seed0,stage6,agent,Cyc,13.659136772155762
original,seed0,stage6,agent,Mobike,41.83154296875
original,seed0,stage6,agent,SmalVeh,0.02811187319457531
original,seed0,stage6,agent,MedVeh,33.943809509277344
original,seed0,stage6,agent,LarVeh,22.92780113220215
original,seed0,stage6,agent,Bus,46.70212936401367
original,seed0,stage6,agent,EmVeh,0.005572479218244553
original,seed0,stage6,agent,TL,64.73817443847656
original,seed0,stage6,action,Red,59.14077377319336
original,seed0,stage6,action,Amber,16.015838623046875
original,seed0,stage6,action,Green,31.039710998535156
original,seed0,stage6,action,MovAway,37.70209884643555
original,seed0,stage6,action,MovTow,34.584102630615234
original,seed0,stage6,action,Mov,9.958294868469238
original,seed0,stage6,action,Rev,0.23558776080608368
original,seed0,stage6,action,Brake,42.435611724853516
original,seed0,stage6,action,Stop,54.08837890625
original,seed0,stage6,action,IncatLft,5.896590232849121
original,seed0,stage6,action,IncatRht,2.3695530891418457
original,seed0,stage6,action,HazLit,5.493776798248291
original,seed0,stage6,action,TurLft,6.134292125701904
original,seed0,stage6,action,TurRht,5.510610103607178
original,seed0,stage6,action,MovRht,0.8014500737190247
original,seed0,stage6,action,MovLft,0.9290831685066223
original,seed0,stage6,action,Ovtak,0.11126063764095306
original,seed0,stage6,action,Wait2X,19.612823486328125
original,seed0,stage6,action,XingFmLft,14.890314102172852
original,seed0,stage6,action,XingFmRht,16.828535079956055
original,seed0,stage6,action,Xing,23.91407012939453
original,seed0,stage6,action,PushObj,2.656017303466797
original,seed0,stage6,loc,VehLane,38.3698616027832
original,seed0,stage6,loc,OutgoLane,40.4913444519043
original,seed0,stage6,loc,OutgoCycLane,0.13131387531757355
original,seed0,stage6,loc,OutgoBusLane,3.3037774562835693
original,seed0,stage6,loc,IncomLane,40.093421936035156
original,seed0,stage6,loc,IncomCycLane,0.8680646419525146
original,seed0,stage6,loc,IncomBusLane,17.979827880859375
original,seed0,stage6,loc,Pav,10.361513137817383
original,seed0,stage6,loc,LftPav,37.497955322265625
original,seed0,stage6,loc,RhtPav,42.190311431884766
original,seed0,stage6,loc,Jun,29.580432891845703
original,seed0,stage6,loc,xing,15.425796508789062
original,seed0,stage6,loc,BusStop,3.335036516189575
original,seed0,stage6,loc,parking,2.925111770629883
original,seed0,stage6,loc,LftParking,41.50674057006836
original,seed0,stage6,loc,rightParking,41.971900939941406
original,seed0,stage6,duplex,Ped-MovAway,28.4602108001709
original,seed0,stage6,duplex,Ped-MovTow,33.499061584472656
original,seed0,stage6,duplex,Ped-Mov,14.5662260055542
original,seed0,stage6,duplex,Ped-Stop,29.604604721069336
original,seed0,stage6,duplex,Ped-Wait2X,29.162992477416992
original,seed0,stage6,duplex,Ped-XingFmLft,19.596450805664062
original,seed0,stage6,duplex,Ped-XingFmRht,26.809892654418945
original,seed0,stage6,duplex,Ped-Xing,28.04358673095703
original,seed0,stage6,duplex,Ped-PushObj,6.165550708770752
original,seed0,stage6,duplex,Car-MovAway,46.53819274902344
original,seed0,stage6,duplex,Car-MovTow,35.310733795166016
original,seed0,stage6,duplex,Car-Brake,40.66236114501953
original,seed0,stage6,duplex,Car-Stop,52.566043853759766
original,seed0,stage6,duplex,Car-IncatLft,11.861130714416504
original,seed0,stage6,duplex,Car-IncatRht,4.221962928771973
original,seed0,stage6,duplex,Car-HazLit,2.212299346923828
original,seed0,stage6,duplex,Car-TurLft,8.394968032836914
original,seed0,stage6,duplex,Car-TurRht,7.332401275634766
original,seed0,stage6,duplex,Car-MovRht,1.084959626197815
original,seed0,stage6,duplex,Car-MovLft,1.4831677675247192
original,seed0,stage6,duplex,Car-XingFmLft,12.862831115722656
original,seed0,stage6,duplex,Car-XingFmRht,11.733644485473633
original,seed0,stage6,duplex,Cyc-MovAway,3.29520845413208
original,seed0,stage6,duplex,Cyc-MovTow,2.315551280975342
original,seed0,stage6,duplex,Cyc-Stop,0.6585749983787537
original,seed0,stage6,duplex,Mobike-Stop,23.686492919921875
original,seed0,stage6,duplex,MedVeh-MovAway,20.867420196533203
original,seed0,stage6,duplex,MedVeh-MovTow,8.359868049621582
original,seed0,stage6,duplex,MedVeh-Brake,17.9201717376709
original,seed0,stage6,duplex,MedVeh-Stop,20.055845260620117
original,seed0,stage6,duplex,MedVeh-IncatLft,3.7886056900024414
original,seed0,stage6,duplex,MedVeh-IncatRht,0.7588100433349609
original,seed0,stage6,duplex,MedVeh-HazLit,11.889297485351562
original,seed0,stage6,duplex,MedVeh-TurRht,1.313153862953186
original,seed0,stage6,duplex,MedVeh-XingFmLft,9.58814811706543
original,seed0,stage6,duplex,MedVeh-XingFmRht,12.263069152832031
original,seed0,stage6,duplex,LarVeh-MovAway,1.1575382947921753
original,seed0,stage6,duplex,LarVeh-MovTow,17.67625617980957
original,seed0,stage6,duplex,LarVeh-Stop,16.575454711914062
original,seed0,stage6,duplex,LarVeh-HazLit,10.63232135772705
original,seed0,stage6,duplex,Bus-MovAway,28.92206382751465
original,seed0,stage6,duplex,Bus-MovTow,25.140148162841797
original,seed0,stage6,duplex,Bus-Brake,27.677858352661133
original,seed0,stage6,duplex,Bus-Stop,26.915634155273438
original,seed0,stage6,duplex,Bus-HazLit,27.410337448120117
original,seed0,stage6,duplex,EmVeh-Stop,0.018641414120793343
original,seed0,stage6,duplex,TL-Red,61.602996826171875
original,seed0,stage6,duplex,TL-Amber,19.284351348876953
original,seed0,stage6,duplex,TL-Green,41.3409309387207
original,seed0,stage6,triplet,Ped-MovAway-LftPav,15.227276802062988
original,seed0,stage6,triplet,Ped-MovAway-RhtPav,24.64906120300293
original,seed0,stage6,triplet,Ped-MovAway-Jun,0.9417617321014404
original,seed0,stage6,triplet,Ped-MovTow-LftPav,22.61317253112793
original,seed0,stage6,triplet,Ped-MovTow-RhtPav,28.295400619506836
original,seed0,stage6,triplet,Ped-MovTow-Jun,1.6093473434448242
original,seed0,stage6,triplet,Ped-Mov-OutgoLane,6.21297025680542
original,seed0,stage6,triplet,Ped-Mov-Pav,10.12767505645752
original,seed0,stage6,triplet,Ped-Mov-RhtPav,3.761679172515869
original,seed0,stage6,triplet,Ped-Stop-OutgoLane,8.364099502563477
original,seed0,stage6,triplet,Ped-Stop-Pav,4.094444751739502
original,seed0,stage6,triplet,Ped-Stop-LftPav,20.626327514648438
original,seed0,stage6,triplet,Ped-Stop-RhtPav,15.507012367248535
original,seed0,stage6,triplet,Ped-Stop-BusStop,3.7310543060302734
original,seed0,stage6,triplet,Ped-Wait2X-RhtPav,9.016910552978516
original,seed0,stage6,triplet,Ped-Wait2X-Jun,25.191768646240234
original,seed0,stage6,triplet,Ped-XingFmLft-Jun,17.489322662353516
original,seed0,stage6,triplet,Ped-XingFmRht-Jun,24.873430252075195
original,seed0,stage6,triplet,Ped-XingFmRht-xing,17.518415451049805
original,seed0,stage6,triplet,Ped-Xing-Jun,21.115047454833984
original,seed0,stage6,triplet,Ped-PushObj-LftPav,0.08899644762277603
original,seed0,stage6,triplet,Ped-PushObj-RhtPav,0.6284645199775696
original,seed0,stage6,triplet,Car-MovAway-VehLane,24.356931686401367
original,seed0,stage6,triplet,Car-MovAway-OutgoLane,40.72381591796875
original,seed0,stage6,triplet,Car-MovAway-Jun,11.789277076721191
original,seed0,stage6,triplet,Car-MovTow-VehLane,0.11185478419065475
original,seed0,stage6,triplet,Car-MovTow-IncomLane,37.306678771972656
original,seed0,stage6,triplet,Car-MovTow-Jun,8.541434288024902
original,seed0,stage6,triplet,Car-Brake-VehLane,36.304080963134766
original,seed0,stage6,triplet,Car-Brake-OutgoLane,34.54820251464844
original,seed0,stage6,triplet,Car-Brake-Jun,21.475324630737305
original,seed0,stage6,triplet,Car-Stop-VehLane,36.60774230957031
original,seed0,stage6,triplet,Car-Stop-OutgoLane,27.650556564331055
original,seed0,stage6,triplet,Car-Stop-IncomLane,23.828889846801758
original,seed0,stage6,triplet,Car-Stop-Jun,24.633480072021484
original,seed0,stage6,triplet,Car-Stop-parking,2.1252901554107666
original,seed0,stage6,triplet,Car-IncatLft-VehLane,22.092496871948242
original,seed0,stage6,triplet,Car-IncatLft-OutgoLane,2.4820759296417236
original,seed0,stage6,triplet,Car-IncatLft-IncomLane,6.211996078491211
original,seed0,stage6,triplet,Car-IncatLft-Jun,7.679786205291748
original,seed0,stage6,triplet,Car-IncatRht-VehLane,1.5221922397613525
original,seed0,stage6,triplet,Car-IncatRht-OutgoLane,2.947748899459839
original,seed0,stage6,triplet,Car-IncatRht-IncomLane,3.279965400695801
original,seed0,stage6,triplet,Car-IncatRht-Jun,2.1262283325195312
original,seed0,stage6,triplet,Car-HazLit-IncomLane,0.021424012258648872
original,seed0,stage6,triplet,Car-TurLft-VehLane,1.2417004108428955
original,seed0,stage6,triplet,Car-TurLft-Jun,8.024415969848633
original,seed0,stage6,triplet,Car-TurRht-Jun,6.4766340255737305
original,seed0,stage6,triplet,Car-MovRht-OutgoLane,0.8120337724685669
original,seed0,stage6,triplet,Car-MovLft-VehLane,0.5914515852928162
original,seed0,stage6,triplet,Car-MovLft-OutgoLane,1.446871042251587
original,seed0,stage6,triplet,Car-XingFmLft-Jun,12.748241424560547
original,seed0,stage6,triplet,Car-XingFmRht-Jun,11.624399185180664
original,seed0,stage6,triplet,Cyc-MovAway-OutgoCycLane,0.41570156812667847
original,seed0,stage6,triplet,Cyc-MovAway-RhtPav,0.004166389349848032
original,seed0,stage6,triplet,Cyc-MovTow-IncomLane,0.1469169706106186
original,seed0,stage6,triplet,Cyc-MovTow-RhtPav,0.0
original,seed0,stage6,triplet,MedVeh-MovAway-VehLane,17.542871475219727
original,seed0,stage6,triplet,MedVeh-MovAway-OutgoLane,13.450265884399414
original,seed0,stage6,triplet,MedVeh-MovAway-Jun,9.313312530517578
original,seed0,stage6,triplet,MedVeh-MovTow-IncomLane,9.085505485534668
original,seed0,stage6,triplet,MedVeh-MovTow-Jun,3.7609364986419678
original,seed0,stage6,triplet,MedVeh-Brake-VehLane,23.985750198364258
original,seed0,stage6,triplet,MedVeh-Brake-OutgoLane,13.799461364746094
original,seed0,stage6,triplet,MedVeh-Brake-Jun,21.88056755065918
original,seed0,stage6,triplet,MedVeh-Stop-VehLane,28.079639434814453
original,seed0,stage6,triplet,MedVeh-Stop-OutgoLane,12.66523551940918
original,seed0,stage6,triplet,MedVeh-Stop-IncomLane,2.140857696533203
original,seed0,stage6,triplet,MedVeh-Stop-Jun,10.773832321166992
original,seed0,stage6,triplet,MedVeh-Stop-parking,0.09571628272533417
original,seed0,stage6,triplet,MedVeh-IncatLft-IncomLane,0.47263678908348083
original,seed0,stage6,triplet,MedVeh-IncatRht-Jun,0.3901650011539459
original,seed0,stage6,triplet,MedVeh-TurRht-Jun,0.794265627861023
original,seed0,stage6,triplet,MedVeh-XingFmLft-Jun,9.977105140686035
original,seed0,stage6,triplet,MedVeh-XingFmRht-Jun,12.5754976272583
original,seed0,stage6,triplet,LarVeh-MovAway-VehLane,0.12284872680902481
original,seed0,stage6,triplet,LarVeh-MovTow-IncomLane,15.330305099487305
original,seed0,stage6,triplet,LarVeh-Stop-VehLane,0.7739689946174622
original,seed0,stage6,triplet,LarVeh-Stop-Jun,21.241779327392578
original,seed0,stage6,triplet,Bus-MovAway-OutgoLane,16.057798385620117
original,seed0,stage6,triplet,Bus-MovTow-IncomLane,19.69217872619629
original,seed0,stage6,triplet,Bus-Stop-VehLane,31.207775115966797
original,seed0,stage6,triplet,Bus-Stop-OutgoLane,17.094158172607422
original,seed0,stage6,triplet,Bus-Stop-IncomLane,6.225500106811523
original,seed0,stage6,triplet,Bus-Stop-Jun,5.995147705078125
original,seed0,stage6,triplet,Bus-HazLit-OutgoLane,15.896817207336426
original,seed1,stage5,agentness,agentness,65.3644790649414
original,seed1,stage5,agent,Ped,65.67159271240234
original,seed1,stage5,agent,Car,62.94348907470703
original,seed1,stage5,agent,Cyc,13.659136772155762
original,seed1,stage5,agent,Mobike,41.83154296875
original,seed1,stage5,agent,SmalVeh,0.02811187319457531
original,seed1,stage5,agent,MedVeh,33.943809509277344
original,seed1,stage5,agent,LarVeh,22.92780113220215
original,seed1,stage5,agent,Bus,46.70212936401367
original,seed1,stage5,agent,EmVeh,0.005572479218244553
original,seed1,stage5,agent,TL,64.73817443847656
original,seed1,stage5,action,Red,65.30154418945312
original,seed1,stage5,action,Amber,19.478273391723633
original,seed1,stage5,action,Green,22.19295310974121
original,seed1,stage5,action,MovAway,40.09870529174805
original,seed1,stage5,action,MovTow,32.849998474121094
original,seed1,stage5,action,Mov,10.077902793884277
original,seed1,stage5,action,Rev,0.11455684155225754
original,seed1,stage5,action,Brake,42.884666442871094
original,seed1,stage5,action,Stop,53.543216705322266
original,seed1,stage5,action,IncatLft,4.4260969161987305
original,seed1,stage5,action,IncatRht,2.180989980697632
original,seed1,stage5,action,HazLit,5.777703762054443
original,seed1,stage5,action,TurLft,6.032318115234375
original,seed1,stage5,action,TurRht,5.997697353363037
original,seed1,stage5,action,MovRht,0.7891605496406555
original,seed1,stage5,action,MovLft,0.9543548822402954
original,seed1,stage5,action,Ovtak,0.03613772243261337
original,seed1,stage5,action,Wait2X,18.994234085083008
original,seed1,stage5,action,XingFmLft,14.8226957321167
original,seed1,stage5,action,XingFmRht,16.117849349975586
original,seed1,stage5,action,Xing,22.530380249023438
original,seed1,stage5,action,PushObj,3.2706520557403564
original,seed1,stage5,loc,VehLane,32.02623748779297
original,seed1,stage5,loc,OutgoLane,40.97542953491211
original,seed1,stage5,loc,OutgoCycLane,0.08520155400037766
original,seed1,stage5,loc,OutgoBusLane,1.9841915369033813
original,seed1,stage5,loc,IncomLane,38.310455322265625
original,seed1,stage5,loc,IncomCycLane,3.180593490600586
original,seed1,stage5,loc,IncomBusLane,17.3544864654541
original,seed1,stage5,loc,Pav,10.832962989807129
original,seed1,stage5,loc,LftPav,35.037776947021484
original,seed1,stage5,loc,RhtPav,40.76815414428711
original,seed1,stage5,loc,Jun,34.716697692871094
original,seed1,stage5,loc,xing,13.385717391967773
original,seed1,stage5,loc,BusStop,2.9266862869262695
original,seed1,stage5,loc,parking,3.168363571166992
original,seed1,stage5,loc,LftParking,42.492984771728516
original,seed1,stage5,loc,rightParking,42.738948822021484
original,seed1,stage5,duplex,Ped-MovAway,28.788557052612305
original,seed1,stage5,duplex,Ped-MovTow,33.61592102050781
original,seed1,stage5,duplex,Ped-Mov,14.242206573486328
original,seed1,stage5,duplex,Ped-Stop,30.375722885131836
original,seed1,stage5,duplex,Ped-Wait2X,27.62746810913086
original,seed1,stage5,duplex,Ped-XingFmLft,18.76822280883789
original,seed1,stage5,duplex,Ped-XingFmRht,25.5279483795166
original,seed1,stage5,duplex,Ped-Xing,28.895822525024414
original,seed1,stage5,duplex,Ped-PushObj,5.496671199798584
original,seed1,stage5,duplex,Car-MovAway,46.190818786621094
original,seed1,stage5,duplex,Car-MovTow,35.96516036987305
original,seed1,stage5,duplex,Car-Brake,41.89226531982422
original,seed1,stage5,duplex,Car-Stop,53.23213577270508
original,seed1,stage5,duplex,Car-IncatLft,9.481532096862793
original,seed1,stage5,duplex,Car-IncatRht,3.5883257389068604
original,seed1,stage5,duplex,Car-HazLit,1.3584471940994263
original,seed1,stage5,duplex,Car-TurLft,7.4211931228637695
original,seed1,stage5,duplex,Car-TurRht,7.779788017272949
original,seed1,stage5,duplex,Car-MovRht,1.9092799425125122
original,seed1,stage5,duplex,Car-MovLft,1.33407723903656
original,seed1,stage5,duplex,Car-XingFmLft,12.985549926757812
original,seed1,stage5,duplex,Car-XingFmRht,11.437909126281738
original,seed1,stage5,duplex,Cyc-MovAway,1.6443272829055786
original,seed1,stage5,duplex,Cyc-MovTow,2.4054601192474365
original,seed1,stage5,duplex,Cyc-Stop,0.5698390603065491
original,seed1,stage5,duplex,Mobike-Stop,26.093935012817383
original,seed1,stage5,duplex,MedVeh-MovAway,16.923141479492188
original,seed1,stage5,duplex,MedVeh-MovTow,7.917268753051758
original,seed1,stage5,duplex,MedVeh-Brake,13.616777420043945
original,seed1,stage5,duplex,MedVeh-Stop,18.16651153564453
original,seed1,stage5,duplex,MedVeh-IncatLft,6.681422233581543
original,seed1,stage5,duplex,MedVeh-IncatRht,0.44145673513412476
original,seed1,stage5,duplex,MedVeh-HazLit,8.072436332702637
original,seed1,stage5,duplex,MedVeh-TurRht,2.6354668140411377
original,seed1,stage5,duplex,MedVeh-XingFmLft,8.322426795959473
original,seed1,stage5,duplex,MedVeh-XingFmRht,11.77053165435791
original,seed1,stage5,duplex,LarVeh-MovAway,4.626874923706055
original,seed1,stage5,duplex,LarVeh-MovTow,5.127079486846924
original,seed1,stage5,duplex,LarVeh-Stop,17.9835262298584
original,seed1,stage5,duplex,LarVeh-HazLit,15.396634101867676
original,seed1,stage5,duplex,Bus-MovAway,23.180156707763672
original,seed1,stage5,duplex,Bus-MovTow,32.5923957824707
original,seed1,stage5,duplex,Bus-Brake,32.028785705566406
original,seed1,stage5,duplex,Bus-Stop,21.40648078918457
original,seed1,stage5,duplex,Bus-HazLit,31.788509368896484
original,seed1,stage5,duplex,EmVeh-Stop,0.004920557141304016
original,seed1,stage5,duplex,TL-Red,61.74489974975586
original,seed1,stage5,duplex,TL-Amber,36.47147750854492
original,seed1,stage5,duplex,TL-Green,46.298213958740234
original,seed1,stage5,triplet,Ped-MovAway-LftPav,17.396879196166992
original,seed1,stage5,triplet,Ped-MovAway-RhtPav,25.76869010925293
original,seed1,stage5,triplet,Ped-MovAway-Jun,0.48816636204719543
original,seed1,stage5,triplet,Ped-MovTow-LftPav,24.623428344726562
original,seed1,stage5,triplet,Ped-MovTow-RhtPav,25.867141723632812
original,seed1,stage5,triplet,Ped-MovTow-Jun,2.0938730239868164
original,seed1,stage5,triplet,Ped-Mov-OutgoLane,1.3026185035705566
original,seed1,stage5,triplet,Ped-Mov-Pav,11.054418563842773
original,seed1,stage5,triplet,Ped-Mov-RhtPav,3.9292850494384766
original,seed1,stage5,triplet,Ped-Stop-OutgoLane,10.310465812683105
original,seed1,stage5,triplet,Ped-Stop-Pav,3.1207447052001953
original,seed1,stage5,triplet,Ped-Stop-LftPav,22.658916473388672
original,seed1,stage5,triplet,Ped-Stop-RhtPav,16.628862380981445
original,seed1,stage5,triplet,Ped-Stop-BusStop,3.963935136795044
original,seed1,stage5,triplet,Ped-Wait2X-RhtPav,3.3093161582946777
original,seed1,stage5,triplet,Ped-Wait2X-Jun,23.29556655883789
original,seed1,stage5,triplet,Ped-XingFmLft-Jun,18.64778709411621
original,seed1,stage5,triplet,Ped-XingFmRht-Jun,23.82083511352539
original,seed1,stage5,triplet,Ped-XingFmRht-xing,7.060226917266846
original,seed1,stage5,triplet,Ped-Xing-Jun,21.772083282470703
original,seed1,stage5,triplet,Ped-PushObj-LftPav,0.03945453464984894
original,seed1,stage5,triplet,Ped-PushObj-RhtPav,0.6510699987411499
original,seed1,stage5,triplet,Car-MovAway-VehLane,23.42328643798828
original,seed1,stage5,triplet,Car-MovAway-OutgoLane,39.64482498168945
original,seed1,stage5,triplet,Car-MovAway-Jun,12.09972095489502
original,seed1,stage5,triplet,Car-MovTow-VehLane,0.07388001680374146
original,seed1,stage5,triplet,Car-MovTow-IncomLane,38.624847412109375
original,seed1,stage5,triplet,Car-MovTow-Jun,8.812275886535645
original,seed1,stage5,triplet,Car-Brake-VehLane,37.76988220214844
original,seed1,stage5,triplet,Car-Brake-OutgoLane,34.95380401611328
original,seed1,stage5,triplet,Car-Brake-Jun,24.867610931396484
original,seed1,stage5,triplet,Car-Stop-VehLane,37.224552154541016
original,seed1,stage5,triplet,Car-Stop-OutgoLane,28.82805824279785
original,seed1,stage5,triplet,Car-Stop-IncomLane,23.759092330932617
original,seed1,stage5,triplet,Car-Stop-Jun,26.412555694580078
original,seed1,stage5,triplet,Car-Stop-parking,1.9830577373504639
original,seed1,stage5,triplet,Car-IncatLft-VehLane,17.821931838989258
original,seed1,stage5,triplet,Car-IncatLft-OutgoLane,3.9487197399139404
original,seed1,stage5,triplet,Car-IncatLft-IncomLane,4.903224945068359
original,seed1,stage5,triplet,Car-IncatLft-Jun,3.7361834049224854
original,seed1,stage5,triplet,Car-IncatRht-VehLane,2.1689324378967285
original,seed1,stage5,triplet,Car-IncatRht-OutgoLane,3.459070920944214
original,seed1,stage5,triplet,Car-IncatRht-IncomLane,2.4578731060028076
original,seed1,stage5,triplet,Car-IncatRht-Jun,1.3320857286453247
original,seed1,stage5,triplet,Car-HazLit-IncomLane,0.0577097125351429
original,seed1,stage5,triplet,Car-TurLft-VehLane,0.7399839162826538
original,seed1,stage5,triplet,Car-TurLft-Jun,7.053958415985107
original,seed1,stage5,triplet,Car-TurRht-Jun,6.955419540405273
original,seed1,stage5,triplet,Car-MovRht-OutgoLane,1.1329364776611328
original,seed1,stage5,triplet,Car-MovLft-VehLane,1.4790271520614624
original,seed1,stage5,triplet,Car-MovLft-OutgoLane,1.1870038509368896
original,seed1,stage5,triplet,Car-XingFmLft-Jun,12.899735450744629
original,seed1,stage5,triplet,Car-XingFmRht-Jun,11.612478256225586
original,seed1,stage5,triplet,Cyc-MovAway-OutgoCycLane,0.06709115207195282
original,seed1,stage5,triplet,Cyc-MovAway-RhtPav,0.0011455286294221878
original,seed1,stage5,triplet,Cyc-MovTow-IncomLane,0.1892239898443222
original,seed1,stage5,triplet,Cyc-MovTow-RhtPav,0.0
original,seed1,stage5,triplet,MedVeh-MovAway-VehLane,17.499040603637695
original,seed1,stage5,triplet,MedVeh-MovAway-OutgoLane,12.20805549621582
original,seed1,stage5,triplet,MedVeh-MovAway-Jun,0.9982778429985046
original,seed1,stage5,triplet,MedVeh-MovTow-IncomLane,8.68527603149414
original,seed1,stage5,triplet,MedVeh-MovTow-Jun,3.249786376953125
original,seed1,stage5,triplet,MedVeh-Brake-VehLane,12.191034317016602
original,seed1,stage5,triplet,MedVeh-Brake-OutgoLane,11.437468528747559
original,seed1,stage5,triplet,MedVeh-Brake-Jun,21.72703742980957
original,seed1,stage5,triplet,MedVeh-Stop-VehLane,17.22770118713379
original,seed1,stage5,triplet,MedVeh-Stop-OutgoLane,6.823176860809326
original,seed1,stage5,triplet,MedVeh-Stop-IncomLane,1.7944036722183228
original,seed1,stage5,triplet,MedVeh-Stop-Jun,10.914692878723145
original,seed1,stage5,triplet,MedVeh-Stop-parking,0.13392426073551178
original,seed1,stage5,triplet,MedVeh-IncatLft-IncomLane,0.346434623003006
original,seed1,stage5,triplet,MedVeh-IncatRht-Jun,0.34985896944999695
original,seed1,stage5,triplet,MedVeh-TurRht-Jun,6.06048059463501
original,seed1,stage5,triplet,MedVeh-XingFmLft-Jun,7.417004585266113
original,seed1,stage5,triplet,MedVeh-XingFmRht-Jun,9.730868339538574
original,seed1,stage5,triplet,LarVeh-MovAway-VehLane,0.28759610652923584
original,seed1,stage5,triplet,LarVeh-MovTow-IncomLane,10.501615524291992
original,seed1,stage5,triplet,LarVeh-Stop-VehLane,12.224494934082031
original,seed1,stage5,triplet,LarVeh-Stop-Jun,16.6646728515625
original,seed1,stage5,triplet,Bus-MovAway-OutgoLane,6.978559970855713
original,seed1,stage5,triplet,Bus-MovTow-IncomLane,21.477018356323242
original,seed1,stage5,triplet,Bus-Stop-VehLane,26.302717208862305
original,seed1,stage5,triplet,Bus-Stop-OutgoLane,19.507444381713867
original,seed1,stage5,triplet,Bus-Stop-IncomLane,1.935817003250122
original,seed1,stage5,triplet,Bus-Stop-Jun,5.091846942901611
original,seed1,stage5,triplet,Bus-HazLit-OutgoLane,7.220598220825195
original,seed1,stage6,agentness,agentness,65.3644790649414
original,seed1,stage6,agent,Ped,65.67159271240234
original,seed1,stage6,agent,Car,62.94348907470703
original,seed1,stage6,agent,Cyc,13.659136772155762
original,seed1,stage6,agent,Mobike,41.83154296875
original,seed1,stage6,agent,SmalVeh,0.02811187319457531
original,seed1,stage6,agent,MedVeh,33.943809509277344
original,seed1,stage6,agent,LarVeh,22.92780113220215
original,seed1,stage6,agent,Bus,46.70212936401367
original,seed1,stage6,agent,EmVeh,0.005572479218244553
original,seed1,stage6,agent,TL,64.73817443847656
original,seed1,stage6,action,Red,65.30154418945312
original,seed1,stage6,action,Amber,19.478273391723633
original,seed1,stage6,action,Green,22.19295310974121
original,seed1,stage6,action,MovAway,40.09870529174805
original,seed1,stage6,action,MovTow,32.849998474121094
original,seed1,stage6,action,Mov,10.077902793884277
original,seed1,stage6,action,Rev,0.11455684155225754
original,seed1,stage6,action,Brake,42.884666442871094
original,seed1,stage6,action,Stop,53.543216705322266
original,seed1,stage6,action,IncatLft,4.4260969161987305
original,seed1,stage6,action,IncatRht,2.180989980697632
original,seed1,stage6,action,HazLit,5.777703762054443
original,seed1,stage6,action,TurLft,6.032318115234375
original,seed1,stage6,action,TurRht,5.997697353363037
original,seed1,stage6,action,MovRht,0.7891605496406555
original,seed1,stage6,action,MovLft,0.9543548822402954
original,seed1,stage6,action,Ovtak,0.03613772243261337
original,seed1,stage6,action,Wait2X,18.994234085083008
original,seed1,stage6,action,XingFmLft,14.8226957321167
original,seed1,stage6,action,XingFmRht,16.117849349975586
original,seed1,stage6,action,Xing,22.530380249023438
original,seed1,stage6,action,PushObj,3.2706520557403564
original,seed1,stage6,loc,VehLane,32.02623748779297
original,seed1,stage6,loc,OutgoLane,40.97542953491211
original,seed1,stage6,loc,OutgoCycLane,0.08520155400037766
original,seed1,stage6,loc,OutgoBusLane,1.9841915369033813
original,seed1,stage6,loc,IncomLane,38.310455322265625
original,seed1,stage6,loc,IncomCycLane,3.180593490600586
original,seed1,stage6,loc,IncomBusLane,17.3544864654541
original,seed1,stage6,loc,Pav,10.832962989807129
original,seed1,stage6,loc,LftPav,35.037776947021484
original,seed1,stage6,loc,RhtPav,40.76815414428711
original,seed1,stage6,loc,Jun,34.716697692871094
original,seed1,stage6,loc,xing,13.385717391967773
original,seed1,stage6,loc,BusStop,2.9266862869262695
original,seed1,stage6,loc,parking,3.168363571166992
original,seed1,stage6,loc,LftParking,42.492984771728516
original,seed1,stage6,loc,rightParking,42.738948822021484
original,seed1,stage6,duplex,Ped-MovAway,29.618675231933594
original,seed1,stage6,duplex,Ped-MovTow,34.02711486816406
original,seed1,stage6,duplex,Ped-Mov,15.001872062683105
original,seed1,stage6,duplex,Ped-Stop,30.778526306152344
original,seed1,stage6,duplex,Ped-Wait2X,28.13671875
original,seed1,stage6,duplex,Ped-XingFmLft,18.366764068603516
original,seed1,stage6,duplex,Ped-XingFmRht,25.213293075561523
original,seed1,stage6,duplex,Ped-Xing,26.874786376953125
original,seed1,stage6,duplex,Ped-PushObj,6.410976886749268
original,seed1,stage6,duplex,Car-MovAway,46.559776306152344
original,seed1,stage6,duplex,Car-MovTow,35.96410369873047
original,seed1,stage6,duplex,Car-Brake,39.19810485839844
original,seed1,stage6,duplex,Car-Stop,53.13686752319336
original,seed1,stage6,duplex,Car-IncatLft,8.760665893554688
original,seed1,stage6,duplex,Car-IncatRht,3.277979612350464
original,seed1,stage6,duplex,Car-HazLit,1.3263942003250122
original,seed1,stage6,duplex,Car-TurLft,7.737212181091309
original,seed1,stage6,duplex,Car-TurRht,7.062427043914795
original,seed1,stage6,duplex,Car-MovRht,1.2654887437820435
original,seed1,stage6,duplex,Car-MovLft,1.4858300685882568
original,seed1,stage6,duplex,Car-XingFmLft,13.474331855773926
original,seed1,stage6,duplex,Car-XingFmRht,11.699272155761719
original,seed1,stage6,duplex,Cyc-MovAway,8.529555320739746
original,seed1,stage6,duplex,Cyc-MovTow,2.7006263732910156
original,seed1,stage6,duplex,Cyc-Stop,1.8121421337127686
original,seed1,stage6,duplex,Mobike-Stop,26.841022491455078
original,seed1,stage6,duplex,MedVeh-MovAway,21.018634796142578
original,seed1,stage6,duplex,MedVeh-MovTow,8.970871925354004
original,seed1,stage6,duplex,MedVeh-Brake,15.507133483886719
original,seed1,stage6,duplex,MedVeh-Stop,19.95374870300293
original,seed1,stage6,duplex,MedVeh-IncatLft,2.7021589279174805
original,seed1,stage6,duplex,MedVeh-IncatRht,0.6693081855773926
original,seed1,stage6,duplex,MedVeh-HazLit,8.422252655029297
original,seed1,stage6,duplex,MedVeh-TurRht,3.2431564331054688
original,seed1,stage6,duplex,MedVeh-XingFmLft,9.832347869873047
original,seed1,stage6,duplex,MedVeh-XingFmRht,10.39937686920166
original,seed1,stage6,duplex,LarVeh-MovAway,0.8651121854782104
original,seed1,stage6,duplex,LarVeh-MovTow,4.8418474197387695
original,seed1,stage6,duplex,LarVeh-Stop,16.686729431152344
original,seed1,stage6,duplex,LarVeh-HazLit,10.1649169921875
original,seed1,stage6,duplex,Bus-MovAway,29.7830867767334
original,seed1,stage6,duplex,Bus-MovTow,22.529062271118164
original,seed1,stage6,duplex,Bus-Brake,28.82350730895996
original,seed1,stage6,duplex,Bus-Stop,20.185161590576172
original,seed1,stage6,duplex,Bus-HazLit,29.555070877075195
original,seed1,stage6,duplex,EmVeh-Stop,0.011776710860431194
original,seed1,stage6,duplex,TL-Red,61.98337936401367
original,seed1,stage6,duplex,TL-Amber,26.686508178710938
original,seed1,stage6,duplex,TL-Green,49.42812728881836
original,seed1,stage6,triplet,Ped-MovAway-LftPav,17.793928146362305
original,seed1,stage6,triplet,Ped-MovAway-RhtPav,25.222877502441406
original,seed1,stage6,triplet,Ped-MovAway-Jun,0.3708976209163666
original,seed1,stage6,triplet,Ped-MovTow-LftPav,24.911113739013672
original,seed1,stage6,triplet,Ped-MovTow-RhtPav,27.655263900756836
original,seed1,stage6,triplet,Ped-MovTow-Jun,3.7151989936828613
original,seed1,stage6,triplet,Ped-Mov-OutgoLane,2.241812229156494
original,seed1,stage6,triplet,Ped-Mov-Pav,10.665935516357422
original,seed1,stage6,triplet,Ped-Mov-RhtPav,3.8731958866119385
original,seed1,stage6,triplet,Ped-Stop-OutgoLane,9.06444263458252
original,seed1,stage6,triplet,Ped-Stop-Pav,4.003395080566406
original,seed1,stage6,triplet,Ped-Stop-LftPav,22.845319747924805
original,seed1,stage6,triplet,Ped-Stop-RhtPav,16.001205444335938
original,seed1,stage6,triplet,Ped-Stop-BusStop,5.6305766105651855
original,seed1,stage6,triplet,Ped-Wait2X-RhtPav,5.65875768661499
original,seed1,stage6,triplet,Ped-Wait2X-Jun,23.121374130249023
original,seed1,stage6,triplet,Ped-XingFmLft-Jun,17.96316146850586
original,seed1,stage6,triplet,Ped-XingFmRht-Jun,23.613311767578125
original,seed1,stage6,triplet,Ped-XingFmRht-xing,12.609905242919922
original,seed1,stage6,triplet,Ped-Xing-Jun,19.620723724365234
original,seed1,stage6,triplet,Ped-PushObj-LftPav,0.0738842785358429
original,seed1,stage6,triplet,Ped-PushObj-RhtPav,1.2013005018234253
original,seed1,stage6,triplet,Car-MovAway-VehLane,25.49285888671875
original,seed1,stage6,triplet,Car-MovAway-OutgoLane,40.323158264160156
original,seed1,stage6,triplet,Car-MovAway-Jun,12.525016784667969
original,seed1,stage6,triplet,Car-MovTow-VehLane,0.09375608712434769
original,seed1,stage6,triplet,Car-MovTow-IncomLane,38.310951232910156
original,seed1,stage6,triplet,Car-MovTow-Jun,8.774250030517578
original,seed1,stage6,triplet,Car-Brake-VehLane,35.70276641845703
original,seed1,stage6,triplet,Car-Brake-OutgoLane,33.40024185180664
original,seed1,stage6,triplet,Car-Brake-Jun,20.31187629699707
original,seed1,stage6,triplet,Car-Stop-VehLane,37.8189582824707
original,seed1,stage6,triplet,Car-Stop-OutgoLane,28.552886962890625
original,seed1,stage6,triplet,Car-Stop-IncomLane,25.335620880126953
original,seed1,stage6,triplet,Car-Stop-Jun,25.09036636352539
original,seed1,stage6,triplet,Car-Stop-parking,2.039041519165039
original,seed1,stage6,triplet,Car-IncatLft-VehLane,19.110010147094727
original,seed1,stage6,triplet,Car-IncatLft-OutgoLane,3.0804827213287354
original,seed1,stage6,triplet,Car-IncatLft-IncomLane,5.8227362632751465
original,seed1,stage6,triplet,Car-IncatLft-Jun,6.929441928863525
original,seed1,stage6,triplet,Car-IncatRht-VehLane,2.536872148513794
original,seed1,stage6,triplet,Car-IncatRht-OutgoLane,2.287592887878418
original,seed1,stage6,triplet,Car-IncatRht-IncomLane,1.468317985534668
original,seed1,stage6,triplet,Car-IncatRht-Jun,1.4234352111816406
original,seed1,stage6,triplet,Car-HazLit-IncomLane,0.09613581001758575
original,seed1,stage6,triplet,Car-TurLft-VehLane,0.6807237267494202
original,seed1,stage6,triplet,Car-TurLft-Jun,7.3171257972717285
original,seed1,stage6,triplet,Car-TurRht-Jun,5.758138179779053
original,seed1,stage6,triplet,Car-MovRht-OutgoLane,1.0584731101989746
original,seed1,stage6,triplet,Car-MovLft-VehLane,0.48090171813964844
original,seed1,stage6,triplet,Car-MovLft-OutgoLane,1.3268373012542725
original,seed1,stage6,triplet,Car-XingFmLft-Jun,13.087308883666992
original,seed1,stage6,triplet,Car-XingFmRht-Jun,11.831941604614258
original,seed1,stage6,triplet,Cyc-MovAway-OutgoCycLane,0.12786397337913513
original,seed1,stage6,triplet,Cyc-MovAway-RhtPav,0.0029306760989129543
original,seed1,stage6,triplet,Cyc-MovTow-IncomLane,1.3856542110443115
original,seed1,stage6,triplet,Cyc-MovTow-RhtPav,0.0
original,seed1,stage6,triplet,MedVeh-MovAway-VehLane,15.914917945861816
original,seed1,stage6,triplet,MedVeh-MovAway-OutgoLane,14.357227325439453
original,seed1,stage6,triplet,MedVeh-MovAway-Jun,3.4776358604431152
original,seed1,stage6,triplet,MedVeh-MovTow-IncomLane,9.605575561523438
original,seed1,stage6,triplet,MedVeh-MovTow-Jun,4.0600738525390625
original,seed1,stage6,triplet,MedVeh-Brake-VehLane,11.544232368469238
original,seed1,stage6,triplet,MedVeh-Brake-OutgoLane,16.727155685424805
original,seed1,stage6,triplet,MedVeh-Brake-Jun,35.82175827026367
original,seed1,stage6,triplet,MedVeh-Stop-VehLane,17.51729393005371
original,seed1,stage6,triplet,MedVeh-Stop-OutgoLane,11.215202331542969
original,seed1,stage6,triplet,MedVeh-Stop-IncomLane,1.9347939491271973
original,seed1,stage6,triplet,MedVeh-Stop-Jun,15.460858345031738
original,seed1,stage6,triplet,MedVeh-Stop-parking,0.1740759015083313
original,seed1,stage6,triplet,MedVeh-IncatLft-IncomLane,0.44336801767349243
original,seed1,stage6,triplet,MedVeh-IncatRht-Jun,0.08966396749019623
original,seed1,stage6,triplet,MedVeh-TurRht-Jun,5.453929424285889
original,seed1,stage6,triplet,MedVeh-XingFmLft-Jun,9.480132102966309
original,seed1,stage6,triplet,MedVeh-XingFmRht-Jun,10.065784454345703
original,seed1,stage6,triplet,LarVeh-MovAway-VehLane,0.27697157859802246
original,seed1,stage6,triplet,LarVeh-MovTow-IncomLane,5.990262508392334
original,seed1,stage6,triplet,LarVeh-Stop-VehLane,1.6883467435836792
original,seed1,stage6,triplet,LarVeh-Stop-Jun,8.21189022064209
original,seed1,stage6,triplet,Bus-MovAway-OutgoLane,7.523350238800049
original,seed1,stage6,triplet,Bus-MovTow-IncomLane,15.641519546508789
original,seed1,stage6,triplet,Bus-Stop-VehLane,23.46926498413086
original,seed1,stage6,triplet,Bus-Stop-OutgoLane,3.1094672679901123
original,seed1,stage6,triplet,Bus-Stop-IncomLane,0.7281217575073242
original,seed1,stage6,triplet,Bus-Stop-Jun,9.206581115722656
original,seed1,stage6,triplet,Bus-HazLit-OutgoLane,2.7533156871795654
original,seed2,stage5,agentness,agentness,65.3644790649414
original,seed2,stage5,agent,Ped,65.67159271240234
original,seed2,stage5,agent,Car,62.94348907470703
original,seed2,stage5,agent,Cyc,13.659136772155762
original,seed2,stage5,agent,Mobike,41.83154296875
original,seed2,stage5,agent,SmalVeh,0.02811187319457531
original,seed2,stage5,agent,MedVeh,33.943809509277344
original,seed2,stage5,agent,LarVeh,22.92780113220215
original,seed2,stage5,agent,Bus,46.70212936401367
original,seed2,stage5,agent,EmVeh,0.005572479218244553
original,seed2,stage5,agent,TL,64.73817443847656
original,seed2,stage5,action,Red,60.163963317871094
original,seed2,stage5,action,Amber,12.265887260437012
original,seed2,stage5,action,Green,43.44673156738281
original,seed2,stage5,action,MovAway,40.478492736816406
original,seed2,stage5,action,MovTow,34.102420806884766
original,seed2,stage5,action,Mov,9.761283874511719
original,seed2,stage5,action,Rev,0.1621621996164322
original,seed2,stage5,action,Brake,43.385162353515625
original,seed2,stage5,action,Stop,54.41517639160156
original,seed2,stage5,action,IncatLft,7.055835247039795
original,seed2,stage5,action,IncatRht,2.4240174293518066
original,seed2,stage5,action,HazLit,5.213441848754883
original,seed2,stage5,action,TurLft,6.555132865905762
original,seed2,stage5,action,TurRht,5.256845951080322
original,seed2,stage5,action,MovRht,0.8857235908508301
original,seed2,stage5,action,MovLft,0.7296057939529419
original,seed2,stage5,action,Ovtak,0.0720747709274292
original,seed2,stage5,action,Wait2X,19.338825225830078
original,seed2,stage5,action,XingFmLft,13.53392219543457
original,seed2,stage5,action,XingFmRht,18.706233978271484
original,seed2,stage5,action,Xing,24.75811195373535
original,seed2,stage5,action,PushObj,3.4001858234405518
original,seed2,stage5,loc,VehLane,34.73514175415039
original,seed2,stage5,loc,OutgoLane,39.82376480102539
original,seed2,stage5,loc,OutgoCycLane,0.16974890232086182
original,seed2,stage5,loc,OutgoBusLane,2.465423107147217
original,seed2,stage5,loc,IncomLane,41.29420852661133
original,seed2,stage5,loc,IncomCycLane,3.095719814300537
original,seed2,stage5,loc,IncomBusLane,13.046022415161133
original,seed2,stage5,loc,Pav,9.474994659423828
original,seed2,stage5,loc,LftPav,34.40802764892578
original,seed2,stage5,loc,RhtPav,39.49093246459961
original,seed2,stage5,loc,Jun,34.424537658691406
original,seed2,stage5,loc,xing,12.70936107635498
original,seed2,stage5,loc,BusStop,9.157846450805664
original,seed2,stage5,loc,parking,3.140517234802246
original,seed2,stage5,loc,LftParking,40.70132064819336
original,seed2,stage5,loc,rightParking,41.10335159301758
original,seed2,stage5,duplex,Ped-MovAway,28.548988342285156
original,seed2,stage5,duplex,Ped-MovTow,33.39009475708008
original,seed2,stage5,duplex,Ped-Mov,15.405797004699707
original,seed2,stage5,duplex,Ped-Stop,28.73775291442871
original,seed2,stage5,duplex,Ped-Wait2X,25.849506378173828
original,seed2,stage5,duplex,Ped-XingFmLft,18.688528060913086
original,seed2,stage5,duplex,Ped-XingFmRht,24.28415870666504
original,seed2,stage5,duplex,Ped-Xing,28.024555206298828
original,seed2,stage5,duplex,Ped-PushObj,5.551822662353516
original,seed2,stage5,duplex,Car-MovAway,46.67029571533203
original,seed2,stage5,duplex,Car-MovTow,36.30927276611328
original,seed2,stage5,duplex,Car-Brake,40.8521614074707
original,seed2,stage5,duplex,Car-Stop,53.786163330078125
original,seed2,stage5,duplex,Car-IncatLft,9.788372039794922
original,seed2,stage5,duplex,Car-IncatRht,3.7999536991119385
original,seed2,stage5,duplex,Car-HazLit,1.573348045349121
original,seed2,stage5,duplex,Car-TurLft,7.282897472381592
original,seed2,stage5,duplex,Car-TurRht,8.171792984008789
original,seed2,stage5,duplex,Car-MovRht,1.4400511980056763
original,seed2,stage5,duplex,Car-MovLft,2.586306095123291
original,seed2,stage5,duplex,Car-XingFmLft,12.063798904418945
original,seed2,stage5,duplex,Car-XingFmRht,11.207056999206543
original,seed2,stage5,duplex,Cyc-MovAway,7.368041515350342
original,seed2,stage5,duplex,Cyc-MovTow,1.9353857040405273
original,seed2,stage5,duplex,Cyc-Stop,0.1902208924293518
original,seed2,stage5,duplex,Mobike-Stop,25.322813034057617
original,seed2,stage5,duplex,MedVeh-MovAway,18.83108901977539
original,seed2,stage5,duplex,MedVeh-MovTow,7.437564373016357
original,seed2,stage5,duplex,MedVeh-Brake,15.963399887084961
original,seed2,stage5,duplex,MedVeh-Stop,19.445898056030273
original,seed2,stage5,duplex,MedVeh-IncatLft,4.679646015167236
original,seed2,stage5,duplex,MedVeh-IncatRht,0.9472574591636658
original,seed2,stage5,duplex,MedVeh-HazLit,1.4590481519699097
original,seed2,stage5,duplex,MedVeh-TurRht,0.14691676199436188
original,seed2,stage5,duplex,MedVeh-XingFmLft,12.601524353027344
original,seed2,stage5,duplex,MedVeh-XingFmRht,8.740240097045898
original,seed2,stage5,duplex,LarVeh-MovAway,2.5543549060821533
original,seed2,stage5,duplex,LarVeh-MovTow,1.4217233657836914
original,seed2,stage5,duplex,LarVeh-Stop,19.166847229003906
original,seed2,stage5,duplex,LarVeh-HazLit,1.4696024656295776
original,seed2,stage5,duplex,Bus-MovAway,29.837093353271484
original,seed2,stage5,duplex,Bus-MovTow,24.832542419433594
original,seed2,stage5,duplex,Bus-Brake,22.430421829223633
original,seed2,stage5,duplex,Bus-Stop,19.828279495239258
original,seed2,stage5,duplex,Bus-HazLit,44.91302490234375
original,seed2,stage5,duplex,EmVeh-Stop,0.0063576120883226395
original,seed2,stage5,duplex,TL-Red,62.67717742919922
original,seed2,stage5,duplex,TL-Amber,12.345685005187988
original,seed2,stage5,duplex,TL-Green,48.685707092285156
original,seed2,stage5,triplet,Ped-MovAway-LftPav,17.400407791137695
original,seed2,stage5,triplet,Ped-MovAway-RhtPav,23.739425659179688
original,seed2,stage5,triplet,Ped-MovAway-Jun,0.4590165317058563
original,seed2,stage5,triplet,Ped-MovTow-LftPav,25.23751449584961
original,seed2,stage5,triplet,Ped-MovTow-RhtPav,28.365127563476562
original,seed2,stage5,triplet,Ped-MovTow-Jun,1.74748957157135
original,seed2,stage5,triplet,Ped-Mov-OutgoLane,6.674879550933838
original,seed2,stage5,triplet,Ped-Mov-Pav,11.517136573791504
original,seed2,stage5,triplet,Ped-Mov-RhtPav,4.084480285644531
original,seed2,stage5,triplet,Ped-Stop-OutgoLane,6.781857967376709
original,seed2,stage5,triplet,Ped-Stop-Pav,3.5763535499572754
original,seed2,stage5,triplet,Ped-Stop-LftPav,20.78440284729004
original,seed2,stage5,triplet,Ped-Stop-RhtPav,14.877982139587402
original,seed2,stage5,triplet,Ped-Stop-BusStop,4.966237545013428
original,seed2,stage5,triplet,Ped-Wait2X-RhtPav,3.28438663482666
original,seed2,stage5,triplet,Ped-Wait2X-Jun,23.787904739379883
original,seed2,stage5,triplet,Ped-XingFmLft-Jun,17.972312927246094
original,seed2,stage5,triplet,Ped-XingFmRht-Jun,23.214275360107422
original,seed2,stage5,triplet,Ped-XingFmRht-xing,11.697269439697266
original,seed2,stage5,triplet,Ped-Xing-Jun,21.57780647277832
original,seed2,stage5,triplet,Ped-PushObj-LftPav,0.030482564121484756
original,seed2,stage5,triplet,Ped-PushObj-RhtPav,2.1439573764801025
original,seed2,stage5,triplet,Car-MovAway-VehLane,23.487092971801758
original,seed2,stage5,triplet,Car-MovAway-OutgoLane,40.40620803833008
original,seed2,stage5,triplet,Car-MovAway-Jun,12.38154125213623
original,seed2,stage5,triplet,Car-MovTow-VehLane,0.09640850871801376
original,seed2,stage5,triplet,Car-MovTow-IncomLane,38.83512496948242
original,seed2,stage5,triplet,Car-MovTow-Jun,9.388917922973633
original,seed2,stage5,triplet,Car-Brake-VehLane,35.539161682128906
original,seed2,stage5,triplet,Car-Brake-OutgoLane,33.77389907836914
original,seed2,stage5,triplet,Car-Brake-Jun,19.180631637573242
original,seed2,stage5,triplet,Car-Stop-VehLane,35.04294967651367
original,seed2,stage5,triplet,Car-Stop-OutgoLane,28.340787887573242
original,seed2,stage5,triplet,Car-Stop-IncomLane,24.215435028076172
original,seed2,stage5,triplet,Car-Stop-Jun,25.53365135192871
original,seed2,stage5,triplet,Car-Stop-parking,1.8602235317230225
original,seed2,stage5,triplet,Car-IncatLft-VehLane,7.772704601287842
original,seed2,stage5,triplet,Car-IncatLft-OutgoLane,3.1180155277252197
original,seed2,stage5,triplet,Car-IncatLft-IncomLane,5.954363822937012
original,seed2,stage5,triplet,Car-IncatLft-Jun,5.187372207641602
original,seed2,stage5,triplet,Car-IncatRht-VehLane,1.4136362075805664
original,seed2,stage5,triplet,Car-IncatRht-OutgoLane,2.012449264526367
original,seed2,stage5,triplet,Car-IncatRht-IncomLane,1.9290447235107422
original,seed2,stage5,triplet,Car-IncatRht-Jun,1.5312283039093018
original,seed2,stage5,triplet,Car-HazLit-IncomLane,0.03225941210985184
original,seed2,stage5,triplet,Car-TurLft-VehLane,2.335815906524658
original,seed2,stage5,triplet,Car-TurLft-Jun,7.717700958251953
original,seed2,stage5,triplet,Car-TurRht-Jun,6.851393222808838
original,seed2,stage5,triplet,Car-MovRht-OutgoLane,0.7334483861923218
original,seed2,stage5,triplet,Car-MovLft-VehLane,0.5746338367462158
original,seed2,stage5,triplet,Car-MovLft-OutgoLane,2.2190544605255127
original,seed2,stage5,triplet,Car-XingFmLft-Jun,12.388442039489746
original,seed2,stage5,triplet,Car-XingFmRht-Jun,10.486648559570312
original,seed2,stage5,triplet,Cyc-MovAway-OutgoCycLane,0.3350316286087036
original,seed2,stage5,triplet,Cyc-MovAway-RhtPav,0.0009121905895881355
original,seed2,stage5,triplet,Cyc-MovTow-IncomLane,0.4219440519809723
original,seed2,stage5,triplet,Cyc-MovTow-RhtPav,0.0
original,seed2,stage5,triplet,MedVeh-MovAway-VehLane,22.132648468017578
original,seed2,stage5,triplet,MedVeh-MovAway-OutgoLane,13.335909843444824
original,seed2,stage5,triplet,MedVeh-MovAway-Jun,1.8860368728637695
original,seed2,stage5,triplet,MedVeh-MovTow-IncomLane,8.49887466430664
original,seed2,stage5,triplet,MedVeh-MovTow-Jun,3.6219255924224854
original,seed2,stage5,triplet,MedVeh-Brake-VehLane,11.013400077819824
original,seed2,stage5,triplet,MedVeh-Brake-OutgoLane,11.677818298339844
original,seed2,stage5,triplet,MedVeh-Brake-Jun,19.432146072387695
original,seed2,stage5,triplet,MedVeh-Stop-VehLane,24.15870475769043
original,seed2,stage5,triplet,MedVeh-Stop-OutgoLane,11.587295532226562
original,seed2,stage5,triplet,MedVeh-Stop-IncomLane,1.8651174306869507
original,seed2,stage5,triplet,MedVeh-Stop-Jun,13.339773178100586
original,seed2,stage5,triplet,MedVeh-Stop-parking,0.3279971182346344
original,seed2,stage5,triplet,MedVeh-IncatLft-IncomLane,0.422965943813324
original,seed2,stage5,triplet,MedVeh-IncatRht-Jun,0.033051569014787674
original,seed2,stage5,triplet,MedVeh-TurRht-Jun,0.13549557328224182
original,seed2,stage5,triplet,MedVeh-XingFmLft-Jun,11.725646018981934
original,seed2,stage5,triplet,MedVeh-XingFmRht-Jun,7.2474799156188965
original,seed2,stage5,triplet,LarVeh-MovAway-VehLane,0.503728449344635
original,seed2,stage5,triplet,LarVeh-MovTow-IncomLane,1.5615593194961548
original,seed2,stage5,triplet,LarVeh-Stop-VehLane,5.429807186126709
original,seed2,stage5,triplet,LarVeh-Stop-Jun,13.647172927856445
original,seed2,stage5,triplet,Bus-MovAway-OutgoLane,7.59894323348999
original,seed2,stage5,triplet,Bus-MovTow-IncomLane,27.08576774597168
original,seed2,stage5,triplet,Bus-Stop-VehLane,13.970844268798828
original,seed2,stage5,triplet,Bus-Stop-OutgoLane,6.633786678314209
original,seed2,stage5,triplet,Bus-Stop-IncomLane,1.2758831977844238
original,seed2,stage5,triplet,Bus-Stop-Jun,7.241917133331299
original,seed2,stage5,triplet,Bus-HazLit-OutgoLane,10.412373542785645
original,seed2,stage6,agentness,agentness,65.3644790649414
original,seed2,stage6,agent,Ped,65.67159271240234
original,seed2,stage6,agent,Car,62.94348907470703
original,seed2,stage6,agent,Cyc,13.659136772155762
original,seed2,stage6,agent,Mobike,41.83154296875
original,seed2,stage6,agent,SmalVeh,0.02811187319457531
original,seed2,stage6,agent,MedVeh,33.943809509277344
original,seed2,stage6,agent,LarVeh,22.92780113220215
original,seed2,stage6,agent,Bus,46.70212936401367
original,seed2,stage6,agent,EmVeh,0.005572479218244553
original,seed2,stage6,agent,TL,64.73817443847656
original,seed2,stage6,action,Red,60.163963317871094
original,seed2,stage6,action,Amber,12.265887260437012
original,seed2,stage6,action,Green,43.44673156738281
original,seed2,stage6,action,MovAway,40.478492736816406
original,seed2,stage6,action,MovTow,34.102420806884766
original,seed2,stage6,action,Mov,9.761283874511719
original,seed2,stage6,action,Rev,0.1621621996164322
original,seed2,stage6,action,Brake,43.385162353515625
original,seed2,stage6,action,Stop,54.41517639160156
original,seed2,stage6,action,IncatLft,7.055835247039795
original,seed2,stage6,action,IncatRht,2.4240174293518066
original,seed2,stage6,action,HazLit,5.213441848754883
original,seed2,stage6,action,TurLft,6.555132865905762
original,seed2,stage6,action,TurRht,5.256845951080322
original,seed2,stage6,action,MovRht,0.8857235908508301
original,seed2,stage6,action,MovLft,0.7296057939529419
original,seed2,stage6,action,Ovtak,0.0720747709274292
original,seed2,stage6,action,Wait2X,19.338825225830078
original,seed2,stage6,action,XingFmLft,13.53392219543457
original,seed2,stage6,action,XingFmRht,18.706233978271484
original,seed2,stage6,action,Xing,24.75811195373535
original,seed2,stage6,action,PushObj,3.4001858234405518
original,seed2,stage6,loc,VehLane,34.73514175415039
original,seed2,stage6,loc,OutgoLane,39.82376480102539
original,seed2,stage6,loc,OutgoCycLane,0.16974890232086182
original,seed2,stage6,loc,OutgoBusLane,2.465423107147217
original,seed2,stage6,loc,IncomLane,41.29420852661133
original,seed2,stage6,loc,IncomCycLane,3.095719814300537
original,seed2,stage6,loc,IncomBusLane,13.046022415161133
original,seed2,stage6,loc,Pav,9.474994659423828
original,seed2,stage6,loc,LftPav,34.40802764892578
original,seed2,stage6,loc,RhtPav,39.49093246459961
original,seed2,stage6,loc,Jun,34.424537658691406
original,seed2,stage6,loc,xing,12.70936107635498
original,seed2,stage6,loc,BusStop,9.157846450805664
original,seed2,stage6,loc,parking,3.140517234802246
original,seed2,stage6,loc,LftParking,40.70132064819336
original,seed2,stage6,loc,rightParking,41.10335159301758
original,seed2,stage6,duplex,Ped-MovAway,29.13744354248047
original,seed2,stage6,duplex,Ped-MovTow,34.48336410522461
original,seed2,stage6,duplex,Ped-Mov,14.418646812438965
original,seed2,stage6,duplex,Ped-Stop,30.506567001342773
original,seed2,stage6,duplex,Ped-Wait2X,26.75208282470703
original,seed2,stage6,duplex,Ped-XingFmLft,19.066925048828125
original,seed2,stage6,duplex,Ped-XingFmRht,23.482667922973633
original,seed2,stage6,duplex,Ped-Xing,27.494619369506836
original,seed2,stage6,duplex,Ped-PushObj,3.2459633350372314
original,seed2,stage6,duplex,Car-MovAway,45.470054626464844
original,seed2,stage6,duplex,Car-MovTow,35.18824768066406
original,seed2,stage6,duplex,Car-Brake,38.514801025390625
original,seed2,stage6,duplex,Car-Stop,53.31105041503906
original,seed2,stage6,duplex,Car-IncatLft,8.973917007446289
original,seed2,stage6,duplex,Car-IncatRht,2.8995120525360107
original,seed2,stage6,duplex,Car-HazLit,0.9831723570823669
original,seed2,stage6,duplex,Car-TurLft,6.327478408813477
original,seed2,stage6,duplex,Car-TurRht,6.946192741394043
original,seed2,stage6,duplex,Car-MovRht,1.0102999210357666
original,seed2,stage6,duplex,Car-MovLft,2.220574378967285
original,seed2,stage6,duplex,Car-XingFmLft,11.6898775100708
original,seed2,stage6,duplex,Car-XingFmRht,12.043854713439941
original,seed2,stage6,duplex,Cyc-MovAway,8.460319519042969
original,seed2,stage6,duplex,Cyc-MovTow,1.0693111419677734
original,seed2,stage6,duplex,Cyc-Stop,0.1368510127067566
original,seed2,stage6,duplex,Mobike-Stop,24.330127716064453
original,seed2,stage6,duplex,MedVeh-MovAway,17.4375
original,seed2,stage6,duplex,MedVeh-MovTow,7.886282920837402
original,seed2,stage6,duplex,MedVeh-Brake,13.802142143249512
original,seed2,stage6,duplex,MedVeh-Stop,18.384178161621094
original,seed2,stage6,duplex,MedVeh-IncatLft,2.399326801300049
original,seed2,stage6,duplex,MedVeh-IncatRht,1.2150884866714478
original,seed2,stage6,duplex,MedVeh-HazLit,1.7851250171661377
original,seed2,stage6,duplex,MedVeh-TurRht,0.44619885087013245
original,seed2,stage6,duplex,MedVeh-XingFmLft,9.51025104522705
original,seed2,stage6,duplex,MedVeh-XingFmRht,9.11158275604248
original,seed2,stage6,duplex,LarVeh-MovAway,2.7817182540893555
original,seed2,stage6,duplex,LarVeh-MovTow,1.171718716621399
original,seed2,stage6,duplex,LarVeh-Stop,21.425188064575195
original,seed2,stage6,duplex,LarVeh-HazLit,13.814460754394531
original,seed2,stage6,duplex,Bus-MovAway,31.621997833251953
original,seed2,stage6,duplex,Bus-MovTow,33.0659065246582
original,seed2,stage6,duplex,Bus-Brake,31.958303451538086
original,seed2,stage6,duplex,Bus-Stop,15.267419815063477
original,seed2,stage6,duplex,Bus-HazLit,34.403114318847656
original,seed2,stage6,duplex,EmVeh-Stop,0.009284289553761482
original,seed2,stage6,duplex,TL-Red,62.615074157714844
original,seed2,stage6,duplex,TL-Amber,23.691970825195312
original,seed2,stage6,duplex,TL-Green,48.07572555541992
original,seed2,stage6,triplet,Ped-MovAway-LftPav,17.70681381225586
original,seed2,stage6,triplet,Ped-MovAway-RhtPav,24.748720169067383
original,seed2,stage6,triplet,Ped-MovAway-Jun,0.4108779728412628
original,seed2,stage6,triplet,Ped-MovTow-LftPav,22.576465606689453
original,seed2,stage6,triplet,Ped-MovTow-RhtPav,27.889326095581055
original,seed2,stage6,triplet,Ped-MovTow-Jun,2.7598249912261963
original,seed2,stage6,triplet,Ped-Mov-OutgoLane,3.0815882682800293
original,seed2,stage6,triplet,Ped-Mov-Pav,10.604247093200684
original,seed2,stage6,triplet,Ped-Mov-RhtPav,4.813566207885742
original,seed2,stage6,triplet,Ped-Stop-OutgoLane,6.434534549713135
original,seed2,stage6,triplet,Ped-Stop-Pav,4.195483684539795
original,seed2,stage6,triplet,Ped-Stop-LftPav,21.92707633972168
original,seed2,stage6,triplet,Ped-Stop-RhtPav,14.942370414733887
original,seed2,stage6,triplet,Ped-Stop-BusStop,2.6480116844177246
original,seed2,stage6,triplet,Ped-Wait2X-RhtPav,6.194163799285889
original,seed2,stage6,triplet,Ped-Wait2X-Jun,20.592121124267578
original,seed2,stage6,triplet,Ped-XingFmLft-Jun,18.73635482788086
original,seed2,stage6,triplet,Ped-XingFmRht-Jun,22.140186309814453
original,seed2,stage6,triplet,Ped-XingFmRht-xing,2.703200578689575
original,seed2,stage6,triplet,Ped-Xing-Jun,21.857112884521484
original,seed2,stage6,triplet,Ped-PushObj-LftPav,0.024305123835802078
original,seed2,stage6,triplet,Ped-PushObj-RhtPav,0.9129889011383057
original,seed2,stage6,triplet,Car-MovAway-VehLane,22.594341278076172
original,seed2,stage6,triplet,Car-MovAway-OutgoLane,39.6390266418457
original,seed2,stage6,triplet,Car-MovAway-Jun,11.30550479888916
original,seed2,stage6,triplet,Car-MovTow-VehLane,0.1013597920536995
original,seed2,stage6,triplet,Car-MovTow-IncomLane,37.22593688964844
original,seed2,stage6,triplet,Car-MovTow-Jun,8.378722190856934
original,seed2,stage6,triplet,Car-Brake-VehLane,35.55900955200195
original,seed2,stage6,triplet,Car-Brake-OutgoLane,30.924020767211914
original,seed2,stage6,triplet,Car-Brake-Jun,19.908306121826172
original,seed2,stage6,triplet,Car-Stop-VehLane,36.12739181518555
original,seed2,stage6,triplet,Car-Stop-OutgoLane,24.9679012298584
original,seed2,stage6,triplet,Car-Stop-IncomLane,22.244619369506836
original,seed2,stage6,triplet,Car-Stop-Jun,23.243061065673828
original,seed2,stage6,triplet,Car-Stop-parking,1.9196258783340454
original,seed2,stage6,triplet,Car-IncatLft-VehLane,17.556997299194336
original,seed2,stage6,triplet,Car-IncatLft-OutgoLane,2.7270233631134033
original,seed2,stage6,triplet,Car-IncatLft-IncomLane,4.29448938369751
original,seed2,stage6,triplet,Car-IncatLft-Jun,4.406094074249268
original,seed2,stage6,triplet,Car-IncatRht-VehLane,1.4698741436004639
original,seed2,stage6,triplet,Car-IncatRht-OutgoLane,1.7911738157272339
original,seed2,stage6,triplet,Car-IncatRht-IncomLane,1.4021281003952026
original,seed2,stage6,triplet,Car-IncatRht-Jun,1.401551604270935
original,seed2,stage6,triplet,Car-HazLit-IncomLane,0.03547289967536926
original,seed2,stage6,triplet,Car-TurLft-VehLane,0.6181280016899109
original,seed2,stage6,triplet,Car-TurLft-Jun,6.386468887329102
original,seed2,stage6,triplet,Car-TurRht-Jun,5.973038196563721
original,seed2,stage6,triplet,Car-MovRht-OutgoLane,0.7868291735649109
original,seed2,stage6,triplet,Car-MovLft-VehLane,2.10610294342041
original,seed2,stage6,triplet,Car-MovLft-OutgoLane,2.3070731163024902
original,seed2,stage6,triplet,Car-XingFmLft-Jun,11.878122329711914
original,seed2,stage6,triplet,Car-XingFmRht-Jun,11.785019874572754
original,seed2,stage6,triplet,Cyc-MovAway-OutgoCycLane,0.49698135256767273
original,seed2,stage6,triplet,Cyc-MovAway-RhtPav,0.0016564576653763652
original,seed2,stage6,triplet,Cyc-MovTow-IncomLane,0.9181455969810486
original,seed2,stage6,triplet,Cyc-MovTow-RhtPav,0.0
original,seed2,stage6,triplet,MedVeh-MovAway-VehLane,12.312809944152832
original,seed2,stage6,triplet,MedVeh-MovAway-OutgoLane,12.230884552001953
original,seed2,stage6,triplet,MedVeh-MovAway-Jun,15.119658470153809
original,seed2,stage6,triplet,MedVeh-MovTow-IncomLane,9.560458183288574
original,seed2,stage6,triplet,MedVeh-MovTow-Jun,3.535966396331787
original,seed2,stage6,triplet,MedVeh-Brake-VehLane,13.056175231933594
original,seed2,stage6,triplet,MedVeh-Brake-OutgoLane,8.996956825256348
original,seed2,stage6,triplet,MedVeh-Brake-Jun,11.975263595581055
original,seed2,stage6,triplet,MedVeh-Stop-VehLane,4.582952976226807
original,seed2,stage6,triplet,MedVeh-Stop-OutgoLane,10.318034172058105
original,seed2,stage6,triplet,MedVeh-Stop-IncomLane,2.102778911590576
original,seed2,stage6,triplet,MedVeh-Stop-Jun,10.721728324890137
original,seed2,stage6,triplet,MedVeh-Stop-parking,0.16954238712787628
original,seed2,stage6,triplet,MedVeh-IncatLft-IncomLane,0.27361586689949036
original,seed2,stage6,triplet,MedVeh-IncatRht-Jun,0.022698774933815002
original,seed2,stage6,triplet,MedVeh-TurRht-Jun,0.39071938395500183
original,seed2,stage6,triplet,MedVeh-XingFmLft-Jun,8.874485969543457
original,seed2,stage6,triplet,MedVeh-XingFmRht-Jun,8.4823579788208
original,seed2,stage6,triplet,LarVeh-MovAway-VehLane,0.918983519077301
original,seed2,stage6,triplet,LarVeh-MovTow-IncomLane,4.612903594970703
original,seed2,stage6,triplet,LarVeh-Stop-VehLane,5.388123035430908
original,seed2,stage6,triplet,LarVeh-Stop-Jun,15.874333381652832
original,seed2,stage6,triplet,Bus-MovAway-OutgoLane,15.273030281066895
original,seed2,stage6,triplet,Bus-MovTow-IncomLane,28.648929595947266
original,seed2,stage6,triplet,Bus-Stop-VehLane,17.11273765563965
original,seed2,stage6,triplet,Bus-Stop-OutgoLane,2.761373519897461
original,seed2,stage6,triplet,Bus-Stop-IncomLane,0.3356112241744995
original,seed2,stage6,triplet,Bus-Stop-Jun,7.186784267425537
original,seed2,stage6,triplet,Bus-HazLit-OutgoLane,13.47913932800293
